##,,,,,,,,,0普攻；1技能；2被动技能；3登场技能,"0远程，1近战,2中程",,,,">0有效,相同ID为同一组可升级技能，建议使用1级技能ID为组ID",,,,关系到出手特效和命中特效,,,,,,,,,
技能ID,技能品质,开启品质,开启等阶,技能名,技能名一,技能名二,技能简述,技能描述,技能类型,是否近战技能,备注,多段攻击,连击技能,技能系列,技能等级,技能最高等级,图标资源ID,技能特效,特殊条件,技能效果1,技能效果2,技能效果3,技能效果4,怒气条件,消耗怒气,可被反击,小技能概率
int,int,int,int,utf8string,string,string,utf8string,utf8string,int,int,string,int,int,int,int,int,int,int,string,int,int,int,int,int,int,int,int
1,2,,,长刀攻击,,,,,0,1,,,,,1,1,0,1,,1,,,,,,1,
2,2,,,刀剑攻击,,,,,0,1,,,,,1,1,1,2,,1,,,,,,1,
3,2,,,匕首攻击,,,,,0,1,,,,,1,1,1,3,,1,,,,,,1,
4,2,,,弓攻击,,,,,0,0,,,,,1,1,1,4,,1,,,,,,,
5,2,,,上官婉儿普攻,,,,,0,0,,,,,1,1,1,5,,1,,,,,,,
6,2,,,霸气无双,,jinengwenzi_006.png,对单体目标造成大量伤害，提升自己的攻击与暴击三回合。击杀目标后会继续攻击下一个目标,,1,1,,,,,1,1,1001,6,,2,,,,100,100,1,
7,2,,,天神下凡,,jinengwenzi_007.png,对竖排目标造成伤害，并进入特殊状态，在此状态下普通攻击变为攻击竖排，持续三回合,,1,1,,,,,1,1,1002,7,,3,,,,100,100,,
8,2,,,孙子兵法,,jinengwenzi_008.png,攻击敌方全体目标，有一定机率使目标混乱,,1,0,,,,,1,1,1003,8,,4,,,,100,100,,
9,2,,,固若金汤,,jinengwenzi_009.png,对敌方目标造成大量伤害，同时提升自身攻击与抵挡，持续三回合,,1,1,,,,,1,1,1004,9,,5,,,,100,100,,
10,2,,,青龙附体,,jinengwenzi_010.png,对敌方横排目标造成大量伤害，同时附加一个特殊状态，在此状态下普通攻击变为攻击横排,,1,1,,,,,1,1,1005,10,,6,,,,100,100,,
11,2,,,飞龙在天,,jinengwenzi_011.png,对敌方单体目标造成大量伤害，本次攻击必定暴击，同时提升自身攻击、暴击，持续三回合,,1,1,,,,,1,1,1006,11,,7,,,,100,100,1,
12,2,,,灭世杀神,,jinengwenzi_012.png,连续攻击三次，攻击带有吸血效果，同时提升自身攻击，持续三回合,,1,1,,1,,,1,1,1007,12,,8,,,,100,100,,
13,2,,,巾帼英雄,,jinengwenzi_013.png,攻击敌方单体目标，并使其眩晕一回合,,1,1,,,,,1,1,1008,13,,9,,,,100,100,1,
14,2,,,流星火雨,,jinengwenzi_014.png,召唤一个巨大的陨石攻击全体敌方，一定机率使目标眩晕,,1,0,,,,,1,1,1009,14,,10,,,,100,100,,
15,2,,,天雷震摄,,jinengwenzi_015.png,对敌方及其竖排单位造成伤害，一定机率使目标眩晕并降低怒气,,1,0,,,,,1,1,1010,15,,11,,,,100,100,,
16,2,,,改天换地,,jinengwenzi_016.png,对敌方及其横排单位造成伤害，并随机清除一个增益效果,,1,0,,,,,1,1,1011,16,,12,,,,100,100,,
17,2,,,绝胜千里,,jinengwenzi_017.png,向敌方发射一个法术球并造成伤害，法术球会随机弹射三次,,1,0,,1,,,1,1,1012,17,,13,,,,100,100,,
18,2,,,明察秋毫,,jinengwenzi_018.png,随机攻击两个目标，若对方血量低于30%则造成双倍伤害,,1,0,,1,,,1,1,1013,18,,14,14,,,100,100,,
19,2,,,风华绝代,,jinengwenzi_019.png,攻击敌方后排全体目标，造成大量伤害,,1,0,,,,,1,1,1014,19,,15,,,,100,100,,
20,2,,,暴起刺杀,,jinengwenzi_020.png,攻击敌方单体目标，造成三次伤害,,1,1,,1,,,1,1,1015,20,,16,,,,100,100,,
21,2,,,沉鱼落雁,,jinengwenzi_021.png,攻击敌方后排单体目标，造成大量伤害,,1,0,,,,,1,1,1016,21,,17,,,,100,100,,
22,2,,,红颜祸水,,jinengwenzi_022.png,攻击敌方单体目标，并有一定机率使对方混乱,,1,0,,,,,1,1,1017,22,,18,,,,100,100,1,
23,2,,,雍容华贵,,jinengwenzi_023.png,攻击敌方后排单体目标，一定机率将其怒气降为0并眩晕一回合,,1,0,,,,,1,1,1018,23,,19,,,,100,100,,
24,2,,,倾国倾城,,jinengwenzi_024.png,攻击敌方单体目标，并根据对方生命上限附加额外伤害,,1,1,,,,,1,1,1019,24,,20,,,,100,100,1,
25,2,,,采阴补阳,,jinengwenzi_025.png,攻击敌方单体目标，若对方是女性角色，则伤害加倍,,1,0,,,,,1,1,1020,25,,21,21,,,100,100,1,
26,2,,,太极剑法,,jinengwenzi_026.png,攻击敌方单体目标，同时大量提升自身闪躲，持续二回合,,1,0,,,,,1,1,1021,26,,22,,,,100,100,,
27,2,,,纯阳剑法,,jinengwenzi_027.png,攻击敌方单体目标，造成三次伤害,,1,1,,1,,,1,1,1022,27,,23,,,,100,100,,
28,2,,,诗仙醉酒,,jinengwenzi_028.png,攻击敌方单体目标，一定机率减少目标当前生命50%,,1,1,,,,,1,1,1023,28,,24,,,,100,100,1,
29,2,,,画地为牢,,jinengwenzi_029.png,攻击单个目标，吸取其怒气转化为自身怒气，同时提升自己的攻击五回合，多次攻击状态可叠加,,1,0,,,,,1,1,1024,29,,25,,,,100,100,,
30,2,,,豪气干云,,jinengwenzi_030.png,对敌方及其横排目标造成伤害，一定机率使其眩晕,,1,0,,,,,1,1,1025,30,,26,,,,100,100,,
31,2,,,万剑归宗,,jinengwenzi_031.png,攻击敌方群体目标，造成较高伤害。施放技能时不会消耗全部怒气,,1,0,,,,,1,1,1026,31,,27,,,,100,75,,
32,2,,,奉天承运,,jinengwenzi_032.png,攻击敌方单体目标，同时提升自己的抵档，持续二回合,,1,0,,,,,1,1,1027,32,,28,,,,100,100,,
33,2,,,威震四海,,jinengwenzi_033.png,攻击敌方单体目标，一定机率使其受到的伤害放大，持续二回合,,1,0,,,,,1,1,1028,33,,29,,,,100,100,,
34,2,,,君要臣死,,jinengwenzi_034.png,攻击敌方单体目标，若对方血量低于30%，则一定机率让其直接死亡,,1,0,,,,,1,1,1029,34,,30,,,,100,100,,
35,2,,,乱世枭雄,,jinengwenzi_035.png,攻击敌方单体目标，同时提升自己的闪躲，持续二回合,,1,0,,,,,1,1,1030,35,,31,,,,100,100,,
36,2,,,海纳百川,,jinengwenzi_036.png,攻击敌方单体目标，并使自己在一回合内免疫所有伤害,,1,0,,,,,1,1,1031,36,,32,,,,100,100,,
37,2,,,母仪天下,,jinengwenzi_037.png,回复全体友方单位怒气值与生命值，回复生命值的多少与自身攻击有关,,1,0,,,,,1,1,1032,37,,33,,,,100,100,,
38,2,,,千古一帝,,jinengwenzi_038.png,攻击敌方单体目标，同时为自己附加反弹状态，在此状态下，受到的攻击会按百分比反弹给对方,,1,0,,,,,1,1,1033,38,,34,,,,100,100,,
39,2,,20,仙・霸气无双,jinengwenzi_003.png,jinengwenzi_006.png,大大提升霸气无双的技能效果,大大提升霸气无双的技能效果,1,1,,,,,1,1,1,6,,35,,,,100,100,1,
40,2,,20,仙・天神下凡,jinengwenzi_003.png,jinengwenzi_007.png,大大提升天神下凡的技能效果,大大提升天神下凡的技能效果,1,1,,,,,1,1,1,7,,36,,,,100,100,,
41,2,,20,仙・孙子兵法,jinengwenzi_003.png,jinengwenzi_008.png,大大提升孙子兵法的技能效果,大大提升孙子兵法的技能效果,1,0,,,,,1,1,1,8,,37,,,,100,100,,
42,2,,20,仙・固若金汤,jinengwenzi_003.png,jinengwenzi_009.png,大大提升固若金汤的技能效果,大大提升固若金汤的技能效果,1,1,,,,,1,1,1,9,,38,,,,100,100,,
43,2,,20,仙・青龙附体,jinengwenzi_003.png,jinengwenzi_010.png,大大提升青龙附体的技能效果,大大提升青龙附体的技能效果,1,1,,,,,1,1,1,10,,39,,,,100,100,,
44,2,,20,仙・飞龙在天,jinengwenzi_003.png,jinengwenzi_011.png,大大提升飞龙在天的技能效果,大大提升飞龙在天的技能效果,1,1,,,,,1,1,1,11,,40,,,,100,100,1,
45,2,,20,仙・灭世杀神,jinengwenzi_003.png,jinengwenzi_012.png,大大提升灭世杀神的技能效果,大大提升灭世杀神的技能效果,1,1,,1,,,1,1,1,12,,41,,,,100,100,,
46,2,,20,仙・巾帼英雄,jinengwenzi_003.png,jinengwenzi_013.png,大大提升巾帼英雄的技能效果,大大提升巾帼英雄的技能效果,1,1,,,,,1,1,1,13,,42,,,,100,100,1,
47,2,,20,仙・流星火雨,jinengwenzi_003.png,jinengwenzi_014.png,大大提升流星火雨的技能效果,大大提升流星火雨的技能效果,1,0,,,,,1,1,1,14,,43,,,,100,100,,
48,2,,20,仙・天雷震摄,jinengwenzi_003.png,jinengwenzi_015.png,大大提升天雷震摄的技能效果,大大提升天雷震摄的技能效果,1,0,,,,,1,1,1,15,,44,,,,100,100,,
49,2,,20,仙・改天换地,jinengwenzi_003.png,jinengwenzi_016.png,大大提升改天换地的技能效果,大大提升改天换地的技能效果,1,0,,,,,1,1,1,16,,45,,,,100,100,,
50,2,,20,仙・绝胜千里,jinengwenzi_003.png,jinengwenzi_017.png,大大提升绝胜千里的技能效果,大大提升绝胜千里的技能效果,1,0,,1,,,1,1,1,17,,46,,,,100,100,,
51,2,,20,仙・明察秋毫,jinengwenzi_003.png,jinengwenzi_018.png,大大提升明察秋毫的技能效果,大大提升明察秋毫的技能效果,1,0,,1,,,1,1,1,18,,47,47,,,100,100,,
52,2,,20,仙・风华绝代,jinengwenzi_003.png,jinengwenzi_019.png,大大提升风华绝代的技能效果,大大提升风华绝代的技能效果,1,0,,,,,1,1,1,19,,48,,,,100,100,,
53,2,,20,仙・暴起刺杀,jinengwenzi_003.png,jinengwenzi_020.png,大大提升暴起刺杀的技能效果,大大提升暴起刺杀的技能效果,1,1,,1,,,1,1,1,20,,49,,,,100,100,,
54,2,,20,仙・沉鱼落雁,jinengwenzi_003.png,jinengwenzi_021.png,大大提升沉鱼落雁的技能效果,大大提升沉鱼落雁的技能效果,1,0,,,,,1,1,1,21,,50,,,,100,100,,
55,2,,20,仙・红颜祸水,jinengwenzi_003.png,jinengwenzi_022.png,大大提升红颜祸水的技能效果,大大提升红颜祸水的技能效果,1,0,,,,,1,1,1,22,,51,,,,100,100,1,
56,2,,20,仙・雍容华贵,jinengwenzi_003.png,jinengwenzi_023.png,大大提升雍容华贵的技能效果,大大提升雍容华贵的技能效果,1,0,,,,,1,1,1,23,,52,,,,100,100,,
57,2,,20,仙・倾国倾城,jinengwenzi_003.png,jinengwenzi_024.png,大大提升倾国倾城的技能效果,大大提升倾国倾城的技能效果,1,1,,,,,1,1,1,24,,53,,,,100,100,1,
58,2,,20,仙・采阴补阳,jinengwenzi_003.png,jinengwenzi_025.png,大大提升采阴补阳的技能效果,大大提升采阴补阳的技能效果,1,1,,,,,1,1,1,25,,54,,,,100,100,1,
59,2,,20,仙・太极剑法,jinengwenzi_003.png,jinengwenzi_026.png,大大提升太极剑法的技能效果,大大提升太极剑法的技能效果,1,0,,,,,1,1,1,26,,55,,,,100,100,,
60,2,,20,仙・纯阳剑法,jinengwenzi_003.png,jinengwenzi_027.png,大大提升纯阳剑法的技能效果,大大提升纯阳剑法的技能效果,1,1,,1,,,1,1,1,27,,56,,,,100,100,,
61,2,,20,仙・诗仙醉酒,jinengwenzi_003.png,jinengwenzi_028.png,大大提升诗仙醉酒的技能效果,大大提升诗仙醉酒的技能效果,1,1,,,,,1,1,1,28,,57,,,,100,100,1,
62,2,,20,仙・画地为牢,jinengwenzi_003.png,jinengwenzi_029.png,大大提升画地为牢的技能效果,大大提升画地为牢的技能效果,1,0,,,,,1,1,1,29,,58,,,,100,100,,
63,2,,20,仙・豪气干云,jinengwenzi_003.png,jinengwenzi_030.png,大大提升豪气干云的技能效果,大大提升豪气干云的技能效果,1,1,,,,,1,1,1,30,,59,,,,100,100,,
64,2,,20,仙・万剑归宗,jinengwenzi_003.png,jinengwenzi_031.png,大大提升七星剑阵的技能效果,大大提升万剑归宗的技能效果,1,0,,,,,1,1,1,31,,60,,,,100,75,,
65,2,,20,仙・奉天承运,jinengwenzi_003.png,jinengwenzi_032.png,大大提升奉天承运的技能效果,大大提升奉天承运的技能效果,1,0,,,,,1,1,1,32,,61,,,,100,100,,
66,2,,20,仙・威震四海,jinengwenzi_003.png,jinengwenzi_033.png,大大提升威震四海的技能效果,大大提升威震四海的技能效果,1,0,,,,,1,1,1,33,,62,,,,100,100,,
67,2,,20,仙・君要臣死,jinengwenzi_003.png,jinengwenzi_034.png,大大提升君要臣死的技能效果,大大提升君要臣死的技能效果,1,0,,,,,1,1,1,34,,63,,,,100,100,,
68,2,,20,仙・乱世枭雄,jinengwenzi_003.png,jinengwenzi_035.png,大大提升乱世奸雄的技能效果,大大提升乱世枭雄的技能效果,1,0,,,,,1,1,1,35,,64,,,,100,100,,
69,2,,20,仙・海纳百川,jinengwenzi_003.png,jinengwenzi_036.png,大大提升海纳百川的技能效果,大大提升海纳百川的技能效果,1,0,,,,,1,1,1,36,,65,,,,100,100,,
70,2,,20,仙・母仪天下,jinengwenzi_003.png,jinengwenzi_037.png,大大提升母仪天下的技能效果,大大提升母仪天下的技能效果,1,0,,,,,1,1,1,37,,66,,,,100,100,,
71,2,,20,仙・千古一帝,jinengwenzi_003.png,jinengwenzi_038.png,大大提升千古一帝的技能效果,大大提升千古一帝的技能效果,1,0,,,,,1,1,1,38,,67,,,,100,100,,
72,2,,30,神・霸气无双,jinengwenzi_004.png,jinengwenzi_006.png,大大提升霸气无双的技能效果并降低施放绝技时的怒气消耗,大大提升霸气无双的技能效果并降低施放绝技时的怒气消耗,1,1,,,,,1,1,1,6,,35,,,,100,75,1,
73,2,,30,神・天神下凡,jinengwenzi_004.png,jinengwenzi_007.png,大大提升天神下凡的技能效果并降低施放绝技时的怒气消耗,大大提升天神下凡的技能效果并降低施放绝技时的怒气消耗,1,1,,,,,1,1,1,7,,36,,,,100,75,,
74,2,,30,神・孙子兵法,jinengwenzi_004.png,jinengwenzi_008.png,大大提升孙子兵法的技能效果并降低施放绝技时的怒气消耗,大大提升孙子兵法的技能效果并降低施放绝技时的怒气消耗,1,0,,,,,1,1,1,8,,37,,,,100,75,,
75,2,,30,神・固若金汤,jinengwenzi_004.png,jinengwenzi_009.png,大大提升固若金汤的技能效果并降低施放绝技时的怒气消耗,大大提升固若金汤的技能效果并降低施放绝技时的怒气消耗,1,1,,,,,1,1,1,9,,38,,,,100,75,,
76,2,,30,神・青龙附体,jinengwenzi_004.png,jinengwenzi_010.png,大大提升青龙附体的技能效果并降低施放绝技时的怒气消耗,大大提升青龙附体的技能效果并降低施放绝技时的怒气消耗,1,1,,,,,1,1,1,10,,39,,,,100,75,,
77,2,,30,神・飞龙在天,jinengwenzi_004.png,jinengwenzi_011.png,大大提升飞龙在天的技能效果并降低施放绝技时的怒气消耗,大大提升飞龙在天的技能效果并降低施放绝技时的怒气消耗,1,1,,,,,1,1,1,11,,40,,,,100,75,1,
78,2,,30,神・灭世杀神,jinengwenzi_004.png,jinengwenzi_012.png,大大提升灭世杀神的技能效果并降低施放绝技时的怒气消耗,大大提升灭世杀神的技能效果并降低施放绝技时的怒气消耗,1,1,,1,,,1,1,1,12,,41,,,,100,75,,
79,2,,30,神・巾帼英雄,jinengwenzi_004.png,jinengwenzi_013.png,大大提升巾帼英雄的技能效果并降低施放绝技时的怒气消耗,大大提升巾帼英雄的技能效果并降低施放绝技时的怒气消耗,1,1,,,,,1,1,1,13,,42,,,,100,75,1,
80,2,,30,神・流星火雨,jinengwenzi_004.png,jinengwenzi_014.png,大大提升流星火雨的技能效果并降低施放绝技时的怒气消耗,大大提升流星火雨的技能效果并降低施放绝技时的怒气消耗,1,0,,,,,1,1,1,14,,43,,,,100,75,,
81,2,,30,神・天雷震摄,jinengwenzi_004.png,jinengwenzi_015.png,大大提升天雷震摄的技能效果并降低施放绝技时的怒气消耗,大大提升天雷震摄的技能效果并降低施放绝技时的怒气消耗,1,0,,,,,1,1,1,15,,44,,,,100,75,,
82,2,,30,神・改天换地,jinengwenzi_004.png,jinengwenzi_016.png,大大提升改天换地的技能效果并降低施放绝技时的怒气消耗,大大提升改天换地的技能效果并降低施放绝技时的怒气消耗,1,0,,,,,1,1,1,16,,45,,,,100,75,,
83,2,,30,神・绝胜千里,jinengwenzi_004.png,jinengwenzi_017.png,大大提升绝胜千里的技能效果并降低施放绝技时的怒气消耗,大大提升绝胜千里的技能效果并降低施放绝技时的怒气消耗,1,0,,1,,,1,1,1,17,,46,,,,100,75,,
84,2,,30,神・明察秋毫,jinengwenzi_004.png,jinengwenzi_018.png,大大提升明察秋毫的技能效果并降低施放绝技时的怒气消耗,大大提升明察秋毫的技能效果并降低施放绝技时的怒气消耗,1,0,,1,,,1,1,1,18,,47,47,,,100,75,,
85,2,,30,神・风华绝代,jinengwenzi_004.png,jinengwenzi_019.png,大大提升风华绝代的技能效果并降低施放绝技时的怒气消耗,大大提升风华绝代的技能效果并降低施放绝技时的怒气消耗,1,0,,,,,1,1,1,19,,48,,,,100,75,,
86,2,,30,神・暴起刺杀,jinengwenzi_004.png,jinengwenzi_020.png,大大提升暴起刺杀的技能效果并降低施放绝技时的怒气消耗,大大提升暴起刺杀的技能效果并降低施放绝技时的怒气消耗,1,1,,1,,,1,1,1,20,,49,,,,100,75,,
87,2,,30,神・沉鱼落雁,jinengwenzi_004.png,jinengwenzi_021.png,大大提升沉鱼落雁的技能效果并降低施放绝技时的怒气消耗,大大提升沉鱼落雁的技能效果并降低施放绝技时的怒气消耗,1,0,,,,,1,1,1,21,,50,,,,100,75,,
88,2,,30,神・红颜祸水,jinengwenzi_004.png,jinengwenzi_022.png,大大提升红颜祸水的技能效果并降低施放绝技时的怒气消耗,大大提升红颜祸水的技能效果并降低施放绝技时的怒气消耗,1,0,,,,,1,1,1,22,,51,,,,100,75,1,
89,2,,30,神・雍容华贵,jinengwenzi_004.png,jinengwenzi_023.png,大大提升雍容华贵的技能效果并降低施放绝技时的怒气消耗,大大提升雍容华贵的技能效果并降低施放绝技时的怒气消耗,1,0,,,,,1,1,1,23,,52,,,,100,75,,
90,2,,30,神・倾国倾城,jinengwenzi_004.png,jinengwenzi_024.png,大大提升倾国倾城的技能效果并降低施放绝技时的怒气消耗,大大提升倾国倾城的技能效果并降低施放绝技时的怒气消耗,1,1,,,,,1,1,1,24,,53,,,,100,75,1,
91,2,,30,神・采阴补阳,jinengwenzi_004.png,jinengwenzi_025.png,大大提升采阴补阳的技能效果并降低施放绝技时的怒气消耗,大大提升采阴补阳的技能效果并降低施放绝技时的怒气消耗,1,1,,,,,1,1,1,25,,54,,,,100,75,1,
92,2,,30,神・太极剑法,jinengwenzi_004.png,jinengwenzi_026.png,大大提升太极剑法的技能效果并降低施放绝技时的怒气消耗,大大提升太极剑法的技能效果并降低施放绝技时的怒气消耗,1,0,,,,,1,1,1,26,,55,,,,100,75,,
93,2,,30,神・纯阳剑法,jinengwenzi_004.png,jinengwenzi_027.png,大大提升纯阳剑法的技能效果并降低施放绝技时的怒气消耗,大大提升纯阳剑法的技能效果并降低施放绝技时的怒气消耗,1,1,,1,,,1,1,1,27,,56,,,,100,75,,
94,2,,30,神・诗仙醉酒,jinengwenzi_004.png,jinengwenzi_028.png,大大提升诗仙醉酒的技能效果并降低施放绝技时的怒气消耗,大大提升诗仙醉酒的技能效果并降低施放绝技时的怒气消耗,1,1,,,,,1,1,1,28,,57,,,,100,75,1,
95,2,,30,神・画地为牢,jinengwenzi_004.png,jinengwenzi_029.png,大大提升画地为牢的技能效果并降低施放绝技时的怒气消耗,大大提升画地为牢的技能效果并降低施放绝技时的怒气消耗,1,0,,,,,1,1,1,29,,58,,,,100,75,,
96,2,,30,神・豪气干云,jinengwenzi_004.png,jinengwenzi_030.png,大大提升豪气干云的技能效果并降低施放绝技时的怒气消耗,大大提升豪气干云的技能效果并降低施放绝技时的怒气消耗,1,1,,,,,1,1,1,30,,59,,,,100,75,,
97,2,,30,神・万剑归宗,jinengwenzi_004.png,jinengwenzi_031.png,大大提升万剑归宗的技能效果并降低施放绝技时的怒气消耗,大大提升万剑归宗的技能效果并降低施放绝技时的怒气消耗,1,0,,,,,1,1,1,31,,60,,,,100,50,,
98,2,,30,神・奉天承运,jinengwenzi_004.png,jinengwenzi_032.png,大大提升奉天承运的技能效果并降低施放绝技时的怒气消耗,大大提升奉天承运的技能效果并降低施放绝技时的怒气消耗,1,0,,,,,1,1,1,32,,61,,,,100,75,,
99,2,,30,神・威震四海,jinengwenzi_004.png,jinengwenzi_033.png,大大提升威震四海的技能效果并降低施放绝技时的怒气消耗,大大提升威震四海的技能效果并降低施放绝技时的怒气消耗,1,0,,,,,1,1,1,33,,62,,,,100,75,,
100,2,,30,神・君要臣死,jinengwenzi_004.png,jinengwenzi_034.png,大大提升君要臣死的技能效果并降低施放绝技时的怒气消耗,大大提升君要臣死的技能效果并降低施放绝技时的怒气消耗,1,0,,,,,1,1,1,34,,63,,,,100,75,,
101,2,,30,神・乱世枭雄,jinengwenzi_004.png,jinengwenzi_035.png,大大提升乱世枭雄的技能效果并降低施放绝技时的怒气消耗,大大提升乱世枭雄的技能效果并降低施放绝技时的怒气消耗,1,0,,,,,1,1,1,35,,64,,,,100,75,,
102,2,,30,神・海纳百川,jinengwenzi_004.png,jinengwenzi_036.png,大大提升海纳百川的技能效果并降低施放绝技时的怒气消耗,大大提升海纳百川的技能效果并降低施放绝技时的怒气消耗,1,0,,,,,1,1,1,36,,65,,,,100,75,,
103,2,,30,神・母仪天下,jinengwenzi_004.png,jinengwenzi_037.png,大大提升母仪天下的技能效果并降低施放绝技时的怒气消耗,大大提升母仪天下的技能效果并降低施放绝技时的怒气消耗,1,0,,,,,1,1,1,37,,66,,,,100,75,,
104,2,,30,神・千古一帝,jinengwenzi_004.png,jinengwenzi_038.png,大大提升千古一帝的技能效果并降低施放绝技时的怒气消耗,大大提升千古一帝的技能效果并降低施放绝技时的怒气消耗,1,0,,,,,1,1,1,38,,67,,,,100,75,,
105,2,,,甄寰普攻,,,,,0,0,,,,,1,1,1,41,,1,,,,,,,
106,2,,,西施普攻,,,,,0,1,,,,,1,1,1,42,,1,,,,,,,
107,2,,,张三丰普攻,,,,,0,1,,,,,1,1,1,43,,1,,,,,,,
108,2,,,狄仁杰普攻,,,,,0,0,,,,,1,1,1,44,,1,,,,,,,
109,2,,,张良普攻,,,,,0,0,,,,,1,1,1,45,,1,,,,,,,
110,2,,,商央普攻,,,,,0,0,,,,,1,1,1,46,,1,,,,,,,
111,2,,,诸葛亮普攻,,,,,0,0,,,,,1,1,1,47,,1,,,,,,,
112,2,,,王重阳普攻,,,,,0,0,,,,,1,1,1,48,,1,,,,,,,
113,2,,,毁天灭地,,,,,1,0,,,,,1,1,1,25,,3001,,,,100,100,,
114,2,,,司马懿普攻,,,,,0,0,,,,,1,1,1,50,,1,,,,,,,
115,2,,,唐伯虎普攻,,,,,0,1,,,,,1,1,1,51,,1,,,,,,,
116,2,,,蓄力箭,,,,,1,0,,,,,1,1,1,53,,74,,,,100,100,,
117,2,,,曹操普攻,,,,,0,0,,,,,1,1,1,54,,1,,,,,,,
118,2,,,刘备普攻,,,,,0,0,,,,,1,1,1,55,,1,,,,,,,
119,2,,,长枪兵绝技,,,,,1,1,,,,,1,1,1,66,,6,,,,100,100,,
120,2,,,刀盾兵绝技,,,,,1,1,,,,,1,1,1,67,,5,,,,100,100,,
121,2,,,刺客绝技,,,,,1,0,,,,,1,1,1,68,,17,,,,100,100,,
122,2,,,游侠绝技,,,,,1,1,,,,,1,1,1,69,,3,,,,100,100,,
123,2,,,巫师绝技,,,,,1,0,,1,,,1,1,1,70,,14,14,,,100,100,,
124,2,,,秘宝山贼绝技,,,,,1,0,,,,,1,1,1,71,,17,,,,100,100,,
125,2,,,武夫绝技,,,,,1,1,,1,,,1,1,1,72,,1,1,,,100,100,,
126,2,,,文官绝技,,,,,1,0,,,,,1,1,1,73,,13,,,,100,100,,
127,2,,,武将普攻,,,,,0,1,,1,,,1,1,1,2,,1,1,,,,,,
128,2,,,武将绝技,,,,,1,1,,,,,1,1,1,74,,75,,,,100,100,,
129,2,,,关羽普攻,,,,,0,1,,,,,1,1,0,57,,1,,,,,,,
130,2,,,成吉思汗普攻,,,,,0,0,,,,,1,1,1,58,,1,,,,,,,
131,2,,,李世明普攻,,,,,0,0,,,,,1,1,1,60,,1,,,,,,,
132,2,,,林冲普攻,,,,,0,0,,,,,1,1,1,61,,1,,,,,,,
133,2,,,武则天普攻,,,,,0,0,,,,,1,1,1,64,,1,,,,,,,
134,2,,,巫师普攻,,,,,0,0,,,,,1,1,1,75,,1,,,,,,,
135,2,,,朱元璋普攻,,,,,0,0,,,,,1,1,1,76,,1,,,,,,,
136,2,,,秦始皇普攻,,,,,0,0,,,,,1,1,1,77,,1,,,,,,,
137,2,,,碟仙普攻,,,,,0,0,,,,,1,1,1,81,,1,,,,,,,
138,2,,,陵鱼普攻,,,,,0,0,,,,,1,1,1,82,,1,,,,,,,
139,2,,,小龙女普攻,,,,,0,0,,,,,1,1,1,83,,1,,,,,,,
140,2,,,旱魃普攻,,,,,0,0,,,,,1,1,1,84,,1,,,,,,,
141,2,,,九尾普攻,,,,,0,0,,,,,1,1,1,85,,1,,,,,,,
142,2,,,青鸾普攻,,,,,0,0,,,,,1,1,1,86,,1,,,,,,,
143,2,,,白虎普攻,,,,,0,0,,,,,1,1,1,87,,1,,,,,,,
144,2,,,朱雀普攻,,,,,0,0,,,,,1,1,1,88,,1,,,,,,,
145,2,,,冰麒麟普攻,,,,,0,0,,,,,1,1,1,89,,1,,,,,,,
148,2,,,世界boss董卓,,,,,1,1,,,,,1,1,1,90,,1,,,,100,100,,
146,2,,,山贼头目普通攻击,,,,,0,1,,,,,1,1,1,124,,1,,,,,,,
147,2,,,山贼头目大招,,,,,1,1,,,,,1,1,1,125,,207,,,,100,100,,
201,2,3,,傲视群雄,,jinengxiaozhao_001.png,攻击敌方及其周围目标，造成大量伤害,,4,1,,,,,1,1,1001,91,,201,,,,,,1,5000
202,2,3,,火力全开,,jinengxiaozhao_002.png,吕布攻击敌方单体目标，并降低其一定护甲，持续一回合,,4,0,,,,,1,1,1002,92,,202,,,,,,0,5000
203,2,3,,三十六计,,jinengxiaozhao_003.png,三十六计，走为上策，孙武和己方队友提升大量的闪避，持续两回合,,4,1,,,,,1,1,1003,93,,203,,,,,,1,5000
204,2,3,,一飞冲天,,jinengxiaozhao_004.png,岳飞攻击敌人，使其眩晕一回合,,4,1,,,,,1,1,1004,94,,204,,,,,,1,5000
205,2,3,,大杀四方,,jinengxiaozhao_005.png,攻击敌方及其周围目标，造成大量伤害,,4,1,,,,,1,1,1005,95,,205,,,,,,1,5000
206,2,3,,冲锋陷阵,,jinengxiaozhao_006.png,赵云的提升其普通攻击的伤害，并回复其所造成伤害一定比例的生命,,4,0,,,,,1,1,1006,96,,206,,,,,,0,5000
207,2,3,,横扫千军,,jinengxiaozhao_007.png,攻击一个目标以及目标周围的敌人,,4,1,,,,,1,1,1007,97,,207,,,,,,1,5000
208,2,3,,落花流水,,jinengxiaozhao_008.png,攻击敌方单体目标，若目标生命值低于50%，则造成150%伤害,,4,0,,,,,1,1,1008,98,,208,,,,,,0,5000
209,2,3,,翻云覆雨,,jinengxiaozhao_009.png,诸葛亮翻手为云覆手为雨，召唤一片暴风雨，随机攻击一个目标及目标周围的敌人,,4,0,,,,,1,1,1009,99,,209,,,,,,0,5000
210,2,3,,雷霆万钧,,jinengxiaozhao_010.png,司马懿召唤神雷，随机攻击2个敌方目标,,4,0,,,,,1,1,1010,100,,210,,,,,,0,5000
211,2,3,,偷天换日,,jinengxiaozhao_011.png,商鞅随机攻击一个目标，造成一定伤害，并根据目标攻击附加额外伤害,,4,0,,,,,1,1,1011,101,,211,,,,,,0,5000
212,2,3,,冰封万里,,jinengxiaozhao_012.png,张良向同竖排的敌方发出一片冰雹，造成一定伤害，并有一定几率使目标眩晕,,4,0,,,,,1,1,1012,102,,212,,,,,,0,5000
213,2,3,,事不过三,,jinengxiaozhao_013.png,狄仁杰攻击一个目标，降低其护甲,,4,0,,,,,1,1,1013,103,,213,,,,,,0,5000
214,2,3,,移花接木,,jinengxiaozhao_014.png,随机攻击一个敌方目标，造成上官婉儿攻击力附加对方一定攻击力伤害,,4,0,,,,,1,1,1014,104,,214,,,,,,0,5000
215,2,3,,暗影潜伏,,jinengxiaozhao_015.png,荆轲随机攻击一个敌人，之后潜入暗影之中，免疫下次受到伤害,,4,0,,,,,1,1,1015,105,,215,,,,,,0,5000
216,2,3,,生命转换,,jinengxiaozhao_016.png,西施攻击一个目标，并把所造成的伤害转换为自身的生命值,,4,1,,,,,1,1,1016,106,,216,,,,,,1,5000
217,2,3,,魅惑众生,,jinengxiaozhao_017.png,魅惑敌方前排，使其下次随机攻击其己方队友,,4,0,,,,,1,1,1017,107,,217,,,,,,0,5000
218,2,3,,奋力一击,,jinengxiaozhao_018.png,甄缳攻击敌方生命值最低的一个目标，造成150%基础伤害,,4,0,,,,,1,1,1018,108,,218,,,,,,0,5000
219,2,3,,貌若天仙,,jinengxiaozhao_019.png,小乔攻击敌方生命值最多的一个目标，减少其当前生命值20%,,4,0,,,,,1,1,1019,109,,219,,,,,,0,5000
220,2,3,,风花雪月,,jinengxiaozhao_020.png,西门庆随机攻击敌方一个单位，造成一定伤害，若对方为女性角色则使其眩晕一回合。此技能优先攻击女性角色,,4,0,,,,,1,1,1020,110,,220,,,,,,0,5000
221,2,3,,九转玄功,,jinengxiaozhao_021.png,张三丰攻击一个敌方目标，对方血量低于30%，造成双倍伤害,,4,0,,,,,1,1,1021,111,,221,,,,,,0,5000
222,2,3,,上真剑法,,jinengxiaozhao_022.png,吕洞宾攻击敌方单体目标，有一定几率获得双倍怒气,,4,0,,,,,1,1,1022,112,,222,,,,,,0,5000
223,2,3,,惊天一剑,,jinengxiaozhao_023.png,攻击一个敌方目标，如果目标生命值低于30%，有一定几率直接杀死敌方,,4,0,,,,,1,1,1023,113,,223,,,,,,0,5000
224,2,3,,神来之笔,,jinengxiaozhao_024.png,随机攻击一个敌方目标，有一定几率降低其50%怒气值,,4,0,,,,,1,1,1024,114,,224,,,,,,0,5000
225,2,3,,千军万马,,jinengxiaozhao_025.png,林冲集其八十万禁军之气势，本次攻击必为暴击,,4,0,,,,,1,1,1025,115,,225,,,,,,0,5000
226,2,3,,万剑齐发,,jinengxiaozhao_026.png,王重阳随机攻击2-3个目标，并且眩晕目标一回合,,4,0,,,,,1,1,1026,116,,226,,,,,,0,5000
227,2,3,,韬光养晦,,jinengxiaozhao_027.png,攻击一个目标，提升自己的防御，持续一回合,,4,0,,,,,1,1,1027,117,,227,,,,,,0,5000
228,2,3,,鹰击长空,,jinengxiaozhao_028.png,对目标及其身后的敌人造成大量伤害,,4,0,,,,,1,1,1028,118,,228,,,,,,0,5000
229,2,3,,一言九鼎,,jinengxiaozhao_029.png,攻击一个敌方目标，降低其攻击力,,4,0,,,,,1,1,1029,119,,229,,,,,,0,5000
230,2,3,,锋芒毕露,,jinengxiaozhao_030.png,攻击一个目标，吸取其一定比例攻击力为己用，同时降低其攻击力，持续1回合,,4,1,,,,,1,1,1030,120,,230,,,,,,1,5000
231,2,3,,天之骄子,,jinengxiaozhao_031.png,"攻击一个目标，给自己加一个护盾,持续1回合，护盾效果会把受到伤害的50%反弹给敌人",,4,0,,,,,1,1,1031,121,,231,,,,,,0,5000
232,2,3,,花好月圆,,jinengxiaozhao_032.png,攻击敌方目标，获得双倍怒气,,4,0,,,,,1,1,1032,122,,232,,,,,,0,5000
233,2,3,,藐视众生,,jinengxiaozhao_033.png,秦始皇攻击一个目标，造成秦始皇一定比例最大生命值的真实伤害，并使得该目标虚弱一回合,,4,1,,,,,1,1,1033,123,,233,,,,,,1,5000
1001,2,,10,勇者之心,,,提升自身100点破甲,提升自身100点破甲,2,0,,,,,1,1,1,,,68,,,,,,,
1002,2,,10,算无遗策,,,提升自身50点暴击,提升自身50点暴击,2,0,,,,,1,1,1,,,69,,,,,,,
1003,2,,10,暗箭难防,,,提升自身80点暴击,提升自身80点暴击,2,0,,,,,1,1,1,,,70,,,,,,,
1004,2,,10,行侠仗义,,,提升自身50点闪避,提升自身50点闪避,2,0,,,,,1,1,1,,,71,,,,,,,
1005,2,,10,九五至尊,,,提升自身100点抵挡,提升自身100点抵挡,2,0,,,,,1,1,1,,,72,,,,,,,
1006,2,,20,不朽之魂,,,死亡之后立即复活，等阶越高，复活后的血量越高。每场战斗只能复活一次,死亡之后立即复活，复活后血量与等阶有关,2,0,,,,,1,1,1,,,73,,,,,,,
1007,2,,20,仙灵附体,,,初始怒气变为100（登场即可施放绝技）,,2,0,,,,,1,1,1,,,76,,,,,,,
1008,2,,10,霸者之心,,,对敌方所有伤害加深5%,,2,0,,,,,1,1,1,,,77,,,,,,,
1009,2,,10,勇武,,,提升自身20点破击,,2,0,,,,,1,1,1,,,78,,,,,,,
1010,2,,10,洞察,,,提升自身20点命中,,2,0,,,,,1,1,1,,,79,,,,,,,
1011,2,,10,固守,,,提升自身30点抵挡,,2,0,,,,,1,1,1,,,80,,,,,,,
1012,2,,10,勇武,,,提升自身20点破击,,2,0,,,,,1,1,1,,,81,,,,,,,
1013,2,,10,善战,,,提升自身20点爆击,,2,0,,,,,1,1,1,,,82,,,,,,,
1014,2,,10,蛮力,,,基础攻击+5%,,2,0,,,,,1,1,1,,,83,,,,,,,
1015,2,,10,洞察,,,提升自身20点命中,,2,0,,,,,1,1,1,,,84,,,,,,,
1016,2,,10,谋略,,,提升自身20点暴击,,2,0,,,,,1,1,1,,,85,,,,,,,
1017,2,,10,谋略,,,提升自身20点爆击,,2,0,,,,,1,1,1,,,86,,,,,,,
1018,2,,10,洞察,,,提升自身20点命中,,2,0,,,,,1,1,1,,,87,,,,,,,
1019,2,,10,谋略,,,提升自身20点爆击,,2,0,,,,,1,1,1,,,88,,,,,,,
1020,2,,10,洞察,,,提升自身20点命中,,2,0,,,,,1,1,1,,,89,,,,,,,
1021,2,,10,谋略,,,提升自身20点爆击,,2,0,,,,,1,1,1,,,90,,,,,,,
1022,2,,10,善战,,,提升自身20点爆击,,2,0,,,,,1,1,1,,,91,,,,,,,
1023,2,,10,洞察,,,提升自身20点命中,,2,0,,,,,1,1,1,,,92,,,,,,,
1024,2,,10,洞察,,,提升自身20点命中,,2,0,,,,,1,1,1,,,93,,,,,,,
1025,2,,10,善战,,,提升自身20点爆击,,2,0,,,,,1,1,1,,,94,,,,,,,
1026,2,,10,绝色,,,提升自身20点破击,,2,0,,,,,1,1,1,,,95,,,,,,,
1027,2,,10,善战,,,提升自身20点爆击,,2,0,,,,,1,1,1,,,96,,,,,,,
1028,2,,10,太极,,,提升自身20点闪避,,2,0,,,,,1,1,1,,,97,,,,,,,
1029,2,,10,洞察,,,提升自身20点命中,,2,0,,,,,1,1,1,,,98,,,,,,,
1030,2,,10,洞察,,,提升自身20点命中,,2,0,,,,,1,1,1,,,99,,,,,,,
1031,2,,10,文采,,,提升自身20点破击,,2,0,,,,,1,1,1,,,100,,,,,,,
1032,2,,10,善战,,,提升自身20点爆击,,2,0,,,,,1,1,1,,,101,,,,,,,
1033,2,,10,善战,,,提升自身20点暴击,,2,0,,,,,1,1,1,,,102,,,,,,,
1034,2,,10,皇者,,,提升自身30点抵挡,,2,0,,,,,1,1,1,,,103,,,,,,,
1035,2,,10,皇者,,,提升自身30点抵挡,,2,0,,,,,1,1,1,,,104,,,,,,,
1036,2,,10,皇者,,,提升自身30点抵挡,,2,0,,,,,1,1,1,,,105,,,,,,,
1037,2,,10,枭雄,,,提升自身20点闪避,,2,0,,,,,1,1,1,,,106,,,,,,,
1038,2,,10,皇者,,,提升自身30点抵挡,,2,0,,,,,1,1,1,,,107,,,,,,,
1039,2,,10,皇者,,,提升自身30点抵挡,,2,0,,,,,1,1,1,,,108,,,,,,,
1040,2,,10,始皇,,,基础生命+10%,,2,0,,,,,1,1,1,,,109,,,,,,,
2001,2,,0,醍醐灌顶,,jinengwenzi_039.png,提升所有出战英雄的攻击与生命，提升效果等于自身攻击与生命的6%,,3,0,,,,,1,1,1048,39,,2001,,,,0,0,,
2002,2,,1,醍醐灌顶+1,,jinengwenzi_039.png,提升所有出战英雄的攻击与生命，提升效果等于自身攻击与生命的7%,,3,0,,,,,1,1,1048,39,,2002,,,,0,0,,
2003,2,,2,醍醐灌顶+2,,jinengwenzi_039.png,提升所有出战英雄的攻击与生命，提升效果等于自身攻击与生命的8%,,3,0,,,,,1,1,1048,39,,2003,,,,0,0,,
2004,3,,3,灵・醍醐灌顶,jinengwenzi_002.png,jinengwenzi_039.png,提升所有出战英雄的攻击与生命，提升效果等于自身攻击与生命的9%,,3,0,,,,,1,1,1048,39,,2004,,,,0,0,,
2005,3,,4,灵・醍醐灌顶+1,jinengwenzi_002.png,jinengwenzi_039.png,提升所有出战英雄的攻击与生命，提升效果等于自身攻击与生命的10%,,3,0,,,,,1,1,1048,39,,2005,,,,0,0,,
2006,3,,5,灵・醍醐灌顶+2,jinengwenzi_002.png,jinengwenzi_039.png,提升所有出战英雄的攻击与生命，提升效果等于自身攻击与生命的11%,,3,0,,,,,1,1,1048,39,,2006,,,,0,0,,
2007,3,,6,灵・醍醐灌顶+3,jinengwenzi_002.png,jinengwenzi_039.png,提升所有出战英雄的攻击与生命，提升效果等于自身攻击与生命的12%,,3,0,,,,,1,1,1048,39,,2007,,,,0,0,,
2008,4,,7,仙・醍醐灌顶,jinengwenzi_003.png,jinengwenzi_039.png,提升所有出战英雄的攻击与生命，提升效果等于自身攻击与生命的13%,,3,0,,,,,1,1,1048,39,,2008,,,,0,0,,
2009,4,,8,仙・醍醐灌顶+1,jinengwenzi_003.png,jinengwenzi_039.png,提升所有出战英雄的攻击与生命，提升效果等于自身攻击与生命的14%,,3,0,,,,,1,1,1048,39,,2009,,,,0,0,,
2010,4,,9,仙・醍醐灌顶+2,jinengwenzi_003.png,jinengwenzi_039.png,提升所有出战英雄的攻击与生命，提升效果等于自身攻击与生命的15%,,3,0,,,,,1,1,1048,39,,2010,,,,0,0,,
2011,4,,10,仙・醍醐灌顶+3,jinengwenzi_003.png,jinengwenzi_039.png,提升所有出战英雄的攻击与生命，提升效果等于自身攻击与生命的16%,,3,0,,,,,1,1,1048,39,,2011,,,,0,0,,
2012,4,,11,仙・醍醐灌顶+4,jinengwenzi_003.png,jinengwenzi_039.png,提升所有出战英雄的攻击与生命，提升效果等于自身攻击与生命的17%,,3,0,,,,,1,1,1048,39,,2012,,,,0,0,,
2013,4,,12,仙・醍醐灌顶+5,jinengwenzi_003.png,jinengwenzi_039.png,提升所有出战英雄的攻击与生命，提升效果等于自身攻击与生命的18%,,3,0,,,,,1,1,1048,39,,2013,,,,0,0,,
2014,5,,13,神・醍醐灌顶,jinengwenzi_004.png,jinengwenzi_039.png,提升所有出战英雄的攻击与生命，提升效果等于自身攻击与生命的19%,,3,0,,,,,1,1,1048,39,,2014,,,,0,0,,
2015,5,,14,神・醍醐灌顶+1,jinengwenzi_004.png,jinengwenzi_039.png,提升所有出战英雄的攻击与生命，提升效果等于自身攻击与生命的20%,,3,0,,,,,1,1,1048,39,,2015,,,,0,0,,
2016,5,,15,神・醍醐灌顶+2,jinengwenzi_004.png,jinengwenzi_039.png,提升所有出战英雄的攻击与生命，提升效果等于自身攻击与生命的21%,,3,0,,,,,1,1,1048,39,,2016,,,,0,0,,
2017,5,,16,神・醍醐灌顶+3,jinengwenzi_004.png,jinengwenzi_039.png,提升所有出战英雄的攻击与生命，提升效果等于自身攻击与生命的22%,,3,0,,,,,1,1,1048,39,,2017,,,,0,0,,
2018,5,,17,神・醍醐灌顶+4,jinengwenzi_004.png,jinengwenzi_039.png,提升所有出战英雄的攻击与生命，提升效果等于自身攻击与生命的23%,,3,0,,,,,1,1,1048,39,,2018,,,,0,0,,
2019,5,,18,神・醍醐灌顶+5,jinengwenzi_004.png,jinengwenzi_039.png,提升所有出战英雄的攻击与生命，提升效果等于自身攻击与生命的24%,,3,0,,,,,1,1,1048,39,,2019,,,,0,0,,
2020,5,,19,神・醍醐灌顶+6,jinengwenzi_004.png,jinengwenzi_039.png,提升所有出战英雄的攻击与生命，提升效果等于自身攻击与生命的25%,,3,0,,,,,1,1,1048,39,,2020,,,,0,0,,
2021,6,,20,圣・醍醐灌顶,jinengwenzi_005.png,jinengwenzi_039.png,提升所有出战英雄的攻击与生命，提升效果等于自身攻击与生命的26%,,3,0,,,,,1,1,1048,39,,2021,,,,0,0,,
2022,,,21,废弃,jinengwenzi_003.png,jinengwenzi_039.png,提升所有出战英雄的攻击与生命，提升效果等于自身攻击与生命的18.3%,,3,0,,,,,1,1,1048,39,,2022,,,,0,0,,
2023,,,22,废弃,jinengwenzi_003.png,jinengwenzi_039.png,提升所有出战英雄的攻击与生命，提升效果等于自身攻击与生命的18.6%,,3,0,,,,,1,1,1048,39,,2023,,,,0,0,,
2024,,,23,废弃,jinengwenzi_003.png,jinengwenzi_039.png,提升所有出战英雄的攻击与生命，提升效果等于自身攻击与生命的18.9%,,3,0,,,,,1,1,1048,39,,2024,,,,0,0,,
2025,,,24,废弃,jinengwenzi_003.png,jinengwenzi_039.png,提升所有出战英雄的攻击与生命，提升效果等于自身攻击与生命的19.2%,,3,0,,,,,1,1,1048,39,,2025,,,,0,0,,
2026,,,25,废弃,jinengwenzi_003.png,jinengwenzi_039.png,提升所有出战英雄的攻击与生命，提升效果等于自身攻击与生命的19.5%,,3,0,,,,,1,1,1048,39,,2026,,,,0,0,,
2027,,,26,废弃,jinengwenzi_003.png,jinengwenzi_039.png,提升所有出战英雄的攻击与生命，提升效果等于自身攻击与生命的19.8%,,3,0,,,,,1,1,1048,39,,2027,,,,0,0,,
2028,,,27,废弃,jinengwenzi_003.png,jinengwenzi_039.png,提升所有出战英雄的攻击与生命，提升效果等于自身攻击与生命的20.1%,,3,0,,,,,1,1,1048,39,,2028,,,,0,0,,
2029,,,28,废弃,jinengwenzi_003.png,jinengwenzi_039.png,提升所有出战英雄的攻击与生命，提升效果等于自身攻击与生命的20.4%,,3,0,,,,,1,1,1048,39,,2029,,,,0,0,,
2030,,,29,废弃,jinengwenzi_003.png,jinengwenzi_039.png,提升所有出战英雄的攻击与生命，提升效果等于自身攻击与生命的20.7%,,3,0,,,,,1,1,1048,39,,2030,,,,0,0,,
2031,,,30,废弃,jinengwenzi_004.png,jinengwenzi_039.png,提升所有出战英雄的攻击与生命，提升效果等于自身攻击与生命的24%,,3,0,,,,,1,1,1048,39,,2031,,,,0,0,,
2032,,,31,废弃,jinengwenzi_004.png,jinengwenzi_039.png,提升所有出战英雄的攻击与生命，提升效果等于自身攻击与生命的24.3%,,3,0,,,,,1,1,1048,39,,2032,,,,0,0,,
2033,,,32,废弃,jinengwenzi_004.png,jinengwenzi_039.png,提升所有出战英雄的攻击与生命，提升效果等于自身攻击与生命的24.6%,,3,0,,,,,1,1,1048,39,,2033,,,,0,0,,
2034,,,33,废弃,jinengwenzi_004.png,jinengwenzi_039.png,提升所有出战英雄的攻击与生命，提升效果等于自身攻击与生命的24.9%,,3,0,,,,,1,1,1048,39,,2034,,,,0,0,,
2035,,,34,废弃,jinengwenzi_004.png,jinengwenzi_039.png,提升所有出战英雄的攻击与生命，提升效果等于自身攻击与生命的25.2%,,3,0,,,,,1,1,1048,39,,2035,,,,0,0,,
2036,,,35,废弃,jinengwenzi_004.png,jinengwenzi_039.png,提升所有出战英雄的攻击与生命，提升效果等于自身攻击与生命的25.5%,,3,0,,,,,1,1,1048,39,,2036,,,,0,0,,
2037,,,36,废弃,jinengwenzi_004.png,jinengwenzi_039.png,提升所有出战英雄的攻击与生命，提升效果等于自身攻击与生命的25.8%,,3,0,,,,,1,1,1048,39,,2037,,,,0,0,,
2038,,,37,废弃,jinengwenzi_004.png,jinengwenzi_039.png,提升所有出战英雄的攻击与生命，提升效果等于自身攻击与生命的26.1%,,3,0,,,,,1,1,1048,39,,2038,,,,0,0,,
2039,,,38,废弃,jinengwenzi_004.png,jinengwenzi_039.png,提升所有出战英雄的攻击与生命，提升效果等于自身攻击与生命的26.4%,,3,0,,,,,1,1,1048,39,,2039,,,,0,0,,
2040,,,39,废弃,jinengwenzi_004.png,jinengwenzi_039.png,提升所有出战英雄的攻击与生命，提升效果等于自身攻击与生命的26.7%,,3,0,,,,,1,1,1048,39,,2040,,,,0,0,,
2041,,,40,废弃,jinengwenzi_005.png,jinengwenzi_039.png,提升所有出战英雄的攻击与生命，提升效果等于自身攻击与生命的30%,,3,0,,,,,1,1,1048,39,,2041,,,,0,0,,
2042,,,41,废弃,jinengwenzi_005.png,jinengwenzi_039.png,提升所有出战英雄的攻击与生命，提升效果等于自身攻击与生命的30.3%,,3,0,,,,,1,1,1048,39,,2042,,,,0,0,,
2043,,,42,废弃,jinengwenzi_005.png,jinengwenzi_039.png,提升所有出战英雄的攻击与生命，提升效果等于自身攻击与生命的30.6%,,3,0,,,,,1,1,1048,39,,2043,,,,0,0,,
2044,,,43,废弃,jinengwenzi_005.png,jinengwenzi_039.png,提升所有出战英雄的攻击与生命，提升效果等于自身攻击与生命的30.9%,,3,0,,,,,1,1,1048,39,,2044,,,,0,0,,
2045,,,44,废弃,jinengwenzi_005.png,jinengwenzi_039.png,提升所有出战英雄的攻击与生命，提升效果等于自身攻击与生命的31.2%,,3,0,,,,,1,1,1048,39,,2045,,,,0,0,,
2046,,,45,废弃,jinengwenzi_005.png,jinengwenzi_039.png,提升所有出战英雄的攻击与生命，提升效果等于自身攻击与生命的31.5%,,3,0,,,,,1,1,1048,39,,2046,,,,0,0,,
2047,,,46,废弃,jinengwenzi_005.png,jinengwenzi_039.png,提升所有出战英雄的攻击与生命，提升效果等于自身攻击与生命的31.8%,,3,0,,,,,1,1,1048,39,,2047,,,,0,0,,
2048,,,47,废弃,jinengwenzi_005.png,jinengwenzi_039.png,提升所有出战英雄的攻击与生命，提升效果等于自身攻击与生命的32.1%,,3,0,,,,,1,1,1048,39,,2048,,,,0,0,,
2049,,,48,废弃,jinengwenzi_005.png,jinengwenzi_039.png,提升所有出战英雄的攻击与生命，提升效果等于自身攻击与生命的32.4%,,3,0,,,,,1,1,1048,39,,2049,,,,0,0,,
2050,,,49,废弃,jinengwenzi_005.png,jinengwenzi_039.png,提升所有出战英雄的攻击与生命，提升效果等于自身攻击与生命的32.7%,,3,0,,,,,1,1,1048,39,,2050,,,,0,0,,
2051,2,,0,蝶恋花,,jinengwenzi_040.png,攻击敌方全体目标，造成110%基础攻击附加100点伤害,,1,0,,,,,1,1,1039,52,,2051,,,,100,100,,
2052,2,,1,蝶恋花+1,,jinengwenzi_040.png,攻击敌方全体目标，造成114%基础攻击附加200点伤害,,1,0,,,,,1,1,1039,52,,2052,,,,100,100,,
2053,2,,2,蝶恋花+2,,jinengwenzi_040.png,攻击敌方全体目标，造成118%基础攻击附加300点伤害,,1,0,,,,,1,1,1039,52,,2053,,,,100,100,,
2054,3,,3,灵・蝶恋花,jinengwenzi_002.png,jinengwenzi_040.png,攻击敌方全体目标，造成122%基础攻击附加400点伤害,,1,0,,,,,1,1,1039,52,,2054,,,,100,100,,
2055,3,,4,灵・蝶恋花+1,jinengwenzi_002.png,jinengwenzi_040.png,攻击敌方全体目标，造成126%基础攻击附加500点伤害,,1,0,,,,,1,1,1039,52,,2055,,,,100,100,,
2056,3,,5,灵・蝶恋花+2,jinengwenzi_002.png,jinengwenzi_040.png,攻击敌方全体目标，造成130%基础攻击附加600点伤害,,1,0,,,,,1,1,1039,52,,2056,,,,100,100,,
2057,3,,6,灵・蝶恋花+3,jinengwenzi_002.png,jinengwenzi_040.png,攻击敌方全体目标，造成134%基础攻击附加700点伤害,,1,0,,,,,1,1,1039,52,,2057,,,,100,100,,
2058,4,,7,仙・蝶恋花,jinengwenzi_003.png,jinengwenzi_040.png,攻击敌方全体目标，造成138%基础攻击附加800点伤害,,1,0,,,,,1,1,1039,52,,2058,,,,100,100,,
2059,4,,8,仙・蝶恋花+1,jinengwenzi_003.png,jinengwenzi_040.png,攻击敌方全体目标，造成142%基础攻击附加900点伤害,,1,0,,,,,1,1,1039,52,,2059,,,,100,100,,
2060,4,,9,仙・蝶恋花+2,jinengwenzi_003.png,jinengwenzi_040.png,攻击敌方全体目标，造成146%基础攻击附加1000点伤害,,1,0,,,,,1,1,1039,52,,2060,,,,100,100,,
2061,4,,10,仙・蝶恋花+3,jinengwenzi_003.png,jinengwenzi_040.png,攻击敌方全体目标，造成150%基础攻击附加1100点伤害,,1,0,,,,,1,1,1039,52,,2061,,,,100,100,,
2062,4,,11,仙・蝶恋花+4,jinengwenzi_003.png,jinengwenzi_040.png,攻击敌方全体目标，造成154%基础攻击附加1200点伤害,,1,0,,,,,1,1,1039,52,,2062,,,,100,100,,
2063,4,,12,仙・蝶恋花+5,jinengwenzi_003.png,jinengwenzi_040.png,攻击敌方全体目标，造成158%基础攻击附加1300点伤害,,1,0,,,,,1,1,1039,52,,2063,,,,100,100,,
2064,5,,13,神・蝶恋花,jinengwenzi_004.png,jinengwenzi_040.png,攻击敌方全体目标，造成162%基础攻击附加1400点伤害,,1,0,,,,,1,1,1039,52,,2064,,,,100,100,,
2065,5,,14,神・蝶恋花+1,jinengwenzi_004.png,jinengwenzi_040.png,攻击敌方全体目标，造成166%基础攻击附加1500点伤害,,1,0,,,,,1,1,1039,52,,2065,,,,100,100,,
2066,5,,15,神・蝶恋花+2,jinengwenzi_004.png,jinengwenzi_040.png,攻击敌方全体目标，造成170%基础攻击附加1600点伤害,,1,0,,,,,1,1,1039,52,,2066,,,,100,100,,
2067,5,,16,神・蝶恋花+3,jinengwenzi_004.png,jinengwenzi_040.png,攻击敌方全体目标，造成174%基础攻击附加1700点伤害,,1,0,,,,,1,1,1039,52,,2067,,,,100,100,,
2068,5,,17,神・蝶恋花+4,jinengwenzi_004.png,jinengwenzi_040.png,攻击敌方全体目标，造成178%基础攻击附加1800点伤害,,1,0,,,,,1,1,1039,52,,2068,,,,100,100,,
2069,5,,18,神・蝶恋花+5,jinengwenzi_004.png,jinengwenzi_040.png,攻击敌方全体目标，造成182%基础攻击附加1900点伤害,,1,0,,,,,1,1,1039,52,,2069,,,,100,100,,
2070,5,,19,神・蝶恋花+6,jinengwenzi_004.png,jinengwenzi_040.png,攻击敌方全体目标，造成186%基础攻击附加2000点伤害,,1,0,,,,,1,1,1039,52,,2070,,,,100,100,,
2071,6,,20,圣・蝶恋花,jinengwenzi_005.png,jinengwenzi_040.png,攻击敌方全体目标，造成190%基础攻击附加2100点伤害,,1,0,,,,,1,1,1039,52,,2071,,,,100,100,,
2072,,,21,废弃,jinengwenzi_003.png,jinengwenzi_040.png,攻击敌方全体目标，造成151%基础攻击附加2200点伤害,,1,0,,,,,1,1,1039,52,,2072,,,,100,100,,
2073,,,22,废弃,jinengwenzi_003.png,jinengwenzi_040.png,攻击敌方全体目标，造成152%基础攻击附加2300点伤害,,1,0,,,,,1,1,1039,52,,2073,,,,100,100,,
2074,,,23,废弃,jinengwenzi_003.png,jinengwenzi_040.png,攻击敌方全体目标，造成153%基础攻击附加2400点伤害,,1,0,,,,,1,1,1039,52,,2074,,,,100,100,,
2075,,,24,废弃,jinengwenzi_003.png,jinengwenzi_040.png,攻击敌方全体目标，造成154%基础攻击附加2500点伤害,,1,0,,,,,1,1,1039,52,,2075,,,,100,100,,
2076,,,25,废弃,jinengwenzi_003.png,jinengwenzi_040.png,攻击敌方全体目标，造成155%基础攻击附加2600点伤害,,1,0,,,,,1,1,1039,52,,2076,,,,100,100,,
2077,,,26,废弃,jinengwenzi_003.png,jinengwenzi_040.png,攻击敌方全体目标，造成156%基础攻击附加2700点伤害,,1,0,,,,,1,1,1039,52,,2077,,,,100,100,,
2078,,,27,废弃,jinengwenzi_003.png,jinengwenzi_040.png,攻击敌方全体目标，造成157%基础攻击附加2800点伤害,,1,0,,,,,1,1,1039,52,,2078,,,,100,100,,
2079,,,28,废弃,jinengwenzi_003.png,jinengwenzi_040.png,攻击敌方全体目标，造成158%基础攻击附加2900点伤害,,1,0,,,,,1,1,1039,52,,2079,,,,100,100,,
2080,,,29,废弃,jinengwenzi_003.png,jinengwenzi_040.png,攻击敌方全体目标，造成159%基础攻击附加3000点伤害,,1,0,,,,,1,1,1039,52,,2080,,,,100,100,,
2081,,,30,废弃,jinengwenzi_004.png,jinengwenzi_040.png,攻击敌方全体目标，造成170%基础攻击附加3100点伤害,,1,0,,,,,1,1,1039,52,,2081,,,,100,100,,
2082,,,31,废弃,jinengwenzi_004.png,jinengwenzi_040.png,攻击敌方全体目标，造成171%基础攻击附加3200点伤害,,1,0,,,,,1,1,1039,52,,2082,,,,100,100,,
2083,,,32,废弃,jinengwenzi_004.png,jinengwenzi_040.png,攻击敌方全体目标，造成172%基础攻击附加3300点伤害,,1,0,,,,,1,1,1039,52,,2083,,,,100,100,,
2084,,,33,废弃,jinengwenzi_004.png,jinengwenzi_040.png,攻击敌方全体目标，造成173%基础攻击附加3400点伤害,,1,0,,,,,1,1,1039,52,,2084,,,,100,100,,
2085,,,34,废弃,jinengwenzi_004.png,jinengwenzi_040.png,攻击敌方全体目标，造成174%基础攻击附加3500点伤害,,1,0,,,,,1,1,1039,52,,2085,,,,100,100,,
2086,,,35,废弃,jinengwenzi_004.png,jinengwenzi_040.png,攻击敌方全体目标，造成175%基础攻击附加3600点伤害,,1,0,,,,,1,1,1039,52,,2086,,,,100,100,,
2087,,,36,废弃,jinengwenzi_004.png,jinengwenzi_040.png,攻击敌方全体目标，造成176%基础攻击附加3700点伤害,,1,0,,,,,1,1,1039,52,,2087,,,,100,100,,
2088,,,37,废弃,jinengwenzi_004.png,jinengwenzi_040.png,攻击敌方全体目标，造成177%基础攻击附加3800点伤害,,1,0,,,,,1,1,1039,52,,2088,,,,100,100,,
2089,,,38,废弃,jinengwenzi_004.png,jinengwenzi_040.png,攻击敌方全体目标，造成178%基础攻击附加3900点伤害,,1,0,,,,,1,1,1039,52,,2089,,,,100,100,,
2090,,,39,废弃,jinengwenzi_004.png,jinengwenzi_040.png,攻击敌方全体目标，造成179%基础攻击附加4000点伤害,,1,0,,,,,1,1,1039,52,,2090,,,,100,100,,
2091,,,40,废弃,jinengwenzi_005.png,jinengwenzi_040.png,攻击敌方全体目标，造成190%基础攻击附加4100点伤害,,1,0,,,,,1,1,1039,52,,2091,,,,100,100,,
2092,,,41,废弃,jinengwenzi_005.png,jinengwenzi_040.png,攻击敌方全体目标，造成191%基础攻击附加4200点伤害,,1,0,,,,,1,1,1039,52,,2092,,,,100,100,,
2093,,,42,废弃,jinengwenzi_005.png,jinengwenzi_040.png,攻击敌方全体目标，造成192%基础攻击附加4300点伤害,,1,0,,,,,1,1,1039,52,,2093,,,,100,100,,
2094,,,43,废弃,jinengwenzi_005.png,jinengwenzi_040.png,攻击敌方全体目标，造成193%基础攻击附加4400点伤害,,1,0,,,,,1,1,1039,52,,2094,,,,100,100,,
2095,,,44,废弃,jinengwenzi_005.png,jinengwenzi_040.png,攻击敌方全体目标，造成194%基础攻击附加4500点伤害,,1,0,,,,,1,1,1039,52,,2095,,,,100,100,,
2096,,,45,废弃,jinengwenzi_005.png,jinengwenzi_040.png,攻击敌方全体目标，造成195%基础攻击附加4600点伤害,,1,0,,,,,1,1,1039,52,,2096,,,,100,100,,
2097,,,46,废弃,jinengwenzi_005.png,jinengwenzi_040.png,攻击敌方全体目标，造成196%基础攻击附加4700点伤害,,1,0,,,,,1,1,1039,52,,2097,,,,100,100,,
2098,,,47,废弃,jinengwenzi_005.png,jinengwenzi_040.png,攻击敌方全体目标，造成197%基础攻击附加4800点伤害,,1,0,,,,,1,1,1039,52,,2098,,,,100,100,,
2099,,,48,废弃,jinengwenzi_005.png,jinengwenzi_040.png,攻击敌方全体目标，造成198%基础攻击附加4900点伤害,,1,0,,,,,1,1,1039,52,,2099,,,,100,100,,
2100,,,49,废弃,jinengwenzi_005.png,jinengwenzi_040.png,攻击敌方全体目标，造成199%基础攻击附加5000点伤害,,1,0,,,,,1,1,1039,52,,2100,,,,100,100,,
2101,2,,0,玄水咒,,jinengwenzi_041.png,攻击敌方全体目标，造成110%基础攻击附加100点伤害，同时有15%的机率降低目标少量护甲,,1,0,,,,,1,1,1040,78,,2101,,,,100,100,,
2102,2,,1,玄水咒+1,,jinengwenzi_041.png,攻击敌方全体目标，造成114%基础攻击附加200点伤害，同时有15%的机率降低目标少量护甲,,1,0,,,,,1,1,1040,78,,2102,,,,100,100,,
2103,2,,2,玄水咒+2,,jinengwenzi_041.png,攻击敌方全体目标，造成118%基础攻击附加300点伤害，同时有15%的机率降低目标少量护甲,,1,0,,,,,1,1,1040,78,,2103,,,,100,100,,
2104,3,,3,灵・玄水咒,jinengwenzi_002.png,jinengwenzi_041.png,攻击敌方全体目标，造成122%基础攻击附加400点伤害，同时有15%的机率降低目标少量护甲,,1,0,,,,,1,1,1040,78,,2104,,,,100,100,,
2105,3,,4,灵・玄水咒+1,jinengwenzi_002.png,jinengwenzi_041.png,攻击敌方全体目标，造成126%基础攻击附加500点伤害，同时有15%的机率降低目标少量护甲,,1,0,,,,,1,1,1040,78,,2105,,,,100,100,,
2106,3,,5,灵・玄水咒+2,jinengwenzi_002.png,jinengwenzi_041.png,攻击敌方全体目标，造成130%基础攻击附加600点伤害，同时有15%的机率降低目标少量护甲,,1,0,,,,,1,1,1040,78,,2106,,,,100,100,,
2107,3,,6,灵・玄水咒+3,jinengwenzi_002.png,jinengwenzi_041.png,攻击敌方全体目标，造成134%基础攻击附加700点伤害，同时有15%的机率降低目标少量护甲,,1,0,,,,,1,1,1040,78,,2107,,,,100,100,,
2108,4,,7,仙・玄水咒,jinengwenzi_003.png,jinengwenzi_041.png,攻击敌方全体目标，造成138%基础攻击附加800点伤害，同时有15%的机率降低目标少量护甲,,1,0,,,,,1,1,1040,78,,2108,,,,100,100,,
2109,4,,8,仙・玄水咒+1,jinengwenzi_003.png,jinengwenzi_041.png,攻击敌方全体目标，造成142%基础攻击附加900点伤害，同时有15%的机率降低目标少量护甲,,1,0,,,,,1,1,1040,78,,2109,,,,100,100,,
2110,4,,9,仙・玄水咒+2,jinengwenzi_003.png,jinengwenzi_041.png,攻击敌方全体目标，造成146%基础攻击附加1000点伤害，同时有15%的机率降低目标少量护甲,,1,0,,,,,1,1,1040,78,,2110,,,,100,100,,
2111,4,,10,仙・玄水咒+3,jinengwenzi_003.png,jinengwenzi_041.png,攻击敌方全体目标，造成150%基础攻击附加1100点伤害，同时有15%的机率降低目标少量护甲,,1,0,,,,,1,1,1040,78,,2111,,,,100,100,,
2112,4,,11,仙・玄水咒+4,jinengwenzi_003.png,jinengwenzi_041.png,攻击敌方全体目标，造成154%基础攻击附加1200点伤害，同时有15%的机率降低目标少量护甲,,1,0,,,,,1,1,1040,78,,2112,,,,100,100,,
2113,4,,12,仙・玄水咒+5,jinengwenzi_003.png,jinengwenzi_041.png,攻击敌方全体目标，造成158%基础攻击附加1300点伤害，同时有15%的机率降低目标少量护甲,,1,0,,,,,1,1,1040,78,,2113,,,,100,100,,
2114,5,,13,神・玄水咒,jinengwenzi_004.png,jinengwenzi_041.png,攻击敌方全体目标，造成162%基础攻击附加1400点伤害，同时有15%的机率降低目标少量护甲,,1,0,,,,,1,1,1040,78,,2114,,,,100,100,,
2115,5,,14,神・玄水咒+1,jinengwenzi_004.png,jinengwenzi_041.png,攻击敌方全体目标，造成166%基础攻击附加1500点伤害，同时有15%的机率降低目标少量护甲,,1,0,,,,,1,1,1040,78,,2115,,,,100,100,,
2116,5,,15,神・玄水咒+2,jinengwenzi_004.png,jinengwenzi_041.png,攻击敌方全体目标，造成170%基础攻击附加1600点伤害，同时有15%的机率降低目标少量护甲,,1,0,,,,,1,1,1040,78,,2116,,,,100,100,,
2117,5,,16,神・玄水咒+3,jinengwenzi_004.png,jinengwenzi_041.png,攻击敌方全体目标，造成174%基础攻击附加1700点伤害，同时有15%的机率降低目标少量护甲,,1,0,,,,,1,1,1040,78,,2117,,,,100,100,,
2118,5,,17,神・玄水咒+4,jinengwenzi_004.png,jinengwenzi_041.png,攻击敌方全体目标，造成178%基础攻击附加1800点伤害，同时有15%的机率降低目标少量护甲,,1,0,,,,,1,1,1040,78,,2118,,,,100,100,,
2119,5,,18,神・玄水咒+5,jinengwenzi_004.png,jinengwenzi_041.png,攻击敌方全体目标，造成182%基础攻击附加1900点伤害，同时有15%的机率降低目标少量护甲,,1,0,,,,,1,1,1040,78,,2119,,,,100,100,,
2120,5,,19,神・玄水咒+6,jinengwenzi_004.png,jinengwenzi_041.png,攻击敌方全体目标，造成186%基础攻击附加2000点伤害，同时有15%的机率降低目标少量护甲,,1,0,,,,,1,1,1040,78,,2120,,,,100,100,,
2121,6,,20,圣・玄水咒,jinengwenzi_005.png,jinengwenzi_041.png,攻击敌方全体目标，造成190%基础攻击附加2100点伤害，同时有15%的机率降低目标少量护甲,,1,0,,,,,1,1,1040,78,,2121,,,,100,100,,
2122,,,21,废弃,jinengwenzi_003.png,jinengwenzi_041.png,攻击敌方全体目标，造成151%基础攻击附加2200点伤害，同时有15%的机率降低目标少量护甲,,1,0,,,,,1,1,1040,78,,2122,,,,100,100,,
2123,,,22,废弃,jinengwenzi_003.png,jinengwenzi_041.png,攻击敌方全体目标，造成152%基础攻击附加2300点伤害，同时有15%的机率降低目标少量护甲,,1,0,,,,,1,1,1040,78,,2123,,,,100,100,,
2124,,,23,废弃,jinengwenzi_003.png,jinengwenzi_041.png,攻击敌方全体目标，造成153%基础攻击附加2400点伤害，同时有15%的机率降低目标少量护甲,,1,0,,,,,1,1,1040,78,,2124,,,,100,100,,
2125,,,24,废弃,jinengwenzi_003.png,jinengwenzi_041.png,攻击敌方全体目标，造成154%基础攻击附加2500点伤害，同时有15%的机率降低目标少量护甲,,1,0,,,,,1,1,1040,78,,2125,,,,100,100,,
2126,,,25,废弃,jinengwenzi_003.png,jinengwenzi_041.png,攻击敌方全体目标，造成155%基础攻击附加2600点伤害，同时有15%的机率降低目标少量护甲,,1,0,,,,,1,1,1040,78,,2126,,,,100,100,,
2127,,,26,废弃,jinengwenzi_003.png,jinengwenzi_041.png,攻击敌方全体目标，造成156%基础攻击附加2700点伤害，同时有15%的机率降低目标少量护甲,,1,0,,,,,1,1,1040,78,,2127,,,,100,100,,
2128,,,27,废弃,jinengwenzi_003.png,jinengwenzi_041.png,攻击敌方全体目标，造成157%基础攻击附加2800点伤害，同时有15%的机率降低目标少量护甲,,1,0,,,,,1,1,1040,78,,2128,,,,100,100,,
2129,,,28,废弃,jinengwenzi_003.png,jinengwenzi_041.png,攻击敌方全体目标，造成158%基础攻击附加2900点伤害，同时有15%的机率降低目标少量护甲,,1,0,,,,,1,1,1040,78,,2129,,,,100,100,,
2130,,,29,废弃,jinengwenzi_003.png,jinengwenzi_041.png,攻击敌方全体目标，造成159%基础攻击附加3000点伤害，同时有15%的机率降低目标少量护甲,,1,0,,,,,1,1,1040,78,,2130,,,,100,100,,
2131,,,30,废弃,jinengwenzi_004.png,jinengwenzi_041.png,攻击敌方全体目标，造成170%基础攻击附加3100点伤害，同时有15%的机率降低目标少量护甲,,1,0,,,,,1,1,1040,78,,2131,,,,100,100,,
2132,,,31,废弃,jinengwenzi_004.png,jinengwenzi_041.png,攻击敌方全体目标，造成171%基础攻击附加3200点伤害，同时有15%的机率降低目标少量护甲,,1,0,,,,,1,1,1040,78,,2132,,,,100,100,,
2133,,,32,废弃,jinengwenzi_004.png,jinengwenzi_041.png,攻击敌方全体目标，造成172%基础攻击附加3300点伤害，同时有15%的机率降低目标少量护甲,,1,0,,,,,1,1,1040,78,,2133,,,,100,100,,
2134,,,33,废弃,jinengwenzi_004.png,jinengwenzi_041.png,攻击敌方全体目标，造成173%基础攻击附加3400点伤害，同时有15%的机率降低目标少量护甲,,1,0,,,,,1,1,1040,78,,2134,,,,100,100,,
2135,,,34,废弃,jinengwenzi_004.png,jinengwenzi_041.png,攻击敌方全体目标，造成174%基础攻击附加3500点伤害，同时有15%的机率降低目标少量护甲,,1,0,,,,,1,1,1040,78,,2135,,,,100,100,,
2136,,,35,废弃,jinengwenzi_004.png,jinengwenzi_041.png,攻击敌方全体目标，造成175%基础攻击附加3600点伤害，同时有15%的机率降低目标少量护甲,,1,0,,,,,1,1,1040,78,,2136,,,,100,100,,
2137,,,36,废弃,jinengwenzi_004.png,jinengwenzi_041.png,攻击敌方全体目标，造成176%基础攻击附加3700点伤害，同时有15%的机率降低目标少量护甲,,1,0,,,,,1,1,1040,78,,2137,,,,100,100,,
2138,,,37,废弃,jinengwenzi_004.png,jinengwenzi_041.png,攻击敌方全体目标，造成177%基础攻击附加3800点伤害，同时有15%的机率降低目标少量护甲,,1,0,,,,,1,1,1040,78,,2138,,,,100,100,,
2139,,,38,废弃,jinengwenzi_004.png,jinengwenzi_041.png,攻击敌方全体目标，造成178%基础攻击附加3900点伤害，同时有15%的机率降低目标少量护甲,,1,0,,,,,1,1,1040,78,,2139,,,,100,100,,
2140,,,39,废弃,jinengwenzi_004.png,jinengwenzi_041.png,攻击敌方全体目标，造成179%基础攻击附加4000点伤害，同时有15%的机率降低目标少量护甲,,1,0,,,,,1,1,1040,78,,2140,,,,100,100,,
2141,,,40,废弃,jinengwenzi_005.png,jinengwenzi_041.png,攻击敌方全体目标，造成190%基础攻击附加4100点伤害，同时有15%的机率降低目标少量护甲,,1,0,,,,,1,1,1040,78,,2141,,,,100,100,,
2142,,,41,废弃,jinengwenzi_005.png,jinengwenzi_041.png,攻击敌方全体目标，造成191%基础攻击附加4200点伤害，同时有15%的机率降低目标少量护甲,,1,0,,,,,1,1,1040,78,,2142,,,,100,100,,
2143,,,42,废弃,jinengwenzi_005.png,jinengwenzi_041.png,攻击敌方全体目标，造成192%基础攻击附加4300点伤害，同时有15%的机率降低目标少量护甲,,1,0,,,,,1,1,1040,78,,2143,,,,100,100,,
2144,,,43,废弃,jinengwenzi_005.png,jinengwenzi_041.png,攻击敌方全体目标，造成193%基础攻击附加4400点伤害，同时有15%的机率降低目标少量护甲,,1,0,,,,,1,1,1040,78,,2144,,,,100,100,,
2145,,,44,废弃,jinengwenzi_005.png,jinengwenzi_041.png,攻击敌方全体目标，造成194%基础攻击附加4500点伤害，同时有15%的机率降低目标少量护甲,,1,0,,,,,1,1,1040,78,,2145,,,,100,100,,
2146,,,45,废弃,jinengwenzi_005.png,jinengwenzi_041.png,攻击敌方全体目标，造成195%基础攻击附加4600点伤害，同时有15%的机率降低目标少量护甲,,1,0,,,,,1,1,1040,78,,2146,,,,100,100,,
2147,,,46,废弃,jinengwenzi_005.png,jinengwenzi_041.png,攻击敌方全体目标，造成196%基础攻击附加4700点伤害，同时有15%的机率降低目标少量护甲,,1,0,,,,,1,1,1040,78,,2147,,,,100,100,,
2148,,,47,废弃,jinengwenzi_005.png,jinengwenzi_041.png,攻击敌方全体目标，造成197%基础攻击附加4800点伤害，同时有15%的机率降低目标少量护甲,,1,0,,,,,1,1,1040,78,,2148,,,,100,100,,
2149,,,48,废弃,jinengwenzi_005.png,jinengwenzi_041.png,攻击敌方全体目标，造成198%基础攻击附加4900点伤害，同时有15%的机率降低目标少量护甲,,1,0,,,,,1,1,1040,78,,2149,,,,100,100,,
2150,,,49,废弃,jinengwenzi_005.png,jinengwenzi_041.png,攻击敌方全体目标，造成199%基础攻击附加5000点伤害，同时有15%的机率降低目标少量护甲,,1,0,,,,,1,1,1040,78,,2150,,,,100,100,,
2151,2,,0,龙神诀,,jinengwenzi_042.png,攻击敌方全体目标，造成110%基础攻击附加100点伤害，同时有20%机率降低目标50点怒气,,1,0,,,,,1,1,1041,56,,2151,,,,100,100,,
2152,2,,1,龙神诀+1,,jinengwenzi_042.png,攻击敌方全体目标，造成114%基础攻击附加200点伤害，同时有20%机率降低目标50点怒气,,1,0,,,,,1,1,1041,56,,2152,,,,100,100,,
2153,2,,2,龙神诀+2,,jinengwenzi_042.png,攻击敌方全体目标，造成118%基础攻击附加300点伤害，同时有20%机率降低目标50点怒气,,1,0,,,,,1,1,1041,56,,2153,,,,100,100,,
2154,3,,3,灵・龙神诀,jinengwenzi_002.png,jinengwenzi_042.png,攻击敌方全体目标，造成122%基础攻击附加400点伤害，同时有20%机率降低目标50点怒气,,1,0,,,,,1,1,1041,56,,2154,,,,100,100,,
2155,3,,4,灵・龙神诀+1,jinengwenzi_002.png,jinengwenzi_042.png,攻击敌方全体目标，造成126%基础攻击附加500点伤害，同时有20%机率降低目标50点怒气,,1,0,,,,,1,1,1041,56,,2155,,,,100,100,,
2156,3,,5,灵・龙神诀+2,jinengwenzi_002.png,jinengwenzi_042.png,攻击敌方全体目标，造成130%基础攻击附加600点伤害，同时有20%机率降低目标50点怒气,,1,0,,,,,1,1,1041,56,,2156,,,,100,100,,
2157,3,,6,灵・龙神诀+3,jinengwenzi_002.png,jinengwenzi_042.png,攻击敌方全体目标，造成134%基础攻击附加700点伤害，同时有20%机率降低目标50点怒气,,1,0,,,,,1,1,1041,56,,2157,,,,100,100,,
2158,4,,7,仙・龙神诀,jinengwenzi_003.png,jinengwenzi_042.png,攻击敌方全体目标，造成138%基础攻击附加800点伤害，同时有20%机率降低目标50点怒气,,1,0,,,,,1,1,1041,56,,2158,,,,100,100,,
2159,4,,8,仙・龙神诀+1,jinengwenzi_003.png,jinengwenzi_042.png,攻击敌方全体目标，造成142%基础攻击附加900点伤害，同时有20%机率降低目标50点怒气,,1,0,,,,,1,1,1041,56,,2159,,,,100,100,,
2160,4,,9,仙・龙神诀+2,jinengwenzi_003.png,jinengwenzi_042.png,攻击敌方全体目标，造成146%基础攻击附加1000点伤害，同时有20%机率降低目标50点怒气,,1,0,,,,,1,1,1041,56,,2160,,,,100,100,,
2161,4,,10,仙・龙神诀+3,jinengwenzi_003.png,jinengwenzi_042.png,攻击敌方全体目标，造成150%基础攻击附加1100点伤害，同时有20%机率降低目标50点怒气,,1,0,,,,,1,1,1041,56,,2161,,,,100,100,,
2162,4,,11,仙・龙神诀+4,jinengwenzi_003.png,jinengwenzi_042.png,攻击敌方全体目标，造成154%基础攻击附加1200点伤害，同时有20%机率降低目标50点怒气,,1,0,,,,,1,1,1041,56,,2162,,,,100,100,,
2163,4,,12,仙・龙神诀+5,jinengwenzi_003.png,jinengwenzi_042.png,攻击敌方全体目标，造成158%基础攻击附加1300点伤害，同时有20%机率降低目标50点怒气,,1,0,,,,,1,1,1041,56,,2163,,,,100,100,,
2164,5,,13,神・龙神诀,jinengwenzi_004.png,jinengwenzi_042.png,攻击敌方全体目标，造成162%基础攻击附加1400点伤害，同时有20%机率降低目标50点怒气,,1,0,,,,,1,1,1041,56,,2164,,,,100,100,,
2165,5,,14,神・龙神诀+1,jinengwenzi_004.png,jinengwenzi_042.png,攻击敌方全体目标，造成166%基础攻击附加1500点伤害，同时有20%机率降低目标50点怒气,,1,0,,,,,1,1,1041,56,,2165,,,,100,100,,
2166,5,,15,神・龙神诀+2,jinengwenzi_004.png,jinengwenzi_042.png,攻击敌方全体目标，造成170%基础攻击附加1600点伤害，同时有20%机率降低目标50点怒气,,1,0,,,,,1,1,1041,56,,2166,,,,100,100,,
2167,5,,16,神・龙神诀+3,jinengwenzi_004.png,jinengwenzi_042.png,攻击敌方全体目标，造成174%基础攻击附加1700点伤害，同时有20%机率降低目标50点怒气,,1,0,,,,,1,1,1041,56,,2167,,,,100,100,,
2168,5,,17,神・龙神诀+4,jinengwenzi_004.png,jinengwenzi_042.png,攻击敌方全体目标，造成178%基础攻击附加1800点伤害，同时有20%机率降低目标50点怒气,,1,0,,,,,1,1,1041,56,,2168,,,,100,100,,
2169,5,,18,神・龙神诀+5,jinengwenzi_004.png,jinengwenzi_042.png,攻击敌方全体目标，造成182%基础攻击附加1900点伤害，同时有20%机率降低目标50点怒气,,1,0,,,,,1,1,1041,56,,2169,,,,100,100,,
2170,5,,19,神・龙神诀+6,jinengwenzi_004.png,jinengwenzi_042.png,攻击敌方全体目标，造成186%基础攻击附加2000点伤害，同时有20%机率降低目标50点怒气,,1,0,,,,,1,1,1041,56,,2170,,,,100,100,,
2171,6,,20,圣・龙神诀,jinengwenzi_005.png,jinengwenzi_042.png,攻击敌方全体目标，造成190%基础攻击附加2100点伤害，同时有20%机率降低目标50点怒气,,1,0,,,,,1,1,1041,56,,2171,,,,100,100,,
2172,,,21,废弃,jinengwenzi_003.png,jinengwenzi_042.png,攻击敌方全体目标，造成151%基础攻击附加2200点伤害，同时有20%机率降低目标50点怒气,,1,0,,,,,1,1,1041,56,,2172,,,,100,100,,
2173,,,22,废弃,jinengwenzi_003.png,jinengwenzi_042.png,攻击敌方全体目标，造成152%基础攻击附加2300点伤害，同时有20%机率降低目标50点怒气,,1,0,,,,,1,1,1041,56,,2173,,,,100,100,,
2174,,,23,废弃,jinengwenzi_003.png,jinengwenzi_042.png,攻击敌方全体目标，造成153%基础攻击附加2400点伤害，同时有20%机率降低目标50点怒气,,1,0,,,,,1,1,1041,56,,2174,,,,100,100,,
2175,,,24,废弃,jinengwenzi_003.png,jinengwenzi_042.png,攻击敌方全体目标，造成154%基础攻击附加2500点伤害，同时有20%机率降低目标50点怒气,,1,0,,,,,1,1,1041,56,,2175,,,,100,100,,
2176,,,25,废弃,jinengwenzi_003.png,jinengwenzi_042.png,攻击敌方全体目标，造成155%基础攻击附加2600点伤害，同时有20%机率降低目标50点怒气,,1,0,,,,,1,1,1041,56,,2176,,,,100,100,,
2177,,,26,废弃,jinengwenzi_003.png,jinengwenzi_042.png,攻击敌方全体目标，造成156%基础攻击附加2700点伤害，同时有20%机率降低目标50点怒气,,1,0,,,,,1,1,1041,56,,2177,,,,100,100,,
2178,,,27,废弃,jinengwenzi_003.png,jinengwenzi_042.png,攻击敌方全体目标，造成157%基础攻击附加2800点伤害，同时有20%机率降低目标50点怒气,,1,0,,,,,1,1,1041,56,,2178,,,,100,100,,
2179,,,28,废弃,jinengwenzi_003.png,jinengwenzi_042.png,攻击敌方全体目标，造成158%基础攻击附加2900点伤害，同时有20%机率降低目标50点怒气,,1,0,,,,,1,1,1041,56,,2179,,,,100,100,,
2180,,,29,废弃,jinengwenzi_003.png,jinengwenzi_042.png,攻击敌方全体目标，造成159%基础攻击附加3000点伤害，同时有20%机率降低目标50点怒气,,1,0,,,,,1,1,1041,56,,2180,,,,100,100,,
2181,,,30,废弃,jinengwenzi_004.png,jinengwenzi_042.png,攻击敌方全体目标，造成170%基础攻击附加3100点伤害，同时有20%机率降低目标50点怒气,,1,0,,,,,1,1,1041,56,,2181,,,,100,100,,
2182,,,31,废弃,jinengwenzi_004.png,jinengwenzi_042.png,攻击敌方全体目标，造成171%基础攻击附加3200点伤害，同时有20%机率降低目标50点怒气,,1,0,,,,,1,1,1041,56,,2182,,,,100,100,,
2183,,,32,废弃,jinengwenzi_004.png,jinengwenzi_042.png,攻击敌方全体目标，造成172%基础攻击附加3300点伤害，同时有20%机率降低目标50点怒气,,1,0,,,,,1,1,1041,56,,2183,,,,100,100,,
2184,,,33,废弃,jinengwenzi_004.png,jinengwenzi_042.png,攻击敌方全体目标，造成173%基础攻击附加3400点伤害，同时有20%机率降低目标50点怒气,,1,0,,,,,1,1,1041,56,,2184,,,,100,100,,
2185,,,34,废弃,jinengwenzi_004.png,jinengwenzi_042.png,攻击敌方全体目标，造成174%基础攻击附加3500点伤害，同时有20%机率降低目标50点怒气,,1,0,,,,,1,1,1041,56,,2185,,,,100,100,,
2186,,,35,废弃,jinengwenzi_004.png,jinengwenzi_042.png,攻击敌方全体目标，造成175%基础攻击附加3600点伤害，同时有20%机率降低目标50点怒气,,1,0,,,,,1,1,1041,56,,2186,,,,100,100,,
2187,,,36,废弃,jinengwenzi_004.png,jinengwenzi_042.png,攻击敌方全体目标，造成176%基础攻击附加3700点伤害，同时有20%机率降低目标50点怒气,,1,0,,,,,1,1,1041,56,,2187,,,,100,100,,
2188,,,37,废弃,jinengwenzi_004.png,jinengwenzi_042.png,攻击敌方全体目标，造成177%基础攻击附加3800点伤害，同时有20%机率降低目标50点怒气,,1,0,,,,,1,1,1041,56,,2188,,,,100,100,,
2189,,,38,废弃,jinengwenzi_004.png,jinengwenzi_042.png,攻击敌方全体目标，造成178%基础攻击附加3900点伤害，同时有20%机率降低目标50点怒气,,1,0,,,,,1,1,1041,56,,2189,,,,100,100,,
2190,,,39,废弃,jinengwenzi_004.png,jinengwenzi_042.png,攻击敌方全体目标，造成179%基础攻击附加4000点伤害，同时有20%机率降低目标50点怒气,,1,0,,,,,1,1,1041,56,,2190,,,,100,100,,
2191,,,40,废弃,jinengwenzi_005.png,jinengwenzi_042.png,攻击敌方全体目标，造成190%基础攻击附加4100点伤害，同时有20%机率降低目标50点怒气,,1,0,,,,,1,1,1041,56,,2191,,,,100,100,,
2192,,,41,废弃,jinengwenzi_005.png,jinengwenzi_042.png,攻击敌方全体目标，造成191%基础攻击附加4200点伤害，同时有20%机率降低目标50点怒气,,1,0,,,,,1,1,1041,56,,2192,,,,100,100,,
2193,,,42,废弃,jinengwenzi_005.png,jinengwenzi_042.png,攻击敌方全体目标，造成192%基础攻击附加4300点伤害，同时有20%机率降低目标50点怒气,,1,0,,,,,1,1,1041,56,,2193,,,,100,100,,
2194,,,43,废弃,jinengwenzi_005.png,jinengwenzi_042.png,攻击敌方全体目标，造成193%基础攻击附加4400点伤害，同时有20%机率降低目标50点怒气,,1,0,,,,,1,1,1041,56,,2194,,,,100,100,,
2195,,,44,废弃,jinengwenzi_005.png,jinengwenzi_042.png,攻击敌方全体目标，造成194%基础攻击附加4500点伤害，同时有20%机率降低目标50点怒气,,1,0,,,,,1,1,1041,56,,2195,,,,100,100,,
2196,,,45,废弃,jinengwenzi_005.png,jinengwenzi_042.png,攻击敌方全体目标，造成195%基础攻击附加4600点伤害，同时有20%机率降低目标50点怒气,,1,0,,,,,1,1,1041,56,,2196,,,,100,100,,
2197,,,46,废弃,jinengwenzi_005.png,jinengwenzi_042.png,攻击敌方全体目标，造成196%基础攻击附加4700点伤害，同时有20%机率降低目标50点怒气,,1,0,,,,,1,1,1041,56,,2197,,,,100,100,,
2198,,,47,废弃,jinengwenzi_005.png,jinengwenzi_042.png,攻击敌方全体目标，造成197%基础攻击附加4800点伤害，同时有20%机率降低目标50点怒气,,1,0,,,,,1,1,1041,56,,2198,,,,100,100,,
2199,,,48,废弃,jinengwenzi_005.png,jinengwenzi_042.png,攻击敌方全体目标，造成198%基础攻击附加4900点伤害，同时有20%机率降低目标50点怒气,,1,0,,,,,1,1,1041,56,,2199,,,,100,100,,
2200,,,49,废弃,jinengwenzi_005.png,jinengwenzi_042.png,攻击敌方全体目标，造成199%基础攻击附加5000点伤害，同时有20%机率降低目标50点怒气,,1,0,,,,,1,1,1041,56,,2200,,,,100,100,,
2201,2,,0,赤焰燎原,,jinengwenzi_043.png,攻击敌方全体目标，造成110%基础攻击附加100点伤害，同时有20%机率使目标眩晕1回合,,1,0,,,,,1,1,1042,63,,2201,,,,100,100,,
2202,2,,1,赤焰燎原+1,,jinengwenzi_043.png,攻击敌方全体目标，造成114%基础攻击附加200点伤害，同时有20%机率使目标眩晕1回合,,1,0,,,,,1,1,1042,63,,2202,,,,100,100,,
2203,2,,2,赤焰燎原+2,,jinengwenzi_043.png,攻击敌方全体目标，造成118%基础攻击附加300点伤害，同时有20%机率使目标眩晕1回合,,1,0,,,,,1,1,1042,63,,2203,,,,100,100,,
2204,3,,3,灵・赤焰燎原,jinengwenzi_002.png,jinengwenzi_043.png,攻击敌方全体目标，造成122%基础攻击附加400点伤害，同时有20%机率使目标眩晕1回合,,1,0,,,,,1,1,1042,63,,2204,,,,100,100,,
2205,3,,4,灵・赤焰燎原+1,jinengwenzi_002.png,jinengwenzi_043.png,攻击敌方全体目标，造成126%基础攻击附加500点伤害，同时有20%机率使目标眩晕1回合,,1,0,,,,,1,1,1042,63,,2205,,,,100,100,,
2206,3,,5,灵・赤焰燎原+2,jinengwenzi_002.png,jinengwenzi_043.png,攻击敌方全体目标，造成130%基础攻击附加600点伤害，同时有20%机率使目标眩晕1回合,,1,0,,,,,1,1,1042,63,,2206,,,,100,100,,
2207,3,,6,灵・赤焰燎原+3,jinengwenzi_002.png,jinengwenzi_043.png,攻击敌方全体目标，造成134%基础攻击附加700点伤害，同时有20%机率使目标眩晕1回合,,1,0,,,,,1,1,1042,63,,2207,,,,100,100,,
2208,4,,7,仙・赤焰燎原,jinengwenzi_003.png,jinengwenzi_043.png,攻击敌方全体目标，造成138%基础攻击附加800点伤害，同时有20%机率使目标眩晕1回合,,1,0,,,,,1,1,1042,63,,2208,,,,100,100,,
2209,4,,8,仙・赤焰燎原+1,jinengwenzi_003.png,jinengwenzi_043.png,攻击敌方全体目标，造成142%基础攻击附加900点伤害，同时有20%机率使目标眩晕1回合,,1,0,,,,,1,1,1042,63,,2209,,,,100,100,,
2210,4,,9,仙・赤焰燎原+2,jinengwenzi_003.png,jinengwenzi_043.png,攻击敌方全体目标，造成146%基础攻击附加1000点伤害，同时有20%机率使目标眩晕1回合,,1,0,,,,,1,1,1042,63,,2210,,,,100,100,,
2211,4,,10,仙・赤焰燎原+3,jinengwenzi_003.png,jinengwenzi_043.png,攻击敌方全体目标，造成150%基础攻击附加1100点伤害，同时有20%机率使目标眩晕1回合,,1,0,,,,,1,1,1042,63,,2211,,,,100,100,,
2212,4,,11,仙・赤焰燎原+4,jinengwenzi_003.png,jinengwenzi_043.png,攻击敌方全体目标，造成154%基础攻击附加1200点伤害，同时有20%机率使目标眩晕1回合,,1,0,,,,,1,1,1042,63,,2212,,,,100,100,,
2213,4,,12,仙・赤焰燎原+5,jinengwenzi_003.png,jinengwenzi_043.png,攻击敌方全体目标，造成158%基础攻击附加1300点伤害，同时有20%机率使目标眩晕1回合,,1,0,,,,,1,1,1042,63,,2213,,,,100,100,,
2214,5,,13,神・赤焰燎原,jinengwenzi_004.png,jinengwenzi_043.png,攻击敌方全体目标，造成162%基础攻击附加1400点伤害，同时有20%机率使目标眩晕1回合,,1,0,,,,,1,1,1042,63,,2214,,,,100,100,,
2215,5,,14,神・赤焰燎原+1,jinengwenzi_004.png,jinengwenzi_043.png,攻击敌方全体目标，造成166%基础攻击附加1500点伤害，同时有20%机率使目标眩晕1回合,,1,0,,,,,1,1,1042,63,,2215,,,,100,100,,
2216,5,,15,神・赤焰燎原+2,jinengwenzi_004.png,jinengwenzi_043.png,攻击敌方全体目标，造成170%基础攻击附加1600点伤害，同时有20%机率使目标眩晕1回合,,1,0,,,,,1,1,1042,63,,2216,,,,100,100,,
2217,5,,16,神・赤焰燎原+3,jinengwenzi_004.png,jinengwenzi_043.png,攻击敌方全体目标，造成174%基础攻击附加1700点伤害，同时有20%机率使目标眩晕1回合,,1,0,,,,,1,1,1042,63,,2217,,,,100,100,,
2218,5,,17,神・赤焰燎原+4,jinengwenzi_004.png,jinengwenzi_043.png,攻击敌方全体目标，造成178%基础攻击附加1800点伤害，同时有20%机率使目标眩晕1回合,,1,0,,,,,1,1,1042,63,,2218,,,,100,100,,
2219,5,,18,神・赤焰燎原+5,jinengwenzi_004.png,jinengwenzi_043.png,攻击敌方全体目标，造成182%基础攻击附加1900点伤害，同时有20%机率使目标眩晕1回合,,1,0,,,,,1,1,1042,63,,2219,,,,100,100,,
2220,5,,19,神・赤焰燎原+6,jinengwenzi_004.png,jinengwenzi_043.png,攻击敌方全体目标，造成186%基础攻击附加2000点伤害，同时有20%机率使目标眩晕1回合,,1,0,,,,,1,1,1042,63,,2220,,,,100,100,,
2221,6,,20,圣・赤焰燎原,jinengwenzi_005.png,jinengwenzi_043.png,攻击敌方全体目标，造成190%基础攻击附加2100点伤害，同时有20%机率使目标眩晕1回合,,1,0,,,,,1,1,1042,63,,2221,,,,100,100,,
2222,,,21,废弃,jinengwenzi_003.png,jinengwenzi_043.png,攻击敌方全体目标，造成151%基础攻击附加2200点伤害，同时有20%机率使目标眩晕1回合,,1,0,,,,,1,1,1042,63,,2222,,,,100,100,,
2223,,,22,废弃,jinengwenzi_003.png,jinengwenzi_043.png,攻击敌方全体目标，造成152%基础攻击附加2300点伤害，同时有20%机率使目标眩晕1回合,,1,0,,,,,1,1,1042,63,,2223,,,,100,100,,
2224,,,23,废弃,jinengwenzi_003.png,jinengwenzi_043.png,攻击敌方全体目标，造成153%基础攻击附加2400点伤害，同时有20%机率使目标眩晕1回合,,1,0,,,,,1,1,1042,63,,2224,,,,100,100,,
2225,,,24,废弃,jinengwenzi_003.png,jinengwenzi_043.png,攻击敌方全体目标，造成154%基础攻击附加2500点伤害，同时有20%机率使目标眩晕1回合,,1,0,,,,,1,1,1042,63,,2225,,,,100,100,,
2226,,,25,废弃,jinengwenzi_003.png,jinengwenzi_043.png,攻击敌方全体目标，造成155%基础攻击附加2600点伤害，同时有20%机率使目标眩晕1回合,,1,0,,,,,1,1,1042,63,,2226,,,,100,100,,
2227,,,26,废弃,jinengwenzi_003.png,jinengwenzi_043.png,攻击敌方全体目标，造成156%基础攻击附加2700点伤害，同时有20%机率使目标眩晕1回合,,1,0,,,,,1,1,1042,63,,2227,,,,100,100,,
2228,,,27,废弃,jinengwenzi_003.png,jinengwenzi_043.png,攻击敌方全体目标，造成157%基础攻击附加2800点伤害，同时有20%机率使目标眩晕1回合,,1,0,,,,,1,1,1042,63,,2228,,,,100,100,,
2229,,,28,废弃,jinengwenzi_003.png,jinengwenzi_043.png,攻击敌方全体目标，造成158%基础攻击附加2900点伤害，同时有20%机率使目标眩晕1回合,,1,0,,,,,1,1,1042,63,,2229,,,,100,100,,
2230,,,29,废弃,jinengwenzi_003.png,jinengwenzi_043.png,攻击敌方全体目标，造成159%基础攻击附加3000点伤害，同时有20%机率使目标眩晕1回合,,1,0,,,,,1,1,1042,63,,2230,,,,100,100,,
2231,,,30,废弃,jinengwenzi_004.png,jinengwenzi_043.png,攻击敌方全体目标，造成170%基础攻击附加3100点伤害，同时有20%机率使目标眩晕1回合,,1,0,,,,,1,1,1042,63,,2231,,,,100,100,,
2232,,,31,废弃,jinengwenzi_004.png,jinengwenzi_043.png,攻击敌方全体目标，造成171%基础攻击附加3200点伤害，同时有20%机率使目标眩晕1回合,,1,0,,,,,1,1,1042,63,,2232,,,,100,100,,
2233,,,32,废弃,jinengwenzi_004.png,jinengwenzi_043.png,攻击敌方全体目标，造成172%基础攻击附加3300点伤害，同时有20%机率使目标眩晕1回合,,1,0,,,,,1,1,1042,63,,2233,,,,100,100,,
2234,,,33,废弃,jinengwenzi_004.png,jinengwenzi_043.png,攻击敌方全体目标，造成173%基础攻击附加3400点伤害，同时有20%机率使目标眩晕1回合,,1,0,,,,,1,1,1042,63,,2234,,,,100,100,,
2235,,,34,废弃,jinengwenzi_004.png,jinengwenzi_043.png,攻击敌方全体目标，造成174%基础攻击附加3500点伤害，同时有20%机率使目标眩晕1回合,,1,0,,,,,1,1,1042,63,,2235,,,,100,100,,
2236,,,35,废弃,jinengwenzi_004.png,jinengwenzi_043.png,攻击敌方全体目标，造成175%基础攻击附加3600点伤害，同时有20%机率使目标眩晕1回合,,1,0,,,,,1,1,1042,63,,2236,,,,100,100,,
2237,,,36,废弃,jinengwenzi_004.png,jinengwenzi_043.png,攻击敌方全体目标，造成176%基础攻击附加3700点伤害，同时有20%机率使目标眩晕1回合,,1,0,,,,,1,1,1042,63,,2237,,,,100,100,,
2238,,,37,废弃,jinengwenzi_004.png,jinengwenzi_043.png,攻击敌方全体目标，造成177%基础攻击附加3800点伤害，同时有20%机率使目标眩晕1回合,,1,0,,,,,1,1,1042,63,,2238,,,,100,100,,
2239,,,38,废弃,jinengwenzi_004.png,jinengwenzi_043.png,攻击敌方全体目标，造成178%基础攻击附加3900点伤害，同时有20%机率使目标眩晕1回合,,1,0,,,,,1,1,1042,63,,2239,,,,100,100,,
2240,,,39,废弃,jinengwenzi_004.png,jinengwenzi_043.png,攻击敌方全体目标，造成179%基础攻击附加4000点伤害，同时有20%机率使目标眩晕1回合,,1,0,,,,,1,1,1042,63,,2240,,,,100,100,,
2241,,,40,废弃,jinengwenzi_005.png,jinengwenzi_043.png,攻击敌方全体目标，造成190%基础攻击附加4100点伤害，同时有20%机率使目标眩晕1回合,,1,0,,,,,1,1,1042,63,,2241,,,,100,100,,
2242,,,41,废弃,jinengwenzi_005.png,jinengwenzi_043.png,攻击敌方全体目标，造成191%基础攻击附加4200点伤害，同时有20%机率使目标眩晕1回合,,1,0,,,,,1,1,1042,63,,2242,,,,100,100,,
2243,,,42,废弃,jinengwenzi_005.png,jinengwenzi_043.png,攻击敌方全体目标，造成192%基础攻击附加4300点伤害，同时有20%机率使目标眩晕1回合,,1,0,,,,,1,1,1042,63,,2243,,,,100,100,,
2244,,,43,废弃,jinengwenzi_005.png,jinengwenzi_043.png,攻击敌方全体目标，造成193%基础攻击附加4400点伤害，同时有20%机率使目标眩晕1回合,,1,0,,,,,1,1,1042,63,,2244,,,,100,100,,
2245,,,44,废弃,jinengwenzi_005.png,jinengwenzi_043.png,攻击敌方全体目标，造成194%基础攻击附加4500点伤害，同时有20%机率使目标眩晕1回合,,1,0,,,,,1,1,1042,63,,2245,,,,100,100,,
2246,,,45,废弃,jinengwenzi_005.png,jinengwenzi_043.png,攻击敌方全体目标，造成195%基础攻击附加4600点伤害，同时有20%机率使目标眩晕1回合,,1,0,,,,,1,1,1042,63,,2246,,,,100,100,,
2247,,,46,废弃,jinengwenzi_005.png,jinengwenzi_043.png,攻击敌方全体目标，造成196%基础攻击附加4700点伤害，同时有20%机率使目标眩晕1回合,,1,0,,,,,1,1,1042,63,,2247,,,,100,100,,
2248,,,47,废弃,jinengwenzi_005.png,jinengwenzi_043.png,攻击敌方全体目标，造成197%基础攻击附加4800点伤害，同时有20%机率使目标眩晕1回合,,1,0,,,,,1,1,1042,63,,2248,,,,100,100,,
2249,,,48,废弃,jinengwenzi_005.png,jinengwenzi_043.png,攻击敌方全体目标，造成198%基础攻击附加4900点伤害，同时有20%机率使目标眩晕1回合,,1,0,,,,,1,1,1042,63,,2249,,,,100,100,,
2250,,,49,废弃,jinengwenzi_005.png,jinengwenzi_043.png,攻击敌方全体目标，造成199%基础攻击附加5000点伤害，同时有20%机率使目标眩晕1回合,,1,0,,,,,1,1,1042,63,,2250,,,,100,100,,
2251,2,,0,魅惑之光,,jinengwenzi_044.png,攻击敌方全体目标，造成110%基础攻击附加100点伤害，同时有20%机率降低目标50点怒气并眩晕一回合,,1,0,,,,,1,1,1043,59,,2251,,,,100,100,,
2252,2,,1,魅惑之光+1,,jinengwenzi_044.png,攻击敌方全体目标，造成114%基础攻击附加200点伤害，同时有20%机率降低目标50点怒气并眩晕一回合,,1,0,,,,,1,1,1043,59,,2252,,,,100,100,,
2253,2,,2,魅惑之光+2,,jinengwenzi_044.png,攻击敌方全体目标，造成118%基础攻击附加300点伤害，同时有20%机率降低目标50点怒气并眩晕一回合,,1,0,,,,,1,1,1043,59,,2253,,,,100,100,,
2254,3,,3,灵・魅惑之光,jinengwenzi_002.png,jinengwenzi_044.png,攻击敌方全体目标，造成122%基础攻击附加400点伤害，同时有20%机率降低目标50点怒气并眩晕一回合,,1,0,,,,,1,1,1043,59,,2254,,,,100,100,,
2255,3,,4,灵・魅惑之光+1,jinengwenzi_002.png,jinengwenzi_044.png,攻击敌方全体目标，造成126%基础攻击附加500点伤害，同时有20%机率降低目标50点怒气并眩晕一回合,,1,0,,,,,1,1,1043,59,,2255,,,,100,100,,
2256,3,,5,灵・魅惑之光+2,jinengwenzi_002.png,jinengwenzi_044.png,攻击敌方全体目标，造成130%基础攻击附加600点伤害，同时有20%机率降低目标50点怒气并眩晕一回合,,1,0,,,,,1,1,1043,59,,2256,,,,100,100,,
2257,3,,6,灵・魅惑之光+3,jinengwenzi_002.png,jinengwenzi_044.png,攻击敌方全体目标，造成134%基础攻击附加700点伤害，同时有20%机率降低目标50点怒气并眩晕一回合,,1,0,,,,,1,1,1043,59,,2257,,,,100,100,,
2258,4,,7,仙・魅惑之光,jinengwenzi_003.png,jinengwenzi_044.png,攻击敌方全体目标，造成138%基础攻击附加800点伤害，同时有20%机率降低目标50点怒气并眩晕一回合,,1,0,,,,,1,1,1043,59,,2258,,,,100,100,,
2259,4,,8,仙・魅惑之光+1,jinengwenzi_003.png,jinengwenzi_044.png,攻击敌方全体目标，造成142%基础攻击附加900点伤害，同时有20%机率降低目标50点怒气并眩晕一回合,,1,0,,,,,1,1,1043,59,,2259,,,,100,100,,
2260,4,,9,仙・魅惑之光+2,jinengwenzi_003.png,jinengwenzi_044.png,攻击敌方全体目标，造成146%基础攻击附加1000点伤害，同时有20%机率降低目标50点怒气并眩晕一回合,,1,0,,,,,1,1,1043,59,,2260,,,,100,100,,
2261,4,,10,仙・魅惑之光+3,jinengwenzi_003.png,jinengwenzi_044.png,攻击敌方全体目标，造成150%基础攻击附加1100点伤害，同时有20%机率降低目标50点怒气并眩晕一回合,,1,0,,,,,1,1,1043,59,,2261,,,,100,100,,
2262,4,,11,仙・魅惑之光+4,jinengwenzi_003.png,jinengwenzi_044.png,攻击敌方全体目标，造成154%基础攻击附加1200点伤害，同时有20%机率降低目标50点怒气并眩晕一回合,,1,0,,,,,1,1,1043,59,,2262,,,,100,100,,
2263,4,,12,仙・魅惑之光+5,jinengwenzi_003.png,jinengwenzi_044.png,攻击敌方全体目标，造成158%基础攻击附加1300点伤害，同时有20%机率降低目标50点怒气并眩晕一回合,,1,0,,,,,1,1,1043,59,,2263,,,,100,100,,
2264,5,,13,神・魅惑之光,jinengwenzi_004.png,jinengwenzi_044.png,攻击敌方全体目标，造成162%基础攻击附加1400点伤害，同时有20%机率降低目标50点怒气并眩晕一回合,,1,0,,,,,1,1,1043,59,,2264,,,,100,100,,
2265,5,,14,神・魅惑之光+1,jinengwenzi_004.png,jinengwenzi_044.png,攻击敌方全体目标，造成166%基础攻击附加1500点伤害，同时有20%机率降低目标50点怒气并眩晕一回合,,1,0,,,,,1,1,1043,59,,2265,,,,100,100,,
2266,5,,15,神・魅惑之光+2,jinengwenzi_004.png,jinengwenzi_044.png,攻击敌方全体目标，造成170%基础攻击附加1600点伤害，同时有20%机率降低目标50点怒气并眩晕一回合,,1,0,,,,,1,1,1043,59,,2266,,,,100,100,,
2267,5,,16,神・魅惑之光+3,jinengwenzi_004.png,jinengwenzi_044.png,攻击敌方全体目标，造成174%基础攻击附加1700点伤害，同时有20%机率降低目标50点怒气并眩晕一回合,,1,0,,,,,1,1,1043,59,,2267,,,,100,100,,
2268,5,,17,神・魅惑之光+4,jinengwenzi_004.png,jinengwenzi_044.png,攻击敌方全体目标，造成178%基础攻击附加1800点伤害，同时有20%机率降低目标50点怒气并眩晕一回合,,1,0,,,,,1,1,1043,59,,2268,,,,100,100,,
2269,5,,18,神・魅惑之光+5,jinengwenzi_004.png,jinengwenzi_044.png,攻击敌方全体目标，造成182%基础攻击附加1900点伤害，同时有20%机率降低目标50点怒气并眩晕一回合,,1,0,,,,,1,1,1043,59,,2269,,,,100,100,,
2270,5,,19,神・魅惑之光+6,jinengwenzi_004.png,jinengwenzi_044.png,攻击敌方全体目标，造成186%基础攻击附加2000点伤害，同时有20%机率降低目标50点怒气并眩晕一回合,,1,0,,,,,1,1,1043,59,,2270,,,,100,100,,
2271,6,,20,圣・魅惑之光,jinengwenzi_005.png,jinengwenzi_044.png,攻击敌方全体目标，造成190%基础攻击附加2100点伤害，同时有20%机率降低目标50点怒气并眩晕一回合,,1,0,,,,,1,1,1043,59,,2271,,,,100,100,,
2272,,,21,废弃,jinengwenzi_003.png,jinengwenzi_044.png,攻击敌方全体目标，造成151%基础攻击附加2200点伤害，同时有20%机率降低目标50点怒气并眩晕一回合,,1,0,,,,,1,1,1043,59,,2272,,,,100,100,,
2273,,,22,废弃,jinengwenzi_003.png,jinengwenzi_044.png,攻击敌方全体目标，造成152%基础攻击附加2300点伤害，同时有20%机率降低目标50点怒气并眩晕一回合,,1,0,,,,,1,1,1043,59,,2273,,,,100,100,,
2274,,,23,废弃,jinengwenzi_003.png,jinengwenzi_044.png,攻击敌方全体目标，造成153%基础攻击附加2400点伤害，同时有20%机率降低目标50点怒气并眩晕一回合,,1,0,,,,,1,1,1043,59,,2274,,,,100,100,,
2275,,,24,废弃,jinengwenzi_003.png,jinengwenzi_044.png,攻击敌方全体目标，造成154%基础攻击附加2500点伤害，同时有20%机率降低目标50点怒气并眩晕一回合,,1,0,,,,,1,1,1043,59,,2275,,,,100,100,,
2276,,,25,废弃,jinengwenzi_003.png,jinengwenzi_044.png,攻击敌方全体目标，造成155%基础攻击附加2600点伤害，同时有20%机率降低目标50点怒气并眩晕一回合,,1,0,,,,,1,1,1043,59,,2276,,,,100,100,,
2277,,,26,废弃,jinengwenzi_003.png,jinengwenzi_044.png,攻击敌方全体目标，造成156%基础攻击附加2700点伤害，同时有20%机率降低目标50点怒气并眩晕一回合,,1,0,,,,,1,1,1043,59,,2277,,,,100,100,,
2278,,,27,废弃,jinengwenzi_003.png,jinengwenzi_044.png,攻击敌方全体目标，造成157%基础攻击附加2800点伤害，同时有20%机率降低目标50点怒气并眩晕一回合,,1,0,,,,,1,1,1043,59,,2278,,,,100,100,,
2279,,,28,废弃,jinengwenzi_003.png,jinengwenzi_044.png,攻击敌方全体目标，造成158%基础攻击附加2900点伤害，同时有20%机率降低目标50点怒气并眩晕一回合,,1,0,,,,,1,1,1043,59,,2279,,,,100,100,,
2280,,,29,废弃,jinengwenzi_003.png,jinengwenzi_044.png,攻击敌方全体目标，造成159%基础攻击附加3000点伤害，同时有20%机率降低目标50点怒气并眩晕一回合,,1,0,,,,,1,1,1043,59,,2280,,,,100,100,,
2281,,,30,废弃,jinengwenzi_004.png,jinengwenzi_044.png,攻击敌方全体目标，造成170%基础攻击附加3100点伤害，同时有20%机率降低目标50点怒气并眩晕一回合,,1,0,,,,,1,1,1043,59,,2281,,,,100,100,,
2282,,,31,废弃,jinengwenzi_004.png,jinengwenzi_044.png,攻击敌方全体目标，造成171%基础攻击附加3200点伤害，同时有20%机率降低目标50点怒气并眩晕一回合,,1,0,,,,,1,1,1043,59,,2282,,,,100,100,,
2283,,,32,废弃,jinengwenzi_004.png,jinengwenzi_044.png,攻击敌方全体目标，造成172%基础攻击附加3300点伤害，同时有20%机率降低目标50点怒气并眩晕一回合,,1,0,,,,,1,1,1043,59,,2283,,,,100,100,,
2284,,,33,废弃,jinengwenzi_004.png,jinengwenzi_044.png,攻击敌方全体目标，造成173%基础攻击附加3400点伤害，同时有20%机率降低目标50点怒气并眩晕一回合,,1,0,,,,,1,1,1043,59,,2284,,,,100,100,,
2285,,,34,废弃,jinengwenzi_004.png,jinengwenzi_044.png,攻击敌方全体目标，造成174%基础攻击附加3500点伤害，同时有20%机率降低目标50点怒气并眩晕一回合,,1,0,,,,,1,1,1043,59,,2285,,,,100,100,,
2286,,,35,废弃,jinengwenzi_004.png,jinengwenzi_044.png,攻击敌方全体目标，造成175%基础攻击附加3600点伤害，同时有20%机率降低目标50点怒气并眩晕一回合,,1,0,,,,,1,1,1043,59,,2286,,,,100,100,,
2287,,,36,废弃,jinengwenzi_004.png,jinengwenzi_044.png,攻击敌方全体目标，造成176%基础攻击附加3700点伤害，同时有20%机率降低目标50点怒气并眩晕一回合,,1,0,,,,,1,1,1043,59,,2287,,,,100,100,,
2288,,,37,废弃,jinengwenzi_004.png,jinengwenzi_044.png,攻击敌方全体目标，造成177%基础攻击附加3800点伤害，同时有20%机率降低目标50点怒气并眩晕一回合,,1,0,,,,,1,1,1043,59,,2288,,,,100,100,,
2289,,,38,废弃,jinengwenzi_004.png,jinengwenzi_044.png,攻击敌方全体目标，造成178%基础攻击附加3900点伤害，同时有20%机率降低目标50点怒气并眩晕一回合,,1,0,,,,,1,1,1043,59,,2289,,,,100,100,,
2290,,,39,废弃,jinengwenzi_004.png,jinengwenzi_044.png,攻击敌方全体目标，造成179%基础攻击附加4000点伤害，同时有20%机率降低目标50点怒气并眩晕一回合,,1,0,,,,,1,1,1043,59,,2290,,,,100,100,,
2291,,,40,废弃,jinengwenzi_005.png,jinengwenzi_044.png,攻击敌方全体目标，造成190%基础攻击附加4100点伤害，同时有20%机率降低目标50点怒气并眩晕一回合,,1,0,,,,,1,1,1043,59,,2291,,,,100,100,,
2292,,,41,废弃,jinengwenzi_005.png,jinengwenzi_044.png,攻击敌方全体目标，造成191%基础攻击附加4200点伤害，同时有20%机率降低目标50点怒气并眩晕一回合,,1,0,,,,,1,1,1043,59,,2292,,,,100,100,,
2293,,,42,废弃,jinengwenzi_005.png,jinengwenzi_044.png,攻击敌方全体目标，造成192%基础攻击附加4300点伤害，同时有20%机率降低目标50点怒气并眩晕一回合,,1,0,,,,,1,1,1043,59,,2293,,,,100,100,,
2294,,,43,废弃,jinengwenzi_005.png,jinengwenzi_044.png,攻击敌方全体目标，造成193%基础攻击附加4400点伤害，同时有20%机率降低目标50点怒气并眩晕一回合,,1,0,,,,,1,1,1043,59,,2294,,,,100,100,,
2295,,,44,废弃,jinengwenzi_005.png,jinengwenzi_044.png,攻击敌方全体目标，造成194%基础攻击附加4500点伤害，同时有20%机率降低目标50点怒气并眩晕一回合,,1,0,,,,,1,1,1043,59,,2295,,,,100,100,,
2296,,,45,废弃,jinengwenzi_005.png,jinengwenzi_044.png,攻击敌方全体目标，造成195%基础攻击附加4600点伤害，同时有20%机率降低目标50点怒气并眩晕一回合,,1,0,,,,,1,1,1043,59,,2296,,,,100,100,,
2297,,,46,废弃,jinengwenzi_005.png,jinengwenzi_044.png,攻击敌方全体目标，造成196%基础攻击附加4700点伤害，同时有20%机率降低目标50点怒气并眩晕一回合,,1,0,,,,,1,1,1043,59,,2297,,,,100,100,,
2298,,,47,废弃,jinengwenzi_005.png,jinengwenzi_044.png,攻击敌方全体目标，造成197%基础攻击附加4800点伤害，同时有20%机率降低目标50点怒气并眩晕一回合,,1,0,,,,,1,1,1043,59,,2298,,,,100,100,,
2299,,,48,废弃,jinengwenzi_005.png,jinengwenzi_044.png,攻击敌方全体目标，造成198%基础攻击附加4900点伤害，同时有20%机率降低目标50点怒气并眩晕一回合,,1,0,,,,,1,1,1043,59,,2299,,,,100,100,,
2300,,,49,废弃,jinengwenzi_005.png,jinengwenzi_044.png,攻击敌方全体目标，造成199%基础攻击附加5000点伤害，同时有20%机率降低目标50点怒气并眩晕一回合,,1,0,,,,,1,1,1043,59,,2300,,,,100,100,,
2301,2,,0,血脉封印,,jinengwenzi_045.png,攻击敌方全体目标，造成110%基础攻击附加100点伤害，同时有30%机率降低目标大量护甲，持续3回合，20%机率使目标眩晕1回合,,1,0,,,,,1,1,1044,62,,2301,,,,100,100,,
2302,2,,1,血脉封印+1,,jinengwenzi_045.png,攻击敌方全体目标，造成114%基础攻击附加200点伤害，同时有30%机率降低目标大量护甲，持续3回合，20%机率使目标眩晕1回合,,1,0,,,,,1,1,1044,62,,2302,,,,100,100,,
2303,2,,2,血脉封印+2,,jinengwenzi_045.png,攻击敌方全体目标，造成118%基础攻击附加300点伤害，同时有30%机率降低目标大量护甲，持续3回合，20%机率使目标眩晕1回合,,1,0,,,,,1,1,1044,62,,2303,,,,100,100,,
2304,3,,3,灵・血脉封印,jinengwenzi_002.png,jinengwenzi_045.png,攻击敌方全体目标，造成122%基础攻击附加400点伤害，同时有30%机率降低目标大量护甲，持续3回合，20%机率使目标眩晕1回合,,1,0,,,,,1,1,1044,62,,2304,,,,100,100,,
2305,3,,4,灵・血脉封印+1,jinengwenzi_002.png,jinengwenzi_045.png,攻击敌方全体目标，造成126%基础攻击附加500点伤害，同时有30%机率降低目标大量护甲，持续3回合，20%机率使目标眩晕1回合,,1,0,,,,,1,1,1044,62,,2305,,,,100,100,,
2306,3,,5,灵・血脉封印+2,jinengwenzi_002.png,jinengwenzi_045.png,攻击敌方全体目标，造成130%基础攻击附加600点伤害，同时有30%机率降低目标大量护甲，持续3回合，20%机率使目标眩晕1回合,,1,0,,,,,1,1,1044,62,,2306,,,,100,100,,
2307,3,,6,灵・血脉封印+3,jinengwenzi_002.png,jinengwenzi_045.png,攻击敌方全体目标，造成134%基础攻击附加700点伤害，同时有30%机率降低目标大量护甲，持续3回合，20%机率使目标眩晕1回合,,1,0,,,,,1,1,1044,62,,2307,,,,100,100,,
2308,4,,7,仙・血脉封印,jinengwenzi_003.png,jinengwenzi_045.png,攻击敌方全体目标，造成138%基础攻击附加800点伤害，同时有30%机率降低目标大量护甲，持续3回合，20%机率使目标眩晕1回合,,1,0,,,,,1,1,1044,62,,2308,,,,100,100,,
2309,4,,8,仙・血脉封印+1,jinengwenzi_003.png,jinengwenzi_045.png,攻击敌方全体目标，造成142%基础攻击附加900点伤害，同时有30%机率降低目标大量护甲，持续3回合，20%机率使目标眩晕1回合,,1,0,,,,,1,1,1044,62,,2309,,,,100,100,,
2310,4,,9,仙・血脉封印+2,jinengwenzi_003.png,jinengwenzi_045.png,攻击敌方全体目标，造成146%基础攻击附加1000点伤害，同时有30%机率降低目标大量护甲，持续3回合，20%机率使目标眩晕1回合,,1,0,,,,,1,1,1044,62,,2310,,,,100,100,,
2311,4,,10,仙・血脉封印+3,jinengwenzi_003.png,jinengwenzi_045.png,攻击敌方全体目标，造成150%基础攻击附加1100点伤害，同时有30%机率降低目标大量护甲，持续3回合，20%机率使目标眩晕1回合,,1,0,,,,,1,1,1044,62,,2311,,,,100,100,,
2312,4,,11,仙・血脉封印+4,jinengwenzi_003.png,jinengwenzi_045.png,攻击敌方全体目标，造成154%基础攻击附加1200点伤害，同时有30%机率降低目标大量护甲，持续3回合，20%机率使目标眩晕1回合,,1,0,,,,,1,1,1044,62,,2312,,,,100,100,,
2313,4,,12,仙・血脉封印+5,jinengwenzi_003.png,jinengwenzi_045.png,攻击敌方全体目标，造成158%基础攻击附加1300点伤害，同时有30%机率降低目标大量护甲，持续3回合，20%机率使目标眩晕1回合,,1,0,,,,,1,1,1044,62,,2313,,,,100,100,,
2314,5,,13,神・血脉封印,jinengwenzi_004.png,jinengwenzi_045.png,攻击敌方全体目标，造成162%基础攻击附加1400点伤害，同时有30%机率降低目标大量护甲，持续3回合，20%机率使目标眩晕1回合,,1,0,,,,,1,1,1044,62,,2314,,,,100,100,,
2315,5,,14,神・血脉封印+1,jinengwenzi_004.png,jinengwenzi_045.png,攻击敌方全体目标，造成166%基础攻击附加1500点伤害，同时有30%机率降低目标大量护甲，持续3回合，20%机率使目标眩晕1回合,,1,0,,,,,1,1,1044,62,,2315,,,,100,100,,
2316,5,,15,神・血脉封印+2,jinengwenzi_004.png,jinengwenzi_045.png,攻击敌方全体目标，造成170%基础攻击附加1600点伤害，同时有30%机率降低目标大量护甲，持续3回合，20%机率使目标眩晕1回合,,1,0,,,,,1,1,1044,62,,2316,,,,100,100,,
2317,5,,16,神・血脉封印+3,jinengwenzi_004.png,jinengwenzi_045.png,攻击敌方全体目标，造成174%基础攻击附加1700点伤害，同时有30%机率降低目标大量护甲，持续3回合，20%机率使目标眩晕1回合,,1,0,,,,,1,1,1044,62,,2317,,,,100,100,,
2318,5,,17,神・血脉封印+4,jinengwenzi_004.png,jinengwenzi_045.png,攻击敌方全体目标，造成178%基础攻击附加1800点伤害，同时有30%机率降低目标大量护甲，持续3回合，20%机率使目标眩晕1回合,,1,0,,,,,1,1,1044,62,,2318,,,,100,100,,
2319,5,,18,神・血脉封印+5,jinengwenzi_004.png,jinengwenzi_045.png,攻击敌方全体目标，造成182%基础攻击附加1900点伤害，同时有30%机率降低目标大量护甲，持续3回合，20%机率使目标眩晕1回合,,1,0,,,,,1,1,1044,62,,2319,,,,100,100,,
2320,5,,19,神・血脉封印+6,jinengwenzi_004.png,jinengwenzi_045.png,攻击敌方全体目标，造成186%基础攻击附加2000点伤害，同时有30%机率降低目标大量护甲，持续3回合，20%机率使目标眩晕1回合,,1,0,,,,,1,1,1044,62,,2320,,,,100,100,,
2321,6,,20,圣・血脉封印,jinengwenzi_005.png,jinengwenzi_045.png,攻击敌方全体目标，造成190%基础攻击附加2100点伤害，同时有30%机率降低目标大量护甲，持续3回合，20%机率使目标眩晕1回合,,1,0,,,,,1,1,1044,62,,2321,,,,100,100,,
2322,,,21,废弃,jinengwenzi_003.png,jinengwenzi_045.png,攻击敌方全体目标，造成151%基础攻击附加2200点伤害，同时有30%机率降低目标大量护甲，持续3回合，20%机率使目标眩晕1回合,,1,0,,,,,1,1,1044,62,,2322,,,,100,100,,
2323,,,22,废弃,jinengwenzi_003.png,jinengwenzi_045.png,攻击敌方全体目标，造成152%基础攻击附加2300点伤害，同时有30%机率降低目标大量护甲，持续3回合，20%机率使目标眩晕1回合,,1,0,,,,,1,1,1044,62,,2323,,,,100,100,,
2324,,,23,废弃,jinengwenzi_003.png,jinengwenzi_045.png,攻击敌方全体目标，造成153%基础攻击附加2400点伤害，同时有30%机率降低目标大量护甲，持续3回合，20%机率使目标眩晕1回合,,1,0,,,,,1,1,1044,62,,2324,,,,100,100,,
2325,,,24,废弃,jinengwenzi_003.png,jinengwenzi_045.png,攻击敌方全体目标，造成154%基础攻击附加2500点伤害，同时有30%机率降低目标大量护甲，持续3回合，20%机率使目标眩晕1回合,,1,0,,,,,1,1,1044,62,,2325,,,,100,100,,
2326,,,25,废弃,jinengwenzi_003.png,jinengwenzi_045.png,攻击敌方全体目标，造成155%基础攻击附加2600点伤害，同时有30%机率降低目标大量护甲，持续3回合，20%机率使目标眩晕1回合,,1,0,,,,,1,1,1044,62,,2326,,,,100,100,,
2327,,,26,废弃,jinengwenzi_003.png,jinengwenzi_045.png,攻击敌方全体目标，造成156%基础攻击附加2700点伤害，同时有30%机率降低目标大量护甲，持续3回合，20%机率使目标眩晕1回合,,1,0,,,,,1,1,1044,62,,2327,,,,100,100,,
2328,,,27,废弃,jinengwenzi_003.png,jinengwenzi_045.png,攻击敌方全体目标，造成157%基础攻击附加2800点伤害，同时有30%机率降低目标大量护甲，持续3回合，20%机率使目标眩晕1回合,,1,0,,,,,1,1,1044,62,,2328,,,,100,100,,
2329,,,28,废弃,jinengwenzi_003.png,jinengwenzi_045.png,攻击敌方全体目标，造成158%基础攻击附加2900点伤害，同时有30%机率降低目标大量护甲，持续3回合，20%机率使目标眩晕1回合,,1,0,,,,,1,1,1044,62,,2329,,,,100,100,,
2330,,,29,废弃,jinengwenzi_003.png,jinengwenzi_045.png,攻击敌方全体目标，造成159%基础攻击附加3000点伤害，同时有30%机率降低目标大量护甲，持续3回合，20%机率使目标眩晕1回合,,1,0,,,,,1,1,1044,62,,2330,,,,100,100,,
2331,,,30,废弃,jinengwenzi_004.png,jinengwenzi_045.png,攻击敌方全体目标，造成170%基础攻击附加3100点伤害，同时有30%机率降低目标大量护甲，持续3回合，20%机率使目标眩晕1回合,,1,0,,,,,1,1,1044,62,,2331,,,,100,100,,
2332,,,31,废弃,jinengwenzi_004.png,jinengwenzi_045.png,攻击敌方全体目标，造成171%基础攻击附加3200点伤害，同时有30%机率降低目标大量护甲，持续3回合，20%机率使目标眩晕1回合,,1,0,,,,,1,1,1044,62,,2332,,,,100,100,,
2333,,,32,废弃,jinengwenzi_004.png,jinengwenzi_045.png,攻击敌方全体目标，造成172%基础攻击附加3300点伤害，同时有30%机率降低目标大量护甲，持续3回合，20%机率使目标眩晕1回合,,1,0,,,,,1,1,1044,62,,2333,,,,100,100,,
2334,,,33,废弃,jinengwenzi_004.png,jinengwenzi_045.png,攻击敌方全体目标，造成173%基础攻击附加3400点伤害，同时有30%机率降低目标大量护甲，持续3回合，20%机率使目标眩晕1回合,,1,0,,,,,1,1,1044,62,,2334,,,,100,100,,
2335,,,34,废弃,jinengwenzi_004.png,jinengwenzi_045.png,攻击敌方全体目标，造成174%基础攻击附加3500点伤害，同时有30%机率降低目标大量护甲，持续3回合，20%机率使目标眩晕1回合,,1,0,,,,,1,1,1044,62,,2335,,,,100,100,,
2336,,,35,废弃,jinengwenzi_004.png,jinengwenzi_045.png,攻击敌方全体目标，造成175%基础攻击附加3600点伤害，同时有30%机率降低目标大量护甲，持续3回合，20%机率使目标眩晕1回合,,1,0,,,,,1,1,1044,62,,2336,,,,100,100,,
2337,,,36,废弃,jinengwenzi_004.png,jinengwenzi_045.png,攻击敌方全体目标，造成176%基础攻击附加3700点伤害，同时有30%机率降低目标大量护甲，持续3回合，20%机率使目标眩晕1回合,,1,0,,,,,1,1,1044,62,,2337,,,,100,100,,
2338,,,37,废弃,jinengwenzi_004.png,jinengwenzi_045.png,攻击敌方全体目标，造成177%基础攻击附加3800点伤害，同时有30%机率降低目标大量护甲，持续3回合，20%机率使目标眩晕1回合,,1,0,,,,,1,1,1044,62,,2338,,,,100,100,,
2339,,,38,废弃,jinengwenzi_004.png,jinengwenzi_045.png,攻击敌方全体目标，造成178%基础攻击附加3900点伤害，同时有30%机率降低目标大量护甲，持续3回合，20%机率使目标眩晕1回合,,1,0,,,,,1,1,1044,62,,2339,,,,100,100,,
2340,,,39,废弃,jinengwenzi_004.png,jinengwenzi_045.png,攻击敌方全体目标，造成179%基础攻击附加4000点伤害，同时有30%机率降低目标大量护甲，持续3回合，20%机率使目标眩晕1回合,,1,0,,,,,1,1,1044,62,,2340,,,,100,100,,
2341,,,40,废弃,jinengwenzi_005.png,jinengwenzi_045.png,攻击敌方全体目标，造成190%基础攻击附加4100点伤害，同时有30%机率降低目标大量护甲，持续3回合，20%机率使目标眩晕1回合,,1,0,,,,,1,1,1044,62,,2341,,,,100,100,,
2342,,,41,废弃,jinengwenzi_005.png,jinengwenzi_045.png,攻击敌方全体目标，造成191%基础攻击附加4200点伤害，同时有30%机率降低目标大量护甲，持续3回合，20%机率使目标眩晕1回合,,1,0,,,,,1,1,1044,62,,2342,,,,100,100,,
2343,,,42,废弃,jinengwenzi_005.png,jinengwenzi_045.png,攻击敌方全体目标，造成192%基础攻击附加4300点伤害，同时有30%机率降低目标大量护甲，持续3回合，20%机率使目标眩晕1回合,,1,0,,,,,1,1,1044,62,,2343,,,,100,100,,
2344,,,43,废弃,jinengwenzi_005.png,jinengwenzi_045.png,攻击敌方全体目标，造成193%基础攻击附加4400点伤害，同时有30%机率降低目标大量护甲，持续3回合，20%机率使目标眩晕1回合,,1,0,,,,,1,1,1044,62,,2344,,,,100,100,,
2345,,,44,废弃,jinengwenzi_005.png,jinengwenzi_045.png,攻击敌方全体目标，造成194%基础攻击附加4500点伤害，同时有30%机率降低目标大量护甲，持续3回合，20%机率使目标眩晕1回合,,1,0,,,,,1,1,1044,62,,2345,,,,100,100,,
2346,,,45,废弃,jinengwenzi_005.png,jinengwenzi_045.png,攻击敌方全体目标，造成195%基础攻击附加4600点伤害，同时有30%机率降低目标大量护甲，持续3回合，20%机率使目标眩晕1回合,,1,0,,,,,1,1,1044,62,,2346,,,,100,100,,
2347,,,46,废弃,jinengwenzi_005.png,jinengwenzi_045.png,攻击敌方全体目标，造成196%基础攻击附加4700点伤害，同时有30%机率降低目标大量护甲，持续3回合，20%机率使目标眩晕1回合,,1,0,,,,,1,1,1044,62,,2347,,,,100,100,,
2348,,,47,废弃,jinengwenzi_005.png,jinengwenzi_045.png,攻击敌方全体目标，造成197%基础攻击附加4800点伤害，同时有30%机率降低目标大量护甲，持续3回合，20%机率使目标眩晕1回合,,1,0,,,,,1,1,1044,62,,2348,,,,100,100,,
2349,,,48,废弃,jinengwenzi_005.png,jinengwenzi_045.png,攻击敌方全体目标，造成198%基础攻击附加4900点伤害，同时有30%机率降低目标大量护甲，持续3回合，20%机率使目标眩晕1回合,,1,0,,,,,1,1,1044,62,,2349,,,,100,100,,
2350,,,49,废弃,jinengwenzi_005.png,jinengwenzi_045.png,攻击敌方全体目标，造成199%基础攻击附加5000点伤害，同时有30%机率降低目标大量护甲，持续3回合，20%机率使目标眩晕1回合,,1,0,,,,,1,1,1044,62,,2350,,,,100,100,,
2351,2,,0,啸动山林,,jinengwenzi_046.png,攻击敌方全体目标，造成110%基础攻击附加100点伤害，同时有40%机率降低目标50点怒气并眩晕一回合,,1,0,,,,,1,1,1045,79,,2351,,,,100,100,,
2352,2,,1,啸动山林+1,,jinengwenzi_046.png,攻击敌方全体目标，造成114%基础攻击附加200点伤害，同时有40%机率降低目标50点怒气并眩晕一回合,,1,0,,,,,1,1,1045,79,,2352,,,,100,100,,
2353,2,,2,啸动山林+2,,jinengwenzi_046.png,攻击敌方全体目标，造成118%基础攻击附加300点伤害，同时有40%机率降低目标50点怒气并眩晕一回合,,1,0,,,,,1,1,1045,79,,2353,,,,100,100,,
2354,3,,3,灵・啸动山林,jinengwenzi_002.png,jinengwenzi_046.png,攻击敌方全体目标，造成122%基础攻击附加400点伤害，同时有40%机率降低目标50点怒气并眩晕一回合,,1,0,,,,,1,1,1045,79,,2354,,,,100,100,,
2355,3,,4,灵・啸动山林+1,jinengwenzi_002.png,jinengwenzi_046.png,攻击敌方全体目标，造成126%基础攻击附加500点伤害，同时有40%机率降低目标50点怒气并眩晕一回合,,1,0,,,,,1,1,1045,79,,2355,,,,100,100,,
2356,3,,5,灵・啸动山林+2,jinengwenzi_002.png,jinengwenzi_046.png,攻击敌方全体目标，造成130%基础攻击附加600点伤害，同时有40%机率降低目标50点怒气并眩晕一回合,,1,0,,,,,1,1,1045,79,,2356,,,,100,100,,
2357,3,,6,灵・啸动山林+3,jinengwenzi_002.png,jinengwenzi_046.png,攻击敌方全体目标，造成134%基础攻击附加700点伤害，同时有40%机率降低目标50点怒气并眩晕一回合,,1,0,,,,,1,1,1045,79,,2357,,,,100,100,,
2358,4,,7,仙・啸动山林,jinengwenzi_003.png,jinengwenzi_046.png,攻击敌方全体目标，造成138%基础攻击附加800点伤害，同时有40%机率降低目标50点怒气并眩晕一回合,,1,0,,,,,1,1,1045,79,,2358,,,,100,100,,
2359,4,,8,仙・啸动山林+1,jinengwenzi_003.png,jinengwenzi_046.png,攻击敌方全体目标，造成142%基础攻击附加900点伤害，同时有40%机率降低目标50点怒气并眩晕一回合,,1,0,,,,,1,1,1045,79,,2359,,,,100,100,,
2360,4,,9,仙・啸动山林+2,jinengwenzi_003.png,jinengwenzi_046.png,攻击敌方全体目标，造成146%基础攻击附加1000点伤害，同时有40%机率降低目标50点怒气并眩晕一回合,,1,0,,,,,1,1,1045,79,,2360,,,,100,100,,
2361,4,,10,仙・啸动山林+3,jinengwenzi_003.png,jinengwenzi_046.png,攻击敌方全体目标，造成150%基础攻击附加1100点伤害，同时有40%机率降低目标50点怒气并眩晕一回合,,1,0,,,,,1,1,1045,79,,2361,,,,100,100,,
2362,4,,11,仙・啸动山林+4,jinengwenzi_003.png,jinengwenzi_046.png,攻击敌方全体目标，造成154%基础攻击附加1200点伤害，同时有40%机率降低目标50点怒气并眩晕一回合,,1,0,,,,,1,1,1045,79,,2362,,,,100,100,,
2363,4,,12,仙・啸动山林+5,jinengwenzi_003.png,jinengwenzi_046.png,攻击敌方全体目标，造成158%基础攻击附加1300点伤害，同时有40%机率降低目标50点怒气并眩晕一回合,,1,0,,,,,1,1,1045,79,,2363,,,,100,100,,
2364,5,,13,神・啸动山林,jinengwenzi_004.png,jinengwenzi_046.png,攻击敌方全体目标，造成162%基础攻击附加1400点伤害，同时有40%机率降低目标50点怒气并眩晕一回合,,1,0,,,,,1,1,1045,79,,2364,,,,100,100,,
2365,5,,14,神・啸动山林+1,jinengwenzi_004.png,jinengwenzi_046.png,攻击敌方全体目标，造成166%基础攻击附加1500点伤害，同时有40%机率降低目标50点怒气并眩晕一回合,,1,0,,,,,1,1,1045,79,,2365,,,,100,100,,
2366,5,,15,神・啸动山林+2,jinengwenzi_004.png,jinengwenzi_046.png,攻击敌方全体目标，造成170%基础攻击附加1600点伤害，同时有40%机率降低目标50点怒气并眩晕一回合,,1,0,,,,,1,1,1045,79,,2366,,,,100,100,,
2367,5,,16,神・啸动山林+3,jinengwenzi_004.png,jinengwenzi_046.png,攻击敌方全体目标，造成174%基础攻击附加1700点伤害，同时有40%机率降低目标50点怒气并眩晕一回合,,1,0,,,,,1,1,1045,79,,2367,,,,100,100,,
2368,5,,17,神・啸动山林+4,jinengwenzi_004.png,jinengwenzi_046.png,攻击敌方全体目标，造成178%基础攻击附加1800点伤害，同时有40%机率降低目标50点怒气并眩晕一回合,,1,0,,,,,1,1,1045,79,,2368,,,,100,100,,
2369,5,,18,神・啸动山林+5,jinengwenzi_004.png,jinengwenzi_046.png,攻击敌方全体目标，造成182%基础攻击附加1900点伤害，同时有40%机率降低目标50点怒气并眩晕一回合,,1,0,,,,,1,1,1045,79,,2369,,,,100,100,,
2370,5,,19,神・啸动山林+6,jinengwenzi_004.png,jinengwenzi_046.png,攻击敌方全体目标，造成186%基础攻击附加2000点伤害，同时有40%机率降低目标50点怒气并眩晕一回合,,1,0,,,,,1,1,1045,79,,2370,,,,100,100,,
2371,6,,20,圣・啸动山林,jinengwenzi_005.png,jinengwenzi_046.png,攻击敌方全体目标，造成190%基础攻击附加2100点伤害，同时有40%机率降低目标50点怒气并眩晕一回合,,1,0,,,,,1,1,1045,79,,2371,,,,100,100,,
2372,,,21,废弃,jinengwenzi_003.png,jinengwenzi_046.png,攻击敌方全体目标，造成151%基础攻击附加2200点伤害，同时有40%机率降低目标50点怒气并眩晕一回合,,1,0,,,,,1,1,1045,79,,2372,,,,100,100,,
2373,,,22,废弃,jinengwenzi_003.png,jinengwenzi_046.png,攻击敌方全体目标，造成152%基础攻击附加2300点伤害，同时有40%机率降低目标50点怒气并眩晕一回合,,1,0,,,,,1,1,1045,79,,2373,,,,100,100,,
2374,,,23,废弃,jinengwenzi_003.png,jinengwenzi_046.png,攻击敌方全体目标，造成153%基础攻击附加2400点伤害，同时有40%机率降低目标50点怒气并眩晕一回合,,1,0,,,,,1,1,1045,79,,2374,,,,100,100,,
2375,,,24,九天白虎主动技能,jinengwenzi_003.png,jinengwenzi_046.png,攻击敌方全体目标，造成154%基础攻击附加2500点伤害，同时有40%机率降低目标50点怒气并眩晕一回合,,1,0,,,,,1,1,1045,79,,2375,,,,100,100,,
2376,,,25,废弃,jinengwenzi_003.png,jinengwenzi_046.png,攻击敌方全体目标，造成155%基础攻击附加2600点伤害，同时有40%机率降低目标50点怒气并眩晕一回合,,1,0,,,,,1,1,1045,79,,2376,,,,100,100,,
2377,,,26,废弃,jinengwenzi_003.png,jinengwenzi_046.png,攻击敌方全体目标，造成156%基础攻击附加2700点伤害，同时有40%机率降低目标50点怒气并眩晕一回合,,1,0,,,,,1,1,1045,79,,2377,,,,100,100,,
2378,,,27,废弃,jinengwenzi_003.png,jinengwenzi_046.png,攻击敌方全体目标，造成157%基础攻击附加2800点伤害，同时有40%机率降低目标50点怒气并眩晕一回合,,1,0,,,,,1,1,1045,79,,2378,,,,100,100,,
2379,,,28,废弃,jinengwenzi_003.png,jinengwenzi_046.png,攻击敌方全体目标，造成158%基础攻击附加2900点伤害，同时有40%机率降低目标50点怒气并眩晕一回合,,1,0,,,,,1,1,1045,79,,2379,,,,100,100,,
2380,,,29,废弃,jinengwenzi_003.png,jinengwenzi_046.png,攻击敌方全体目标，造成159%基础攻击附加3000点伤害，同时有40%机率降低目标50点怒气并眩晕一回合,,1,0,,,,,1,1,1045,79,,2380,,,,100,100,,
2381,,,30,废弃,jinengwenzi_004.png,jinengwenzi_046.png,攻击敌方全体目标，造成170%基础攻击附加3100点伤害，同时有40%机率降低目标50点怒气并眩晕一回合,,1,0,,,,,1,1,1045,79,,2381,,,,100,100,,
2382,,,31,废弃,jinengwenzi_004.png,jinengwenzi_046.png,攻击敌方全体目标，造成171%基础攻击附加3200点伤害，同时有40%机率降低目标50点怒气并眩晕一回合,,1,0,,,,,1,1,1045,79,,2382,,,,100,100,,
2383,,,32,废弃,jinengwenzi_004.png,jinengwenzi_046.png,攻击敌方全体目标，造成172%基础攻击附加3300点伤害，同时有40%机率降低目标50点怒气并眩晕一回合,,1,0,,,,,1,1,1045,79,,2383,,,,100,100,,
2384,,,33,废弃,jinengwenzi_004.png,jinengwenzi_046.png,攻击敌方全体目标，造成173%基础攻击附加3400点伤害，同时有40%机率降低目标50点怒气并眩晕一回合,,1,0,,,,,1,1,1045,79,,2384,,,,100,100,,
2385,,,34,废弃,jinengwenzi_004.png,jinengwenzi_046.png,攻击敌方全体目标，造成174%基础攻击附加3500点伤害，同时有40%机率降低目标50点怒气并眩晕一回合,,1,0,,,,,1,1,1045,79,,2385,,,,100,100,,
2386,,,35,废弃,jinengwenzi_004.png,jinengwenzi_046.png,攻击敌方全体目标，造成175%基础攻击附加3600点伤害，同时有40%机率降低目标50点怒气并眩晕一回合,,1,0,,,,,1,1,1045,79,,2386,,,,100,100,,
2387,,,36,废弃,jinengwenzi_004.png,jinengwenzi_046.png,攻击敌方全体目标，造成176%基础攻击附加3700点伤害，同时有40%机率降低目标50点怒气并眩晕一回合,,1,0,,,,,1,1,1045,79,,2387,,,,100,100,,
2388,,,37,废弃,jinengwenzi_004.png,jinengwenzi_046.png,攻击敌方全体目标，造成177%基础攻击附加3800点伤害，同时有40%机率降低目标50点怒气并眩晕一回合,,1,0,,,,,1,1,1045,79,,2388,,,,100,100,,
2389,,,38,废弃,jinengwenzi_004.png,jinengwenzi_046.png,攻击敌方全体目标，造成178%基础攻击附加3900点伤害，同时有40%机率降低目标50点怒气并眩晕一回合,,1,0,,,,,1,1,1045,79,,2389,,,,100,100,,
2390,,,39,废弃,jinengwenzi_004.png,jinengwenzi_046.png,攻击敌方全体目标，造成179%基础攻击附加4000点伤害，同时有40%机率降低目标50点怒气并眩晕一回合,,1,0,,,,,1,1,1045,79,,2390,,,,100,100,,
2391,,,40,废弃,jinengwenzi_005.png,jinengwenzi_046.png,攻击敌方全体目标，造成190%基础攻击附加4100点伤害，同时有40%机率降低目标50点怒气并眩晕一回合,,1,0,,,,,1,1,1045,79,,2391,,,,100,100,,
2392,,,41,废弃,jinengwenzi_005.png,jinengwenzi_046.png,攻击敌方全体目标，造成191%基础攻击附加4200点伤害，同时有40%机率降低目标50点怒气并眩晕一回合,,1,0,,,,,1,1,1045,79,,2392,,,,100,100,,
2393,,,42,废弃,jinengwenzi_005.png,jinengwenzi_046.png,攻击敌方全体目标，造成192%基础攻击附加4300点伤害，同时有40%机率降低目标50点怒气并眩晕一回合,,1,0,,,,,1,1,1045,79,,2393,,,,100,100,,
2394,,,43,废弃,jinengwenzi_005.png,jinengwenzi_046.png,攻击敌方全体目标，造成193%基础攻击附加4400点伤害，同时有40%机率降低目标50点怒气并眩晕一回合,,1,0,,,,,1,1,1045,79,,2394,,,,100,100,,
2395,,,44,废弃,jinengwenzi_005.png,jinengwenzi_046.png,攻击敌方全体目标，造成194%基础攻击附加4500点伤害，同时有40%机率降低目标50点怒气并眩晕一回合,,1,0,,,,,1,1,1045,79,,2395,,,,100,100,,
2396,,,45,废弃,jinengwenzi_005.png,jinengwenzi_046.png,攻击敌方全体目标，造成195%基础攻击附加4600点伤害，同时有40%机率降低目标50点怒气并眩晕一回合,,1,0,,,,,1,1,1045,79,,2396,,,,100,100,,
2397,,,46,废弃,jinengwenzi_005.png,jinengwenzi_046.png,攻击敌方全体目标，造成196%基础攻击附加4700点伤害，同时有40%机率降低目标50点怒气并眩晕一回合,,1,0,,,,,1,1,1045,79,,2397,,,,100,100,,
2398,,,47,废弃,jinengwenzi_005.png,jinengwenzi_046.png,攻击敌方全体目标，造成197%基础攻击附加4800点伤害，同时有40%机率降低目标50点怒气并眩晕一回合,,1,0,,,,,1,1,1045,79,,2398,,,,100,100,,
2399,,,48,废弃,jinengwenzi_005.png,jinengwenzi_046.png,攻击敌方全体目标，造成198%基础攻击附加4900点伤害，同时有40%机率降低目标50点怒气并眩晕一回合,,1,0,,,,,1,1,1045,79,,2399,,,,100,100,,
2400,,,49,废弃,jinengwenzi_005.png,jinengwenzi_046.png,攻击敌方全体目标，造成199%基础攻击附加5000点伤害，同时有40%机率降低目标50点怒气并眩晕一回合,,1,0,,,,,1,1,1045,79,,2400,,,,100,100,,
2401,2,,0,圣焰噬心,,jinengwenzi_047.png,攻击敌方全体目标，造成110%基础攻击附加100点伤害，同时有50%机率降低目标大量护甲，持续3回合，40%机率使目标眩晕1回合,,1,0,,,,,1,1,1046,80,,2401,,,,100,100,,
2402,2,,1,圣焰噬心+1,,jinengwenzi_047.png,攻击敌方全体目标，造成114%基础攻击附加200点伤害，同时有50%机率降低目标大量护甲，持续3回合，40%机率使目标眩晕1回合,,1,0,,,,,1,1,1046,80,,2402,,,,100,100,,
2403,2,,2,圣焰噬心+2,,jinengwenzi_047.png,攻击敌方全体目标，造成118%基础攻击附加300点伤害，同时有50%机率降低目标大量护甲，持续3回合，40%机率使目标眩晕1回合,,1,0,,,,,1,1,1046,80,,2403,,,,100,100,,
2404,3,,3,灵・圣焰噬心,jinengwenzi_002.png,jinengwenzi_047.png,攻击敌方全体目标，造成122%基础攻击附加400点伤害，同时有50%机率降低目标大量护甲，持续3回合，40%机率使目标眩晕1回合,,1,0,,,,,1,1,1046,80,,2404,,,,100,100,,
2405,3,,4,灵・圣焰噬心+1,jinengwenzi_002.png,jinengwenzi_047.png,攻击敌方全体目标，造成126%基础攻击附加500点伤害，同时有50%机率降低目标大量护甲，持续3回合，40%机率使目标眩晕1回合,,1,0,,,,,1,1,1046,80,,2405,,,,100,100,,
2406,3,,5,灵・圣焰噬心+2,jinengwenzi_002.png,jinengwenzi_047.png,攻击敌方全体目标，造成130%基础攻击附加600点伤害，同时有50%机率降低目标大量护甲，持续3回合，40%机率使目标眩晕1回合,,1,0,,,,,1,1,1046,80,,2406,,,,100,100,,
2407,3,,6,灵・圣焰噬心+3,jinengwenzi_002.png,jinengwenzi_047.png,攻击敌方全体目标，造成134%基础攻击附加700点伤害，同时有50%机率降低目标大量护甲，持续3回合，40%机率使目标眩晕1回合,,1,0,,,,,1,1,1046,80,,2407,,,,100,100,,
2408,4,,7,仙・圣焰噬心,jinengwenzi_003.png,jinengwenzi_047.png,攻击敌方全体目标，造成138%基础攻击附加800点伤害，同时有50%机率降低目标大量护甲，持续3回合，40%机率使目标眩晕1回合,,1,0,,,,,1,1,1046,80,,2408,,,,100,100,,
2409,4,,8,仙・圣焰噬心+1,jinengwenzi_003.png,jinengwenzi_047.png,攻击敌方全体目标，造成142%基础攻击附加900点伤害，同时有50%机率降低目标大量护甲，持续3回合，40%机率使目标眩晕1回合,,1,0,,,,,1,1,1046,80,,2409,,,,100,100,,
2410,4,,9,仙・圣焰噬心+2,jinengwenzi_003.png,jinengwenzi_047.png,攻击敌方全体目标，造成146%基础攻击附加1000点伤害，同时有50%机率降低目标大量护甲，持续3回合，40%机率使目标眩晕1回合,,1,0,,,,,1,1,1046,80,,2410,,,,100,100,,
2411,4,,10,仙・圣焰噬心+3,jinengwenzi_003.png,jinengwenzi_047.png,攻击敌方全体目标，造成150%基础攻击附加1100点伤害，同时有50%机率降低目标大量护甲，持续3回合，40%机率使目标眩晕1回合,,1,0,,,,,1,1,1046,80,,2411,,,,100,100,,
2412,4,,11,仙・圣焰噬心+4,jinengwenzi_003.png,jinengwenzi_047.png,攻击敌方全体目标，造成154%基础攻击附加1200点伤害，同时有50%机率降低目标大量护甲，持续3回合，40%机率使目标眩晕1回合,,1,0,,,,,1,1,1046,80,,2412,,,,100,100,,
2413,4,,12,仙・圣焰噬心+5,jinengwenzi_003.png,jinengwenzi_047.png,攻击敌方全体目标，造成158%基础攻击附加1300点伤害，同时有50%机率降低目标大量护甲，持续3回合，40%机率使目标眩晕1回合,,1,0,,,,,1,1,1046,80,,2413,,,,100,100,,
2414,5,,13,神・圣焰噬心,jinengwenzi_004.png,jinengwenzi_047.png,攻击敌方全体目标，造成162%基础攻击附加1400点伤害，同时有50%机率降低目标大量护甲，持续3回合，40%机率使目标眩晕1回合,,1,0,,,,,1,1,1046,80,,2414,,,,100,100,,
2415,5,,14,神・圣焰噬心+1,jinengwenzi_004.png,jinengwenzi_047.png,攻击敌方全体目标，造成166%基础攻击附加1500点伤害，同时有50%机率降低目标大量护甲，持续3回合，40%机率使目标眩晕1回合,,1,0,,,,,1,1,1046,80,,2415,,,,100,100,,
2416,5,,15,神・圣焰噬心+2,jinengwenzi_004.png,jinengwenzi_047.png,攻击敌方全体目标，造成170%基础攻击附加1600点伤害，同时有50%机率降低目标大量护甲，持续3回合，40%机率使目标眩晕1回合,,1,0,,,,,1,1,1046,80,,2416,,,,100,100,,
2417,5,,16,神・圣焰噬心+3,jinengwenzi_004.png,jinengwenzi_047.png,攻击敌方全体目标，造成174%基础攻击附加1700点伤害，同时有50%机率降低目标大量护甲，持续3回合，40%机率使目标眩晕1回合,,1,0,,,,,1,1,1046,80,,2417,,,,100,100,,
2418,5,,17,神・圣焰噬心+4,jinengwenzi_004.png,jinengwenzi_047.png,攻击敌方全体目标，造成178%基础攻击附加1800点伤害，同时有50%机率降低目标大量护甲，持续3回合，40%机率使目标眩晕1回合,,1,0,,,,,1,1,1046,80,,2418,,,,100,100,,
2419,5,,18,神・圣焰噬心+5,jinengwenzi_004.png,jinengwenzi_047.png,攻击敌方全体目标，造成182%基础攻击附加1900点伤害，同时有50%机率降低目标大量护甲，持续3回合，40%机率使目标眩晕1回合,,1,0,,,,,1,1,1046,80,,2419,,,,100,100,,
2420,5,,19,神・圣焰噬心+6,jinengwenzi_004.png,jinengwenzi_047.png,攻击敌方全体目标，造成186%基础攻击附加2000点伤害，同时有50%机率降低目标大量护甲，持续3回合，40%机率使目标眩晕1回合,,1,0,,,,,1,1,1046,80,,2420,,,,100,100,,
2421,6,,20,圣・圣焰噬心,jinengwenzi_005.png,jinengwenzi_047.png,攻击敌方全体目标，造成190%基础攻击附加2100点伤害，同时有50%机率降低目标大量护甲，持续3回合，40%机率使目标眩晕1回合,,1,0,,,,,1,1,1046,80,,2421,,,,100,100,,
2422,,,21,废弃,jinengwenzi_003.png,jinengwenzi_047.png,攻击敌方全体目标，造成151%基础攻击附加2200点伤害，同时有50%机率降低目标大量护甲，持续3回合，40%机率使目标眩晕1回合,,1,0,,,,,1,1,1046,80,,2422,,,,100,100,,
2423,,,22,废弃,jinengwenzi_003.png,jinengwenzi_047.png,攻击敌方全体目标，造成152%基础攻击附加2300点伤害，同时有50%机率降低目标大量护甲，持续3回合，40%机率使目标眩晕1回合,,1,0,,,,,1,1,1046,80,,2423,,,,100,100,,
2424,,,23,废弃,jinengwenzi_003.png,jinengwenzi_047.png,攻击敌方全体目标，造成153%基础攻击附加2400点伤害，同时有50%机率降低目标大量护甲，持续3回合，40%机率使目标眩晕1回合,,1,0,,,,,1,1,1046,80,,2424,,,,100,100,,
2425,,,24,废弃,jinengwenzi_003.png,jinengwenzi_047.png,攻击敌方全体目标，造成154%基础攻击附加2500点伤害，同时有50%机率降低目标大量护甲，持续3回合，40%机率使目标眩晕1回合,,1,0,,,,,1,1,1046,80,,2425,,,,100,100,,
2426,,,25,废弃,jinengwenzi_003.png,jinengwenzi_047.png,攻击敌方全体目标，造成155%基础攻击附加2600点伤害，同时有50%机率降低目标大量护甲，持续3回合，40%机率使目标眩晕1回合,,1,0,,,,,1,1,1046,80,,2426,,,,100,100,,
2427,,,26,废弃,jinengwenzi_003.png,jinengwenzi_047.png,攻击敌方全体目标，造成156%基础攻击附加2700点伤害，同时有50%机率降低目标大量护甲，持续3回合，40%机率使目标眩晕1回合,,1,0,,,,,1,1,1046,80,,2427,,,,100,100,,
2428,,,27,废弃,jinengwenzi_003.png,jinengwenzi_047.png,攻击敌方全体目标，造成157%基础攻击附加2800点伤害，同时有50%机率降低目标大量护甲，持续3回合，40%机率使目标眩晕1回合,,1,0,,,,,1,1,1046,80,,2428,,,,100,100,,
2429,,,28,九天朱雀主动技能,jinengwenzi_003.png,jinengwenzi_047.png,攻击敌方全体目标，造成158%基础攻击附加2900点伤害，同时有50%机率降低目标大量护甲，持续3回合，40%机率使目标眩晕1回合,,1,0,,,,,1,1,1046,80,,2429,,,,100,100,,
2430,,,29,废弃,jinengwenzi_003.png,jinengwenzi_047.png,攻击敌方全体目标，造成159%基础攻击附加3000点伤害，同时有50%机率降低目标大量护甲，持续3回合，40%机率使目标眩晕1回合,,1,0,,,,,1,1,1046,80,,2430,,,,100,100,,
2431,,,30,废弃,jinengwenzi_004.png,jinengwenzi_047.png,攻击敌方全体目标，造成170%基础攻击附加3100点伤害，同时有50%机率降低目标大量护甲，持续3回合，40%机率使目标眩晕1回合,,1,0,,,,,1,1,1046,80,,2431,,,,100,100,,
2432,,,31,废弃,jinengwenzi_004.png,jinengwenzi_047.png,攻击敌方全体目标，造成171%基础攻击附加3200点伤害，同时有50%机率降低目标大量护甲，持续3回合，40%机率使目标眩晕1回合,,1,0,,,,,1,1,1046,80,,2432,,,,100,100,,
2433,,,32,废弃,jinengwenzi_004.png,jinengwenzi_047.png,攻击敌方全体目标，造成172%基础攻击附加3300点伤害，同时有50%机率降低目标大量护甲，持续3回合，40%机率使目标眩晕1回合,,1,0,,,,,1,1,1046,80,,2433,,,,100,100,,
2434,,,33,废弃,jinengwenzi_004.png,jinengwenzi_047.png,攻击敌方全体目标，造成173%基础攻击附加3400点伤害，同时有50%机率降低目标大量护甲，持续3回合，40%机率使目标眩晕1回合,,1,0,,,,,1,1,1046,80,,2434,,,,100,100,,
2435,,,34,废弃,jinengwenzi_004.png,jinengwenzi_047.png,攻击敌方全体目标，造成174%基础攻击附加3500点伤害，同时有50%机率降低目标大量护甲，持续3回合，40%机率使目标眩晕1回合,,1,0,,,,,1,1,1046,80,,2435,,,,100,100,,
2436,,,35,废弃,jinengwenzi_004.png,jinengwenzi_047.png,攻击敌方全体目标，造成175%基础攻击附加3600点伤害，同时有50%机率降低目标大量护甲，持续3回合，40%机率使目标眩晕1回合,,1,0,,,,,1,1,1046,80,,2436,,,,100,100,,
2437,,,36,废弃,jinengwenzi_004.png,jinengwenzi_047.png,攻击敌方全体目标，造成176%基础攻击附加3700点伤害，同时有50%机率降低目标大量护甲，持续3回合，40%机率使目标眩晕1回合,,1,0,,,,,1,1,1046,80,,2437,,,,100,100,,
2438,,,37,废弃,jinengwenzi_004.png,jinengwenzi_047.png,攻击敌方全体目标，造成177%基础攻击附加3800点伤害，同时有50%机率降低目标大量护甲，持续3回合，40%机率使目标眩晕1回合,,1,0,,,,,1,1,1046,80,,2438,,,,100,100,,
2439,,,38,废弃,jinengwenzi_004.png,jinengwenzi_047.png,攻击敌方全体目标，造成178%基础攻击附加3900点伤害，同时有50%机率降低目标大量护甲，持续3回合，40%机率使目标眩晕1回合,,1,0,,,,,1,1,1046,80,,2439,,,,100,100,,
2440,,,39,废弃,jinengwenzi_004.png,jinengwenzi_047.png,攻击敌方全体目标，造成179%基础攻击附加4000点伤害，同时有50%机率降低目标大量护甲，持续3回合，40%机率使目标眩晕1回合,,1,0,,,,,1,1,1046,80,,2440,,,,100,100,,
2441,,,40,废弃,jinengwenzi_005.png,jinengwenzi_047.png,攻击敌方全体目标，造成190%基础攻击附加4100点伤害，同时有50%机率降低目标大量护甲，持续3回合，40%机率使目标眩晕1回合,,1,0,,,,,1,1,1046,80,,2441,,,,100,100,,
2442,,,41,废弃,jinengwenzi_005.png,jinengwenzi_047.png,攻击敌方全体目标，造成191%基础攻击附加4200点伤害，同时有50%机率降低目标大量护甲，持续3回合，40%机率使目标眩晕1回合,,1,0,,,,,1,1,1046,80,,2442,,,,100,100,,
2443,,,42,废弃,jinengwenzi_005.png,jinengwenzi_047.png,攻击敌方全体目标，造成192%基础攻击附加4300点伤害，同时有50%机率降低目标大量护甲，持续3回合，40%机率使目标眩晕1回合,,1,0,,,,,1,1,1046,80,,2443,,,,100,100,,
2444,,,43,废弃,jinengwenzi_005.png,jinengwenzi_047.png,攻击敌方全体目标，造成193%基础攻击附加4400点伤害，同时有50%机率降低目标大量护甲，持续3回合，40%机率使目标眩晕1回合,,1,0,,,,,1,1,1046,80,,2444,,,,100,100,,
2445,,,44,废弃,jinengwenzi_005.png,jinengwenzi_047.png,攻击敌方全体目标，造成194%基础攻击附加4500点伤害，同时有50%机率降低目标大量护甲，持续3回合，40%机率使目标眩晕1回合,,1,0,,,,,1,1,1046,80,,2445,,,,100,100,,
2446,,,45,废弃,jinengwenzi_005.png,jinengwenzi_047.png,攻击敌方全体目标，造成195%基础攻击附加4600点伤害，同时有50%机率降低目标大量护甲，持续3回合，40%机率使目标眩晕1回合,,1,0,,,,,1,1,1046,80,,2446,,,,100,100,,
2447,,,46,废弃,jinengwenzi_005.png,jinengwenzi_047.png,攻击敌方全体目标，造成196%基础攻击附加4700点伤害，同时有50%机率降低目标大量护甲，持续3回合，40%机率使目标眩晕1回合,,1,0,,,,,1,1,1046,80,,2447,,,,100,100,,
2448,,,47,废弃,jinengwenzi_005.png,jinengwenzi_047.png,攻击敌方全体目标，造成197%基础攻击附加4800点伤害，同时有50%机率降低目标大量护甲，持续3回合，40%机率使目标眩晕1回合,,1,0,,,,,1,1,1046,80,,2448,,,,100,100,,
2449,,,48,废弃,jinengwenzi_005.png,jinengwenzi_047.png,攻击敌方全体目标，造成198%基础攻击附加4900点伤害，同时有50%机率降低目标大量护甲，持续3回合，40%机率使目标眩晕1回合,,1,0,,,,,1,1,1046,80,,2449,,,,100,100,,
2450,,,49,废弃,jinengwenzi_005.png,jinengwenzi_047.png,攻击敌方全体目标，造成199%基础攻击附加5000点伤害，同时有50%机率降低目标大量护甲，持续3回合，40%机率使目标眩晕1回合,,1,0,,,,,1,1,1046,80,,2450,,,,100,100,,
2451,2,,0,冰封万里,,jinengwenzi_048.png,攻击敌方全体目标，造成110%基础攻击附加100点伤害，同时有40%机率降低目标50点怒气并眩晕一回合，还有50%机率降低目标大量护甲，持续3回合,,1,0,,,,,1,1,1047,65,,2451,,,,100,100,,
2452,2,,1,冰封万里+1,,jinengwenzi_048.png,攻击敌方全体目标，造成114%基础攻击附加200点伤害，同时有40%机率降低目标50点怒气并眩晕一回合，还有50%机率降低目标大量护甲，持续3回合,,1,0,,,,,1,1,1047,65,,2452,,,,100,100,,
2453,2,,2,冰封万里+2,,jinengwenzi_048.png,攻击敌方全体目标，造成118%基础攻击附加300点伤害，同时有40%机率降低目标50点怒气并眩晕一回合，还有50%机率降低目标大量护甲，持续3回合,,1,0,,,,,1,1,1047,65,,2453,,,,100,100,,
2454,3,,3,灵・冰封万里,jinengwenzi_002.png,jinengwenzi_048.png,攻击敌方全体目标，造成122%基础攻击附加400点伤害，同时有40%机率降低目标50点怒气并眩晕一回合，还有50%机率降低目标大量护甲，持续3回合,,1,0,,,,,1,1,1047,65,,2454,,,,100,100,,
2455,3,,4,灵・冰封万里+1,jinengwenzi_002.png,jinengwenzi_048.png,攻击敌方全体目标，造成126%基础攻击附加500点伤害，同时有40%机率降低目标50点怒气并眩晕一回合，还有50%机率降低目标大量护甲，持续3回合,,1,0,,,,,1,1,1047,65,,2455,,,,100,100,,
2456,3,,5,灵・冰封万里+2,jinengwenzi_002.png,jinengwenzi_048.png,攻击敌方全体目标，造成130%基础攻击附加600点伤害，同时有40%机率降低目标50点怒气并眩晕一回合，还有50%机率降低目标大量护甲，持续3回合,,1,0,,,,,1,1,1047,65,,2456,,,,100,100,,
2457,3,,6,灵・冰封万里+3,jinengwenzi_002.png,jinengwenzi_048.png,攻击敌方全体目标，造成134%基础攻击附加700点伤害，同时有40%机率降低目标50点怒气并眩晕一回合，还有50%机率降低目标大量护甲，持续3回合,,1,0,,,,,1,1,1047,65,,2457,,,,100,100,,
2458,4,,7,仙・冰封万里,jinengwenzi_003.png,jinengwenzi_048.png,攻击敌方全体目标，造成138%基础攻击附加800点伤害，同时有40%机率降低目标50点怒气并眩晕一回合，还有50%机率降低目标大量护甲，持续3回合,,1,0,,,,,1,1,1047,65,,2458,,,,100,100,,
2459,4,,8,仙・冰封万里+1,jinengwenzi_003.png,jinengwenzi_048.png,攻击敌方全体目标，造成142%基础攻击附加900点伤害，同时有40%机率降低目标50点怒气并眩晕一回合，还有50%机率降低目标大量护甲，持续3回合,,1,0,,,,,1,1,1047,65,,2459,,,,100,100,,
2460,4,,9,仙・冰封万里+2,jinengwenzi_003.png,jinengwenzi_048.png,攻击敌方全体目标，造成146%基础攻击附加1000点伤害，同时有40%机率降低目标50点怒气并眩晕一回合，还有50%机率降低目标大量护甲，持续3回合,,1,0,,,,,1,1,1047,65,,2460,,,,100,100,,
2461,4,,10,仙・冰封万里+3,jinengwenzi_003.png,jinengwenzi_048.png,攻击敌方全体目标，造成150%基础攻击附加1100点伤害，同时有40%机率降低目标50点怒气并眩晕一回合，还有50%机率降低目标大量护甲，持续3回合,,1,0,,,,,1,1,1047,65,,2461,,,,100,100,,
2462,4,,11,仙・冰封万里+4,jinengwenzi_003.png,jinengwenzi_048.png,攻击敌方全体目标，造成154%基础攻击附加1200点伤害，同时有40%机率降低目标50点怒气并眩晕一回合，还有50%机率降低目标大量护甲，持续3回合,,1,0,,,,,1,1,1047,65,,2462,,,,100,100,,
2463,4,,12,仙・冰封万里+5,jinengwenzi_003.png,jinengwenzi_048.png,攻击敌方全体目标，造成158%基础攻击附加1300点伤害，同时有40%机率降低目标50点怒气并眩晕一回合，还有50%机率降低目标大量护甲，持续3回合,,1,0,,,,,1,1,1047,65,,2463,,,,100,100,,
2464,5,,13,神・冰封万里,jinengwenzi_004.png,jinengwenzi_048.png,攻击敌方全体目标，造成162%基础攻击附加1400点伤害，同时有40%机率降低目标50点怒气并眩晕一回合，还有50%机率降低目标大量护甲，持续3回合,,1,0,,,,,1,1,1047,65,,2464,,,,100,100,,
2465,5,,14,神・冰封万里+1,jinengwenzi_004.png,jinengwenzi_048.png,攻击敌方全体目标，造成166%基础攻击附加1500点伤害，同时有40%机率降低目标50点怒气并眩晕一回合，还有50%机率降低目标大量护甲，持续3回合,,1,0,,,,,1,1,1047,65,,2465,,,,100,100,,
2466,5,,15,神・冰封万里+2,jinengwenzi_004.png,jinengwenzi_048.png,攻击敌方全体目标，造成170%基础攻击附加1600点伤害，同时有40%机率降低目标50点怒气并眩晕一回合，还有50%机率降低目标大量护甲，持续3回合,,1,0,,,,,1,1,1047,65,,2466,,,,100,100,,
2467,5,,16,神・冰封万里+3,jinengwenzi_004.png,jinengwenzi_048.png,攻击敌方全体目标，造成174%基础攻击附加1700点伤害，同时有40%机率降低目标50点怒气并眩晕一回合，还有50%机率降低目标大量护甲，持续3回合,,1,0,,,,,1,1,1047,65,,2467,,,,100,100,,
2468,5,,17,神・冰封万里+4,jinengwenzi_004.png,jinengwenzi_048.png,攻击敌方全体目标，造成178%基础攻击附加1800点伤害，同时有40%机率降低目标50点怒气并眩晕一回合，还有50%机率降低目标大量护甲，持续3回合,,1,0,,,,,1,1,1047,65,,2468,,,,100,100,,
2469,5,,18,神・冰封万里+5,jinengwenzi_004.png,jinengwenzi_048.png,攻击敌方全体目标，造成182%基础攻击附加1900点伤害，同时有40%机率降低目标50点怒气并眩晕一回合，还有50%机率降低目标大量护甲，持续3回合,,1,0,,,,,1,1,1047,65,,2469,,,,100,100,,
2470,5,,19,神・冰封万里+6,jinengwenzi_004.png,jinengwenzi_048.png,攻击敌方全体目标，造成186%基础攻击附加2000点伤害，同时有40%机率降低目标50点怒气并眩晕一回合，还有50%机率降低目标大量护甲，持续3回合,,1,0,,,,,1,1,1047,65,,2470,,,,100,100,,
2471,6,,20,圣・冰封万里,jinengwenzi_005.png,jinengwenzi_048.png,攻击敌方全体目标，造成190%基础攻击附加2100点伤害，同时有40%机率降低目标50点怒气并眩晕一回合，还有50%机率降低目标大量护甲，持续3回合,,1,0,,,,,1,1,1047,65,,2471,,,,100,100,,
2472,,,21,废弃,jinengwenzi_003.png,jinengwenzi_048.png,攻击敌方全体目标，造成151%基础攻击附加2200点伤害，同时有40%机率降低目标50点怒气并眩晕一回合，还有50%机率降低目标大量护甲，持续3回合,,1,0,,,,,1,1,1047,65,,2472,,,,100,100,,
2473,,,22,废弃,jinengwenzi_003.png,jinengwenzi_048.png,攻击敌方全体目标，造成152%基础攻击附加2300点伤害，同时有40%机率降低目标50点怒气并眩晕一回合，还有50%机率降低目标大量护甲，持续3回合,,1,0,,,,,1,1,1047,65,,2473,,,,100,100,,
2474,,,23,废弃,jinengwenzi_003.png,jinengwenzi_048.png,攻击敌方全体目标，造成153%基础攻击附加2400点伤害，同时有40%机率降低目标50点怒气并眩晕一回合，还有50%机率降低目标大量护甲，持续3回合,,1,0,,,,,1,1,1047,65,,2474,,,,100,100,,
2475,,,24,废弃,jinengwenzi_003.png,jinengwenzi_048.png,攻击敌方全体目标，造成154%基础攻击附加2500点伤害，同时有40%机率降低目标50点怒气并眩晕一回合，还有50%机率降低目标大量护甲，持续3回合,,1,0,,,,,1,1,1047,65,,2475,,,,100,100,,
2476,,,25,废弃,jinengwenzi_003.png,jinengwenzi_048.png,攻击敌方全体目标，造成155%基础攻击附加2600点伤害，同时有40%机率降低目标50点怒气并眩晕一回合，还有50%机率降低目标大量护甲，持续3回合,,1,0,,,,,1,1,1047,65,,2476,,,,100,100,,
2477,,,26,废弃,jinengwenzi_003.png,jinengwenzi_048.png,攻击敌方全体目标，造成156%基础攻击附加2700点伤害，同时有40%机率降低目标50点怒气并眩晕一回合，还有50%机率降低目标大量护甲，持续3回合,,1,0,,,,,1,1,1047,65,,2477,,,,100,100,,
2478,,,27,废弃,jinengwenzi_003.png,jinengwenzi_048.png,攻击敌方全体目标，造成157%基础攻击附加2800点伤害，同时有40%机率降低目标50点怒气并眩晕一回合，还有50%机率降低目标大量护甲，持续3回合,,1,0,,,,,1,1,1047,65,,2478,,,,100,100,,
2479,,,28,废弃,jinengwenzi_003.png,jinengwenzi_048.png,攻击敌方全体目标，造成158%基础攻击附加2900点伤害，同时有40%机率降低目标50点怒气并眩晕一回合，还有50%机率降低目标大量护甲，持续3回合,,1,0,,,,,1,1,1047,65,,2479,,,,100,100,,
2480,,,29,废弃,jinengwenzi_003.png,jinengwenzi_048.png,攻击敌方全体目标，造成159%基础攻击附加3000点伤害，同时有40%机率降低目标50点怒气并眩晕一回合，还有50%机率降低目标大量护甲，持续3回合,,1,0,,,,,1,1,1047,65,,2480,,,,100,100,,
2481,,,30,废弃,jinengwenzi_004.png,jinengwenzi_048.png,攻击敌方全体目标，造成170%基础攻击附加3100点伤害，同时有40%机率降低目标50点怒气并眩晕一回合，还有50%机率降低目标大量护甲，持续3回合,,1,0,,,,,1,1,1047,65,,2481,,,,100,100,,
2482,,,31,废弃,jinengwenzi_004.png,jinengwenzi_048.png,攻击敌方全体目标，造成171%基础攻击附加3200点伤害，同时有40%机率降低目标50点怒气并眩晕一回合，还有50%机率降低目标大量护甲，持续3回合,,1,0,,,,,1,1,1047,65,,2482,,,,100,100,,
2483,,,32,九天冰麒麟主动技能,jinengwenzi_004.png,jinengwenzi_048.png,攻击敌方全体目标，造成172%基础攻击附加3300点伤害，同时有40%机率降低目标50点怒气并眩晕一回合，还有50%机率降低目标大量护甲，持续3回合,,1,0,,,,,1,1,1047,65,,2483,,,,100,100,,
2484,,,33,废弃,jinengwenzi_004.png,jinengwenzi_048.png,攻击敌方全体目标，造成173%基础攻击附加3400点伤害，同时有40%机率降低目标50点怒气并眩晕一回合，还有50%机率降低目标大量护甲，持续3回合,,1,0,,,,,1,1,1047,65,,2484,,,,100,100,,
2485,,,34,废弃,jinengwenzi_004.png,jinengwenzi_048.png,攻击敌方全体目标，造成174%基础攻击附加3500点伤害，同时有40%机率降低目标50点怒气并眩晕一回合，还有50%机率降低目标大量护甲，持续3回合,,1,0,,,,,1,1,1047,65,,2485,,,,100,100,,
2486,,,35,废弃,jinengwenzi_004.png,jinengwenzi_048.png,攻击敌方全体目标，造成175%基础攻击附加3600点伤害，同时有40%机率降低目标50点怒气并眩晕一回合，还有50%机率降低目标大量护甲，持续3回合,,1,0,,,,,1,1,1047,65,,2486,,,,100,100,,
2487,,,36,废弃,jinengwenzi_004.png,jinengwenzi_048.png,攻击敌方全体目标，造成176%基础攻击附加3700点伤害，同时有40%机率降低目标50点怒气并眩晕一回合，还有50%机率降低目标大量护甲，持续3回合,,1,0,,,,,1,1,1047,65,,2487,,,,100,100,,
2488,,,37,废弃,jinengwenzi_004.png,jinengwenzi_048.png,攻击敌方全体目标，造成177%基础攻击附加3800点伤害，同时有40%机率降低目标50点怒气并眩晕一回合，还有50%机率降低目标大量护甲，持续3回合,,1,0,,,,,1,1,1047,65,,2488,,,,100,100,,
2489,,,38,废弃,jinengwenzi_004.png,jinengwenzi_048.png,攻击敌方全体目标，造成178%基础攻击附加3900点伤害，同时有40%机率降低目标50点怒气并眩晕一回合，还有50%机率降低目标大量护甲，持续3回合,,1,0,,,,,1,1,1047,65,,2489,,,,100,100,,
2490,,,39,废弃,jinengwenzi_004.png,jinengwenzi_048.png,攻击敌方全体目标，造成179%基础攻击附加4000点伤害，同时有40%机率降低目标50点怒气并眩晕一回合，还有50%机率降低目标大量护甲，持续3回合,,1,0,,,,,1,1,1047,65,,2490,,,,100,100,,
2491,,,40,废弃,jinengwenzi_005.png,jinengwenzi_048.png,攻击敌方全体目标，造成190%基础攻击附加4100点伤害，同时有40%机率降低目标50点怒气并眩晕一回合，还有50%机率降低目标大量护甲，持续3回合,,1,0,,,,,1,1,1047,65,,2491,,,,100,100,,
2492,,,41,废弃,jinengwenzi_005.png,jinengwenzi_048.png,攻击敌方全体目标，造成191%基础攻击附加4200点伤害，同时有40%机率降低目标50点怒气并眩晕一回合，还有50%机率降低目标大量护甲，持续3回合,,1,0,,,,,1,1,1047,65,,2492,,,,100,100,,
2493,,,42,废弃,jinengwenzi_005.png,jinengwenzi_048.png,攻击敌方全体目标，造成192%基础攻击附加4300点伤害，同时有40%机率降低目标50点怒气并眩晕一回合，还有50%机率降低目标大量护甲，持续3回合,,1,0,,,,,1,1,1047,65,,2493,,,,100,100,,
2494,,,43,废弃,jinengwenzi_005.png,jinengwenzi_048.png,攻击敌方全体目标，造成193%基础攻击附加4400点伤害，同时有40%机率降低目标50点怒气并眩晕一回合，还有50%机率降低目标大量护甲，持续3回合,,1,0,,,,,1,1,1047,65,,2494,,,,100,100,,
2495,,,44,废弃,jinengwenzi_005.png,jinengwenzi_048.png,攻击敌方全体目标，造成194%基础攻击附加4500点伤害，同时有40%机率降低目标50点怒气并眩晕一回合，还有50%机率降低目标大量护甲，持续3回合,,1,0,,,,,1,1,1047,65,,2495,,,,100,100,,
2496,,,45,废弃,jinengwenzi_005.png,jinengwenzi_048.png,攻击敌方全体目标，造成195%基础攻击附加4600点伤害，同时有40%机率降低目标50点怒气并眩晕一回合，还有50%机率降低目标大量护甲，持续3回合,,1,0,,,,,1,1,1047,65,,2496,,,,100,100,,
2497,,,46,废弃,jinengwenzi_005.png,jinengwenzi_048.png,攻击敌方全体目标，造成196%基础攻击附加4700点伤害，同时有40%机率降低目标50点怒气并眩晕一回合，还有50%机率降低目标大量护甲，持续3回合,,1,0,,,,,1,1,1047,65,,2497,,,,100,100,,
2498,,,47,废弃,jinengwenzi_005.png,jinengwenzi_048.png,攻击敌方全体目标，造成197%基础攻击附加4800点伤害，同时有40%机率降低目标50点怒气并眩晕一回合，还有50%机率降低目标大量护甲，持续3回合,,1,0,,,,,1,1,1047,65,,2498,,,,100,100,,
2499,,,48,废弃,jinengwenzi_005.png,jinengwenzi_048.png,攻击敌方全体目标，造成198%基础攻击附加4900点伤害，同时有40%机率降低目标50点怒气并眩晕一回合，还有50%机率降低目标大量护甲，持续3回合,,1,0,,,,,1,1,1047,65,,2499,,,,100,100,,
2500,,,49,废弃,jinengwenzi_005.png,jinengwenzi_048.png,攻击敌方全体目标，造成199%基础攻击附加5000点伤害，同时有40%机率降低目标50点怒气并眩晕一回合，还有50%机率降低目标大量护甲，持续3回合,,1,0,,,,,1,1,1047,65,,2500,,,,100,100,,
