##,,,,,,,,,,,,,,,,,,
道具ID,名称,装备描述,等级限制,装备部位,职业限制,品质,等阶,图标,基础属性,特殊属性,随机属性组,装备出售类型,装备出售价格,掉落地点,强化消耗系数,特殊掉落地点,展示属性,装备评分
int,utf8string,utf8string,int,int,int,int,int,string,string,int,int,int,int,int,utf8string,,string,int
200001,绿沉,乱花渐欲迷人眼，浅草才能没马蹄。,20,0,1,2,,200001,攻击加值#100,,1,1,2000,,,,攻击+100,1
200002,红缨,烽火渐遥云渐远，神威依旧振边关。,45,0,1,2,,200002,攻击加值#130,,2,1,2000,,,,攻击+130,2
200003,蓝电,山河破碎风飘絮，身世浮沉雨打萍。,55,0,1,2,,200003,攻击加值#170,,3,1,2000,,,,攻击+170,4
200004,紫韵,夜阑卧听风吹雨，铁马冰河入梦来。,65,0,1,2,,200004,攻击加值#221,,4,1,2000,,,,攻击+221,8
200005,湛金,恍恍与之去，驾鸿凌紫冥。,75,0,1,2,,200005,攻击加值#287,,5,1,2000,,,,攻击+287,32
200006,凤尾,"云青青兮欲雨, 水澹澹兮生烟。",85,0,1,2,,200006,攻击加值#373,,6,1,2000,,,,攻击+373,128
200007,风火游龙,扬鞭走马城南陌，朝逢驿使秦川客。,95,0,1,2,,200007,攻击加值#484,,7,1,2000,,,,攻击+484,512
200008,暴雨梨花,只缘春欲尽，留著伴梨花。,105,0,1,2,,200008,攻击加值#630,,8,1,2000,,,,攻击+630,2048
200009,八宝玲珑,粉蝶双双穿槛舞，帘卷晚天疏雨。,115,0,1,2,,200009,攻击加值#819,,9,1,2000,,,,攻击+819,8192
200010,流星赶月,银鞍照白马，飒沓如流星。,120,0,1,2,,200010,攻击加值#1064,,10,1,2000,,,,攻击+1064,32768
200011,蒲叶,池上日相待，知君殊未回。,20,0,2,2,,200011,攻击加值#132,,1,1,2000,,,,攻击+132,1
200012,雕翎,纱窗日落渐黄昏，金屋无人见泪痕。,45,0,2,2,,200012,攻击加值#172,,2,1,2000,,,,攻击+172,2
200013,芭蕉,寂寞空庭春欲晚，梨花满地不开门。,55,0,2,2,,200013,攻击加值#223,,3,1,2000,,,,攻击+223,4
200014,清风,旧山虽在不关身，且向长安过暮春。,65,0,2,2,,200014,攻击加值#290,,4,1,2000,,,,攻击+290,8
200015,呼风唤雨,南朝四百八十寺，多少楼台烟雨中。,75,0,2,2,,200015,攻击加值#377,,5,1,2000,,,,攻击+377,32
200016,夺命书生,冷艳金歇雪，余香乍入衣。,85,0,2,2,,200016,攻击加值#490,,6,1,2000,,,,攻击+490,128
200017,离恨歌,回眸一笑百媚生，六宫粉黛无颜色。,95,0,2,2,,200017,攻击加值#637,,7,1,2000,,,,攻击+637,512
200018,一叶一菩提,一树一菩提，一土一如来,105,0,2,2,,200018,攻击加值#829,,8,1,2000,,,,攻击+829,2048
200019,一花一世界,一花一天堂，一草一世界,115,0,2,2,,200019,攻击加值#1077,,9,1,2000,,,,攻击+1077,8192
200020,三千世界,二入笙歌云幕下，三千世界雪花中。,120,0,2,2,,200020,攻击加值#1401,,10,1,2000,,,,攻击+1401,32768
200021,短匕,人情薄似云，风景疾如箭。,20,0,4,2,,200021,攻击加值#122,,1,1,2000,,,,攻击+122,1
200022,毒匕,栖泊云安县，消中内相毒。,45,0,4,2,,200022,攻击加值#158,,2,1,2000,,,,攻击+158,2
200023,孤影,孤舟蓑笠翁，独钓寒江雪。,55,0,4,2,,200023,攻击加值#205,,3,1,2000,,,,攻击+205,4
200024,花刺,花间一壶酒，独酌无相亲。,65,0,4,2,,200024,攻击加值#267,,4,1,2000,,,,攻击+267,8
200025,隐水,青山隐隐水迢迢，秋尽江南草未凋。,75,0,4,2,,200025,攻击加值#347,,5,1,2000,,,,攻击+347,32
200026,龙鳞,君王好长袖，新作舞衣宽。,85,0,4,2,,200026,攻击加值#451,,6,1,2000,,,,攻击+451,128
200027,鱼肠,似此星辰非昨夜，为谁风露立中宵。,95,0,4,2,,200027,攻击加值#586,,7,1,2000,,,,攻击+586,512
200028,寒月,秋霜欲下手先知，灯底裁缝剪刀冷。,105,0,4,2,,200028,攻击加值#762,,8,1,2000,,,,攻击+762,2048
200029,龙牙,斜倚云端千壶掩寂寞，纵使他人空笑我。,115,0,4,2,,200029,攻击加值#991,,9,1,2000,,,,攻击+991,8192
200030,尊神,岩扉松径长寂寥，惟有幽人夜来去。,120,0,4,2,,200030,攻击加值#1288,,10,1,2000,,,,攻击+1288,32768
200031,长剑,迁客犹未老，圣朝今复归。,20,0,8,2,,200031,攻击加值#82,,1,1,2000,,,,攻击+82,1
200032,含光,山楼彩凤栖寒月，宴殿金麟吐御香。,45,0,8,2,,200032,攻击加值#106,,2,1,2000,,,,攻击+106,2
200033,夺命,待浮花浪蕊俱尽，伴君幽独。,55,0,8,2,,200033,攻击加值#138,,3,1,2000,,,,攻击+138,4
200034,胜邪,一朝春去红颜老，花落人亡两不知。,65,0,8,2,,200034,攻击加值#180,,4,1,2000,,,,攻击+180,8
200035,龙泉,桃溪惆怅不能过，红艳纷纷落地多。,75,0,8,2,,200035,攻击加值#234,,5,1,2000,,,,攻击+234,32
200036,赤霄,闻道郭西千树雪，欲将君去醉如何。,85,0,8,2,,200036,攻击加值#304,,6,1,2000,,,,攻击+304,128
200037,纯钧,淮阳多病偶求欢，客袖侵霜与烛盘。,95,0,8,2,,200037,攻击加值#395,,7,1,2000,,,,攻击+395,512
200038,湛卢,砌下梨花一堆雪，明年谁此凭栏杆？,105,0,8,2,,200038,攻击加值#514,,8,1,2000,,,,攻击+514,2048
200039,莫邪,以命为注，为王铸兵。,115,0,8,2,,200039,攻击加值#668,,9,1,2000,,,,攻击+668,8192
200040,干将,乱世争雄，竟求强锋。,120,0,8,2,,200040,攻击加值#868,,10,1,2000,,,,攻击+868,32768
200041,腰刀,青青一树伤心色，曾入几人离恨中。,20,0,16,2,,200041,攻击加值#34,,1,1,2000,,,,攻击+34,1
200042,苗刀,秋霜欲下手先知，灯底裁缝剪刀冷。,45,0,16,2,,200042,攻击加值#45,,2,1,2000,,,,攻击+45,2
200043,柳叶,柳色黄金嫩，梨花白雪香。,55,0,16,2,,200043,攻击加值#58,,3,1,2000,,,,攻击+58,4
200044,胜邪,一朝春去红颜老，花落人亡两不知。,65,0,16,2,,200044,攻击加值#75,,4,1,2000,,,,攻击+75,8
200045,龙舌,杨花落尽子规啼，闻道龙标过五溪。,75,0,16,2,,200045,攻击加值#98,,5,1,2000,,,,攻击+98,32
200046,龙牙,斜倚云端千壶掩寂寞，纵使他人空笑我。,85,0,16,2,,200046,攻击加值#127,,6,1,2000,,,,攻击+127,128
200047,大夏龙雀,万战自称不提刃，生来双眼篾群容。,95,0,16,2,,200047,攻击加值#166,,7,1,2000,,,,攻击+166,512
200048,刈鹿,我自横刀向天笑，去留肝胆两昆仑。,105,0,16,2,,200048,攻击加值#215,,8,1,2000,,,,攻击+215,2048
200049,极乐,三月雪连夜，未应伤物华。,115,0,16,2,,200049,攻击加值#280,,9,1,2000,,,,攻击+280,8192
200050,鸣鸿,醉卧美人漆，醒掌杀人权。,120,0,16,2,,200050,攻击加值#364,,10,1,2000,,,,攻击+364,32768
200051,铁甲,你以为这就是全铁吗,20,1,1,2,,200051,生命上限加值#256#防御加值#39,,11,1,2000,,,,生命+256\n防御+39,1
200052,寒霜铠甲,"满堂花醉三千客,一剑寒霜十四州",42,1,1,2,,200052,生命上限加值#332#防御加值#51,,12,1,2000,,,,生命+332\n防御+51,2
200053,破山铠甲,据说愚公移山的时候就是穿的这套装备,52,1,1,2,,200053,生命上限加值#432#防御加值#66,,13,1,2000,,,,生命+432\n防御+66,4
200054,麒麟铠甲,这不是真正的麒麟,62,1,1,2,,200054,生命上限加值#561#防御加值#86,,14,1,2000,,,,生命+561\n防御+86,8
200055,天行铠甲,天行健，君子以自强不“吸”。,72,1,1,2,,200055,生命上限加值#730#防御加值#112,,15,1,2000,,,,生命+730\n防御+112,32
200056,离火铠甲,离离原上草，一岁一枯荣,82,1,1,2,,200056,生命上限加值#949#防御加值#146,,16,1,2000,,,,生命+949\n防御+146,128
200057,创始者铠甲,盘古开天辟地之时，大热，遂脱，但不幸被偷,92,1,1,2,,200057,生命上限加值#1233#防御加值#190,,17,1,2000,,,,生命+1233\n防御+190,512
200058,幻影铠甲,你打不中我,102,1,1,2,,200058,生命上限加值#1604#防御加值#247,,18,1,2000,,,,生命+1604\n防御+247,2048
200059,神威铠甲,神的威严，谁人敢于冒犯,112,1,1,2,,200059,生命上限加值#2085#防御加值#321,,19,1,2000,,,,生命+2085\n防御+321,8192
200060,灭世者铠甲,走路时请把步子放轻点,120,1,1,2,,200060,生命上限加值#2710#防御加值#417,,20,1,2000,,,,生命+2710\n防御+417,32768
200061,素袍,可以稍稍抵抗寒冷,20,1,2,2,,200061,生命上限加值#220#防御加值#24,,11,1,2000,,,,生命+220\n防御+24,1
200062,无痕法袍,雁过无声，风过无痕,42,1,2,2,,200062,生命上限加值#286#防御加值#32,,12,1,2000,,,,生命+286\n防御+32,2
200063,千波法袍,想知道什么是千波？扔一块石头到水里不就知道了,52,1,2,2,,200063,生命上限加值#372#防御加值#41,,13,1,2000,,,,生命+372\n防御+41,4
200064,踏雪法袍,燕过留影，踏雪无痕,62,1,2,2,,200064,生命上限加值#483#防御加值#54,,14,1,2000,,,,生命+483\n防御+54,8
200065,飞雪法袍,一丈之内全无雪花,72,1,2,2,,200065,生命上限加值#628#防御加值#70,,15,1,2000,,,,生命+628\n防御+70,32
200066,锦帽貂裘,锦帽貂裘，千骑卷平岗,82,1,2,2,,200066,生命上限加值#816#防御加值#91,,16,1,2000,,,,生命+816\n防御+91,128
200067,极光法袍,传说，这是烛龙幻化而成,92,1,2,2,,200067,生命上限加值#1061#防御加值#118,,17,1,2000,,,,生命+1061\n防御+118,512
200068,天魔法袍,上天入地，无所不能,102,1,2,2,,200068,生命上限加值#1380#防御加值#153,,18,1,2000,,,,生命+1380\n防御+153,2048
200069,奇门遁甲,八门全开，搞死一个不亏，搞死两个赚了,112,1,2,2,,200069,生命上限加值#1794#防御加值#199,,19,1,2000,,,,生命+1794\n防御+199,8192
200070,鲲鹏法袍,一日三千里，不是问题,120,1,2,2,,200070,生命上限加值#2332#防御加值#259,,20,1,2000,,,,生命+2332\n防御+259,32768
200071,软皮甲,虽然软，但是穿起来很舒服,20,1,4,2,,200071,生命上限加值#238#防御加值#26,,11,1,2000,,,,生命+238\n防御+26,1
200072,无影甲,你是鬼吗？不是，我只是没有影子,42,1,4,2,,200072,生命上限加值#309#防御加值#34,,12,1,2000,,,,生命+309\n防御+34,2
200073,寒芒轻甲,一点寒芒先到，随后枪出如龙,52,1,4,2,,200073,生命上限加值#402#防御加值#45,,13,1,2000,,,,生命+402\n防御+45,4
200074,流光轻甲,逝川与流光，飘忽不相待,62,1,4,2,,200074,生命上限加值#522#防御加值#58,,14,1,2000,,,,生命+522\n防御+58,8
200075,猎影轻甲,影子，哪里逃,72,1,4,2,,200075,生命上限加值#679#防御加值#75,,15,1,2000,,,,生命+679\n防御+75,32
200076,银光轻甲,纯银打造，童受无欺,82,1,4,2,,200076,生命上限加值#883#防御加值#98,,16,1,2000,,,,生命+883\n防御+98,128
200077,影闪轻甲,穿上即可隐身，宅男的福音,92,1,4,2,,200077,生命上限加值#1147#防御加值#127,,17,1,2000,,,,生命+1147\n防御+127,512
200078,复仇者轻甲,复仇者，定当忍辱负重,102,1,4,2,,200078,生命上限加值#1492#防御加值#166,,18,1,2000,,,,生命+1492\n防御+166,2048
200079,贪狼轻甲,十八般武艺，样样都不通,112,1,4,2,,200079,生命上限加值#1939#防御加值#215,,19,1,2000,,,,生命+1939\n防御+215,8192
200080,无极轻甲,眼睛的距离，就是无极的距离,120,1,4,2,,200080,生命上限加值#2521#防御加值#280,,20,1,2000,,,,生命+2521\n防御+280,32768
200081,锁子重甲,金钟罩，铁布衫,20,1,8,2,,200081,生命上限加值#297#防御加值#41,,11,1,2000,,,,生命+297\n防御+41,1
200082,逍遥重甲,天地任我游,42,1,8,2,,200082,生命上限加值#386#防御加值#54,,12,1,2000,,,,生命+386\n防御+54,2
200083,随风重甲,脱下可以放风筝,52,1,8,2,,200083,生命上限加值#502#防御加值#70,,13,1,2000,,,,生命+502\n防御+70,4
200084,寒芒重甲,能让人不寒而战,62,1,8,2,,200084,生命上限加值#653#防御加值#91,,14,1,2000,,,,生命+653\n防御+91,8
200085,狂风重甲,就让风吹的更狂烈点吧,72,1,8,2,,200085,生命上限加值#849#防御加值#118,,15,1,2000,,,,生命+849\n防御+118,32
200086,流浪者重甲,我一直都在流浪，但我不曾见过海洋,82,1,8,2,,200086,生命上限加值#1103#防御加值#153,,16,1,2000,,,,生命+1103\n防御+153,128
200087,霸王重甲,霸者，气吞山河,92,1,8,2,,200087,生命上限加值#1434#防御加值#199,,17,1,2000,,,,生命+1434\n防御+199,512
200088,毁灭重甲,我原付出我的生命，只原毁灭对面,102,1,8,2,,200088,生命上限加值#1865#防御加值#259,,18,1,2000,,,,生命+1865\n防御+259,2048
200089,七杀重甲,杀意已决,112,1,8,2,,200089,生命上限加值#2424#防御加值#337,,19,1,2000,,,,生命+2424\n防御+337,8192
200090,破军重甲,我行我素,120,1,8,2,,200090,生命上限加值#3151#防御加值#438,,20,1,2000,,,,生命+3151\n防御+438,32768
200091,秘银皇袍,百毒不侵,20,1,16,2,,200091,生命上限加值#416#防御加值#66,,11,1,2000,,,,生命+416\n防御+66,1
200092,万象皇袍,穿上此装，犹如万象附体,42,1,16,2,,200092,生命上限加值#541#防御加值#86,,12,1,2000,,,,生命+541\n防御+86,2
200093,金汤皇袍,来打我呀，来呀,52,1,16,2,,200093,生命上限加值#703#防御加值#112,,13,1,2000,,,,生命+703\n防御+112,4
200094,紫金皇袍,闪闪发光,62,1,16,2,,200094,生命上限加值#914#防御加值#145,,14,1,2000,,,,生命+914\n防御+145,8
200095,九鼎皇袍,男子汉大丈夫，一言九鼎,72,1,16,2,,200095,生命上限加值#1188#防御加值#189,,15,1,2000,,,,生命+1188\n防御+189,32
200096,日月乾坤,天地无极，日月乾坤,82,1,16,2,,200096,生命上限加值#1545#防御加值#245,,16,1,2000,,,,生命+1545\n防御+245,128
200097,应龙皇袍,水虺五百年化为蛟，蛟千年化为龙，龙五百年为角龙，千年为应龙,92,1,16,2,,200097,生命上限加值#2008#防御加值#319,,17,1,2000,,,,生命+2008\n防御+319,512
200098,御龙者皇袍,凭此物可以领取巨龙一头,102,1,16,2,,200098,生命上限加值#2610#防御加值#414,,18,1,2000,,,,生命+2610\n防御+414,2048
200099,天巡皇袍,来自一位前往人间界巡游的天仙,112,1,16,2,,200099,生命上限加值#3394#防御加值#539,,19,1,2000,,,,生命+3394\n防御+539,8192
200100,太虚皇袍,我本楚狂人，凤歌笑孔丘。,120,1,16,2,,200100,生命上限加值#4412#防御加值#700,,20,1,2000,,,,生命+4412\n防御+700,32768
200101,铁靴,你以为这就是全铁吗,20,2,1,2,,200101,生命上限加值#170#防御加值#39,,21,1,2000,,,,生命+170\n防御+39,1
200102,寒霜铠靴,"满堂花醉三千客,一剑寒霜十四州",40,2,1,2,,200102,生命上限加值#221#防御加值#51,,22,1,2000,,,,生命+221\n防御+51,2
200103,破山铠靴,据说愚公移山的时候就是穿的这套装备,50,2,1,2,,200103,生命上限加值#288#防御加值#66,,23,1,2000,,,,生命+288\n防御+66,4
200104,麒麟铠靴,这不是真正的麒麟,60,2,1,2,,200104,生命上限加值#374#防御加值#86,,24,1,2000,,,,生命+374\n防御+86,8
200105,天行铠靴,天行健，君子以自强不“吸”。,70,2,1,2,,200105,生命上限加值#487#防御加值#112,,25,1,2000,,,,生命+487\n防御+112,32
200106,离火铠靴,离离原上草，一岁一枯荣,80,2,1,2,,200106,生命上限加值#633#防御加值#146,,26,1,2000,,,,生命+633\n防御+146,128
200107,创始者铠靴,盘古开天辟地之时，大热，遂脱，但不幸被偷,90,2,1,2,,200107,生命上限加值#822#防御加值#190,,27,1,2000,,,,生命+822\n防御+190,512
200108,幻影铠靴,你打不中我,100,2,1,2,,200108,生命上限加值#1069#防御加值#247,,28,1,2000,,,,生命+1069\n防御+247,2048
200109,神威铠靴,神的威严，谁人敢于冒犯,110,2,1,2,,200109,生命上限加值#1390#防御加值#321,,29,1,2000,,,,生命+1390\n防御+321,8192
200110,灭世者铠靴,走路时请把步子放轻点,120,2,1,2,,200110,生命上限加值#1807#防御加值#417,,30,1,2000,,,,生命+1807\n防御+417,32768
200111,布鞋,可以稍稍抵抗寒冷,20,2,2,2,,200111,生命上限加值#147#防御加值#24,,21,1,2000,,,,生命+147\n防御+24,1
200112,无痕法靴,雁过无声，风过无痕,40,2,2,2,,200112,生命上限加值#191#防御加值#32,,22,1,2000,,,,生命+191\n防御+32,2
200113,千波法靴,想知道什么是千波？扔一块石头到水里不就知道了,50,2,2,2,,200113,生命上限加值#248#防御加值#41,,23,1,2000,,,,生命+248\n防御+41,4
200114,踏雪法靴,燕过留影，踏雪无痕,60,2,2,2,,200114,生命上限加值#322#防御加值#54,,24,1,2000,,,,生命+322\n防御+54,8
200115,飞雪法靴,一丈之内全无雪花,70,2,2,2,,200115,生命上限加值#419#防御加值#70,,25,1,2000,,,,生命+419\n防御+70,32
200116,锦帽貂裘鞋,锦帽貂裘，千骑卷平岗,80,2,2,2,,200116,生命上限加值#544#防御加值#91,,26,1,2000,,,,生命+544\n防御+91,128
200117,极光法靴,传说，这是烛龙幻化而成,90,2,2,2,,200117,生命上限加值#708#防御加值#118,,27,1,2000,,,,生命+708\n防御+118,512
200118,天魔法靴,上天入地，无所不能,100,2,2,2,,200118,生命上限加值#920#防御加值#153,,28,1,2000,,,,生命+920\n防御+153,2048
200119,奇门遁甲靴,八门全开，搞死一个不亏，搞死两个赚了,110,2,2,2,,200119,生命上限加值#1196#防御加值#199,,29,1,2000,,,,生命+1196\n防御+199,8192
200120,鲲鹏法靴,一日三千里，不是问题,120,2,2,2,,200120,生命上限加值#1555#防御加值#259,,30,1,2000,,,,生命+1555\n防御+259,32768
200121,软皮轻靴,虽然软，但是穿起来很舒服,20,2,4,2,,200121,生命上限加值#158#防御加值#26,,21,1,2000,,,,生命+158\n防御+26,1
200122,无影轻靴,你是鬼吗？不是，我只是没有影子,40,2,4,2,,200122,生命上限加值#206#防御加值#34,,22,1,2000,,,,生命+206\n防御+34,2
200123,寒芒轻靴,一点寒芒先到，随后枪出如龙,50,2,4,2,,200123,生命上限加值#268#防御加值#45,,23,1,2000,,,,生命+268\n防御+45,4
200124,流光轻靴,逝川与流光，飘忽不相待,60,2,4,2,,200124,生命上限加值#348#防御加值#58,,24,1,2000,,,,生命+348\n防御+58,8
200125,猎影轻靴,影子，哪里逃,70,2,4,2,,200125,生命上限加值#453#防御加值#75,,25,1,2000,,,,生命+453\n防御+75,32
200126,银光轻靴,纯银打造，童受无欺,80,2,4,2,,200126,生命上限加值#588#防御加值#98,,26,1,2000,,,,生命+588\n防御+98,128
200127,影闪轻靴,穿上即可隐身，宅男的福音,90,2,4,2,,200127,生命上限加值#765#防御加值#127,,27,1,2000,,,,生命+765\n防御+127,512
200128,复仇者轻鞋,复仇者，定当忍辱负重,100,2,4,2,,200128,生命上限加值#994#防御加值#166,,28,1,2000,,,,生命+994\n防御+166,2048
200129,贪狼轻靴,十八般武艺，样样都不通,110,2,4,2,,200129,生命上限加值#1293#防御加值#215,,29,1,2000,,,,生命+1293\n防御+215,8192
200130,无极轻靴,眼睛的距离，就是无极的距离,120,2,4,2,,200130,生命上限加值#1681#防御加值#280,,30,1,2000,,,,生命+1681\n防御+280,32768
200131,锁子重靴,金钟罩，铁布衫,20,2,8,2,,200131,生命上限加值#170#防御加值#41,,21,1,2000,,,,生命+170\n防御+41,1
200132,逍遥重靴,天地任我游,40,2,8,2,,200132,生命上限加值#221#防御加值#54,,22,1,2000,,,,生命+221\n防御+54,2
200133,随风重靴,脱下可以放风筝,50,2,8,2,,200133,生命上限加值#288#防御加值#70,,23,1,2000,,,,生命+288\n防御+70,4
200134,寒芒重靴,能让人不寒而战,60,2,8,2,,200134,生命上限加值#374#防御加值#91,,24,1,2000,,,,生命+374\n防御+91,8
200135,狂风重靴,就让风吹的更狂烈点吧,70,2,8,2,,200135,生命上限加值#487#防御加值#118,,25,1,2000,,,,生命+487\n防御+118,32
200136,流浪重靴,我一直都在流浪，但我不曾见过海洋,80,2,8,2,,200136,生命上限加值#633#防御加值#153,,26,1,2000,,,,生命+633\n防御+153,128
200137,霸王重靴,霸者，气吞山河,90,2,8,2,,200137,生命上限加值#822#防御加值#199,,27,1,2000,,,,生命+822\n防御+199,512
200138,毁灭重靴,我原付出我的生命，只原毁灭对面,100,2,8,2,,200138,生命上限加值#1069#防御加值#259,,28,1,2000,,,,生命+1069\n防御+259,2048
200139,七杀重靴,杀意已决,110,2,8,2,,200139,生命上限加值#1390#防御加值#337,,29,1,2000,,,,生命+1390\n防御+337,8192
200140,破军重靴,我行我素,120,2,8,2,,200140,生命上限加值#1807#防御加值#438,,30,1,2000,,,,生命+1807\n防御+438,32768
200141,秘银帝靴,百毒不侵,20,2,16,2,,200141,生命上限加值#170#防御加值#66,,21,1,2000,,,,生命+170\n防御+66,1
200142,万象帝靴,穿上此装，犹如万象附体,40,2,16,2,,200142,生命上限加值#221#防御加值#86,,22,1,2000,,,,生命+221\n防御+86,2
200143,金汤帝靴,来打我呀，来呀,50,2,16,2,,200143,生命上限加值#288#防御加值#112,,23,1,2000,,,,生命+288\n防御+112,4
200144,紫金帝靴,闪闪发光,60,2,16,2,,200144,生命上限加值#374#防御加值#145,,24,1,2000,,,,生命+374\n防御+145,8
200145,九鼎帝靴,男子汉大丈夫，一言九鼎,70,2,16,2,,200145,生命上限加值#487#防御加值#189,,25,1,2000,,,,生命+487\n防御+189,32
200146,日月乾坤靴,天地无极，日月乾坤,80,2,16,2,,200146,生命上限加值#633#防御加值#245,,26,1,2000,,,,生命+633\n防御+245,128
200147,应龙帝靴,水虺五百年化为蛟，蛟千年化为龙，龙五百年为角龙，千年为应龙,90,2,16,2,,200147,生命上限加值#822#防御加值#319,,27,1,2000,,,,生命+822\n防御+319,512
200148,御龙者帝靴,凭此物可以领取巨龙一头,100,2,16,2,,200148,生命上限加值#1069#防御加值#414,,28,1,2000,,,,生命+1069\n防御+414,2048
200149,天巡帝靴,来自一位前往人间界巡游的天仙,110,2,16,2,,200149,生命上限加值#1390#防御加值#539,,29,1,2000,,,,生命+1390\n防御+539,8192
200150,太虚帝靴,我本楚狂人，凤歌笑孔丘。,120,2,16,2,,200150,生命上限加值#1807#防御加值#700,,30,1,2000,,,,生命+1807\n防御+700,32768
200151,牛角戒指,一头牛可以做一百个戒指,20,3,31,2,,200151,攻击加值#66#生命上限加值#99,,31,1,2000,,,,攻击+66\n生命+99,1
200152,钻石戒指,钻石恒久远，一颗永流传,44,3,31,2,,200152,攻击加值#86#生命上限加值#129,,32,1,2000,,,,攻击+86\n生命+129,2
200153,无尘戒指,带上此物即可不用洗澡,54,3,31,2,,200153,攻击加值#112#生命上限加值#167,,33,1,2000,,,,攻击+112\n生命+167,4
200154,红莲戒指,红莲之火是地狱的业火，可以烧尽所有带灵魂的事物,64,3,31,2,,200154,攻击加值#145#生命上限加值#218,,34,1,2000,,,,攻击+145\n生命+218,8
200155,玄冰戒指,夏天必备之物,74,3,31,2,,200155,攻击加值#189#生命上限加值#283,,35,1,2000,,,,攻击+189\n生命+283,32
200156,皎月戒指,代表月亮消灭你,84,3,31,2,,200156,攻击加值#245#生命上限加值#368,,36,1,2000,,,,攻击+245\n生命+368,128
200157,无双戒指,天上天下，独一无二,94,3,31,2,,200157,攻击加值#319#生命上限加值#478,,37,1,2000,,,,攻击+319\n生命+478,512
200158,战神戒指,战神者，上天下地，无所不能,104,3,31,2,,200158,攻击加值#414#生命上限加值#622,,38,1,2000,,,,攻击+414\n生命+622,2048
200159,七杀戒指,杀意已决，不死不回家,114,3,31,2,,200159,攻击加值#539#生命上限加值#808,,39,1,2000,,,,攻击+539\n生命+808,8192
200160,修罗戒指,非人，非鬼，非神,120,3,31,2,,200160,攻击加值#700#生命上限加值#1050,,40,1,2000,,,,攻击+700\n生命+1050,32768
200161,青玉珠,勉强加点属性，总比没有好,20,4,31,2,,200161,生命上限加值#198#防御加值#33,,41,1,2000,,,,生命+198\n防御+33,1
200162,治疗宝珠,记得吃药，不要放弃治疗,46,4,31,2,,200162,生命上限加值#258#防御加值#43,,42,1,2000,,,,生命+258\n防御+43,2
200163,孤云珠,云无心以出岫，泉涓涓而始流,56,4,31,2,,200163,生命上限加值#335#防御加值#56,,43,1,2000,,,,生命+335\n防御+56,4
200164,定风珠,“我的风筝怎么飞不起来了啊”,66,4,31,2,,200164,生命上限加值#435#防御加值#73,,44,1,2000,,,,生命+435\n防御+73,8
200165,金刚珠,除了硬，我还没发现有什么用！,76,4,31,2,,200165,生命上限加值#566#防御加值#94,,45,1,2000,,,,生命+566\n防御+94,32
200166,离火宝珠,离离原上草，一岁一枯荣。谁知盘中餐，粒粒皆辛苦,86,4,31,2,,200166,生命上限加值#736#防御加值#123,,46,1,2000,,,,生命+736\n防御+123,128
200167,寂灭宝珠,方圆十里，不留任何活口,96,4,31,2,,200167,生命上限加值#956#防御加值#159,,47,1,2000,,,,生命+956\n防御+159,512
200168,血煞宝珠,不知染了多少鲜血，才会红的如此妖艳,106,4,31,2,,200168,生命上限加值#1243#防御加值#207,,48,1,2000,,,,生命+1243\n防御+207,2048
200169,万劫宝珠,佛曰：一劫为一世,116,4,31,2,,200169,生命上限加值#1616#防御加值#269,,49,1,2000,,,,生命+1616\n防御+269,8192
200170,星辰宝珠,一颗星辰宝珠即为一个大千世界,120,4,31,2,,200170,生命上限加值#2101#防御加值#350,,50,1,2000,,,,生命+2101\n防御+350,32768
200171,《秋水》,落霞与孤鹜齐飞，秋水共长天一色,20,5,31,2,,200171,攻击加值#66#防御加值#33,,51,1,2000,,,,攻击+66\n防御+33,1
200172,《西江月》,明月别枝惊鹊，清风半夜鸣蝉。,48,5,31,2,,200172,攻击加值#86#防御加值#43,,52,1,2000,,,,攻击+86\n防御+43,2
200173,《满江红》,壮志饥餐胡虏肉，笑谈渴饮匈奴血。,58,5,31,2,,200173,攻击加值#112#防御加值#56,,53,1,2000,,,,攻击+112\n防御+56,4
200174,《红莲》,火焰化红莲，天罪自消衍，闻说福寿俱增延,68,5,31,2,,200174,攻击加值#145#防御加值#73,,54,1,2000,,,,攻击+145\n防御+73,8
200175,《念奴娇》,羽扇纶巾，谈笑间、樯橹灰飞烟灭。,78,5,31,2,,200175,攻击加值#189#防御加值#94,,55,1,2000,,,,攻击+189\n防御+94,32
200176,《蝶恋花》,衣带渐宽无别意，新书报我添憔悴。,88,5,31,2,,200176,攻击加值#245#防御加值#123,,56,1,2000,,,,攻击+245\n防御+123,128
200177,《凤栖梧》,衣带渐宽终不悔，为伊消得人憔悴。,98,5,31,2,,200177,攻击加值#319#防御加值#159,,57,1,2000,,,,攻击+319\n防御+159,512
200178,《破阵子》,八百里分麾下炙，五十弦翻塞外声,108,5,31,2,,200178,攻击加值#414#防御加值#207,,58,1,2000,,,,攻击+414\n防御+207,2048
200179,《女娲》,女娲炼石补天处，石破天金逗秋雨。,118,5,31,2,,200179,攻击加值#539#防御加值#269,,59,1,2000,,,,攻击+539\n防御+269,8192
200180,《盘古》,天地浑沌如鸡子，盘古生其中。,120,5,31,2,,200180,攻击加值#700#防御加值#350,,60,1,2000,,,,攻击+700\n防御+350,32768
200181,绿沉,乱花渐欲迷人眼，浅草才能没马蹄。,20,0,1,3,,200001,攻击加值#130,,1,1,2000,,,,攻击+130,4
200182,红缨,烽火渐遥云渐远，神威依旧振边关。,45,0,1,3,,200002,攻击加值#170,,2,1,2000,,,,攻击+170,8
200183,蓝电,山河破碎风飘絮，身世浮沉雨打萍。,55,0,1,3,,200003,攻击加值#221,,3,1,2000,,,,攻击+221,16
200184,紫韵,夜阑卧听风吹雨，铁马冰河入梦来。,65,0,1,3,,200004,攻击加值#287,,4,1,2000,,,,攻击+287,32
200185,湛金,恍恍与之去，驾鸿凌紫冥。,75,0,1,3,,200005,攻击加值#373,,5,1,2000,,,,攻击+373,128
200186,凤尾,"云青青兮欲雨, 水澹澹兮生烟。",85,0,1,3,,200006,攻击加值#484,,6,1,2000,,,,攻击+484,512
200187,风火游龙,扬鞭走马城南陌，朝逢驿使秦川客。,95,0,1,3,,200007,攻击加值#630,,7,1,2000,,,,攻击+630,2048
200188,暴雨梨花,只缘春欲尽，留著伴梨花。,105,0,1,3,,200008,攻击加值#819,,8,1,2000,,,,攻击+819,8192
200189,八宝玲珑,粉蝶双双穿槛舞，帘卷晚天疏雨。,115,0,1,3,,200009,攻击加值#1064,,9,1,2000,,,,攻击+1064,32768
200190,流星赶月,银鞍照白马，飒沓如流星。,120,0,1,3,,200010,攻击加值#1384,,10,1,2000,,,,攻击+1384,131072
200191,蒲叶,池上日相待，知君殊未回。,20,0,2,3,,200011,攻击加值#172,,1,1,2000,,,,攻击+172,4
200192,雕翎,纱窗日落渐黄昏，金屋无人见泪痕。,45,0,2,3,,200012,攻击加值#223,,2,1,2000,,,,攻击+223,8
200193,芭蕉,寂寞空庭春欲晚，梨花满地不开门。,55,0,2,3,,200013,攻击加值#290,,3,1,2000,,,,攻击+290,16
200194,清风,旧山虽在不关身，且向长安过暮春。,65,0,2,3,,200014,攻击加值#377,,4,1,2000,,,,攻击+377,32
200195,呼风唤雨,南朝四百八十寺，多少楼台烟雨中。,75,0,2,3,,200015,攻击加值#490,,5,1,2000,,,,攻击+490,128
200196,夺命书生,冷艳金歇雪，余香乍入衣。,85,0,2,3,,200016,攻击加值#637,,6,1,2000,,,,攻击+637,512
200197,离恨歌,回眸一笑百媚生，六宫粉黛无颜色。,95,0,2,3,,200017,攻击加值#829,,7,1,2000,,,,攻击+829,2048
200198,一叶一菩提,一树一菩提，一土一如来,105,0,2,3,,200018,攻击加值#1077,,8,1,2000,,,,攻击+1077,8192
200199,一花一世界,一花一天堂，一草一世界,115,0,2,3,,200019,攻击加值#1401,,9,1,2000,,,,攻击+1401,32768
200200,三千世界,二入笙歌云幕下，三千世界雪花中。,120,0,2,3,,200020,攻击加值#1821,,10,1,2000,,,,攻击+1821,131072
200201,短匕,人情薄似云，风景疾如箭。,20,0,4,3,,200021,攻击加值#158,,1,1,2000,,,,攻击+158,4
200202,毒匕,栖泊云安县，消中内相毒。,45,0,4,3,,200022,攻击加值#205,,2,1,2000,,,,攻击+205,8
200203,孤影,孤舟蓑笠翁，独钓寒江雪。,55,0,4,3,,200023,攻击加值#267,,3,1,2000,,,,攻击+267,16
200204,花刺,花间一壶酒，独酌无相亲。,65,0,4,3,,200024,攻击加值#347,,4,1,2000,,,,攻击+347,32
200205,隐水,青山隐隐水迢迢，秋尽江南草未凋。,75,0,4,3,,200025,攻击加值#451,,5,1,2000,,,,攻击+451,128
200206,龙鳞,君王好长袖，新作舞衣宽。,85,0,4,3,,200026,攻击加值#586,,6,1,2000,,,,攻击+586,512
200207,鱼肠,似此星辰非昨夜，为谁风露立中宵。,95,0,4,3,,200027,攻击加值#762,,7,1,2000,,,,攻击+762,2048
200208,寒月,秋霜欲下手先知，灯底裁缝剪刀冷。,105,0,4,3,,200028,攻击加值#991,,8,1,2000,,,,攻击+991,8192
200209,龙牙,斜倚云端千壶掩寂寞，纵使他人空笑我。,115,0,4,3,,200029,攻击加值#1288,,9,1,2000,,,,攻击+1288,32768
200210,尊神,岩扉松径长寂寥，惟有幽人夜来去。,120,0,4,3,,200030,攻击加值#1675,,10,1,2000,,,,攻击+1675,131072
200211,长剑,迁客犹未老，圣朝今复归。,20,0,8,3,,200031,攻击加值#106,,1,1,2000,,,,攻击+106,4
200212,含光,山楼彩凤栖寒月，宴殿金麟吐御香。,45,0,8,3,,200032,攻击加值#138,,2,1,2000,,,,攻击+138,8
200213,夺命,待浮花浪蕊俱尽，伴君幽独。,55,0,8,3,,200033,攻击加值#180,,3,1,2000,,,,攻击+180,16
200214,胜邪,一朝春去红颜老，花落人亡两不知。,65,0,8,3,,200034,攻击加值#234,,4,1,2000,,,,攻击+234,32
200215,龙泉,桃溪惆怅不能过，红艳纷纷落地多。,75,0,8,3,,200035,攻击加值#304,,5,1,2000,,,,攻击+304,128
200216,赤霄,闻道郭西千树雪，欲将君去醉如何。,85,0,8,3,,200036,攻击加值#395,,6,1,2000,,,,攻击+395,512
200217,纯钧,淮阳多病偶求欢，客袖侵霜与烛盘。,95,0,8,3,,200037,攻击加值#514,,7,1,2000,,,,攻击+514,2048
200218,湛卢,砌下梨花一堆雪，明年谁此凭栏杆？,105,0,8,3,,200038,攻击加值#668,,8,1,2000,,,,攻击+668,8192
200219,莫邪,以命为注，为王铸兵。,115,0,8,3,,200039,攻击加值#868,,9,1,2000,,,,攻击+868,32768
200220,干将,乱世争雄，竟求强锋。,120,0,8,3,,200040,攻击加值#1129,,10,1,2000,,,,攻击+1129,131072
200221,腰刀,青青一树伤心色，曾入几人离恨中。,20,0,16,3,,200041,攻击加值#45,,1,1,2000,,,,攻击+45,4
200222,苗刀,秋霜欲下手先知，灯底裁缝剪刀冷。,45,0,16,3,,200042,攻击加值#58,,2,1,2000,,,,攻击+58,8
200223,柳叶,柳色黄金嫩，梨花白雪香。,55,0,16,3,,200043,攻击加值#75,,3,1,2000,,,,攻击+75,16
200224,胜邪,一朝春去红颜老，花落人亡两不知。,65,0,16,3,,200044,攻击加值#98,,4,1,2000,,,,攻击+98,32
200225,龙舌,杨花落尽子规啼，闻道龙标过五溪。,75,0,16,3,,200045,攻击加值#127,,5,1,2000,,,,攻击+127,128
200226,龙牙,斜倚云端千壶掩寂寞，纵使他人空笑我。,85,0,16,3,,200046,攻击加值#166,,6,1,2000,,,,攻击+166,512
200227,大夏龙雀,万战自称不提刃，生来双眼篾群容。,95,0,16,3,,200047,攻击加值#215,,7,1,2000,,,,攻击+215,2048
200228,刈鹿,我自横刀向天笑，去留肝胆两昆仑。,105,0,16,3,,200048,攻击加值#280,,8,1,2000,,,,攻击+280,8192
200229,极乐,三月雪连夜，未应伤物华。,115,0,16,3,,200049,攻击加值#364,,9,1,2000,,,,攻击+364,32768
200230,鸣鸿,醉卧美人漆，醒掌杀人权。,120,0,16,3,,200050,攻击加值#473,,10,1,2000,,,,攻击+473,131072
200231,铁甲,你以为这就是全铁吗,20,1,1,3,,200051,生命上限加值#332#防御加值#51,,11,1,2000,,,,生命+332\n防御+51,4
200232,寒霜铠甲,"满堂花醉三千客,一剑寒霜十四州",42,1,1,3,,200052,生命上限加值#432#防御加值#66,,12,1,2000,,,,生命+432\n防御+66,8
200233,破山铠甲,据说愚公移山的时候就是穿的这套装备,52,1,1,3,,200053,生命上限加值#561#防御加值#86,,13,1,2000,,,,生命+561\n防御+86,16
200234,麒麟铠甲,这不是真正的麒麟,62,1,1,3,,200054,生命上限加值#730#防御加值#112,,14,1,2000,,,,生命+730\n防御+112,32
200235,天行铠甲,天行健，君子以自强不“吸”。,72,1,1,3,,200055,生命上限加值#949#防御加值#146,,15,1,2000,,,,生命+949\n防御+146,128
200236,离火铠甲,离离原上草，一岁一枯荣,82,1,1,3,,200056,生命上限加值#1233#防御加值#190,,16,1,2000,,,,生命+1233\n防御+190,512
200237,创始者铠甲,盘古开天辟地之时，大热，遂脱，但不幸被偷,92,1,1,3,,200057,生命上限加值#1604#防御加值#247,,17,1,2000,,,,生命+1604\n防御+247,2048
200238,幻影铠甲,你打不中我,102,1,1,3,,200058,生命上限加值#2085#防御加值#321,,18,1,2000,,,,生命+2085\n防御+321,8192
200239,神威铠甲,神的威严，谁人敢于冒犯,112,1,1,3,,200059,生命上限加值#2710#防御加值#417,,19,1,2000,,,,生命+2710\n防御+417,32768
200240,灭世者铠甲,走路时请把步子放轻点,120,1,1,3,,200060,生命上限加值#3523#防御加值#542,,20,1,2000,,,,生命+3523\n防御+542,131072
200241,素袍,可以稍稍抵抗寒冷,20,1,2,3,,200061,生命上限加值#286#防御加值#32,,11,1,2000,,,,生命+286\n防御+32,4
200242,无痕法袍,雁过无声，风过无痕,42,1,2,3,,200062,生命上限加值#372#防御加值#41,,12,1,2000,,,,生命+372\n防御+41,8
200243,千波法袍,想知道什么是千波？扔一块石头到水里不就知道了,52,1,2,3,,200063,生命上限加值#483#防御加值#54,,13,1,2000,,,,生命+483\n防御+54,16
200244,踏雪法袍,燕过留影，踏雪无痕,62,1,2,3,,200064,生命上限加值#628#防御加值#70,,14,1,2000,,,,生命+628\n防御+70,32
200245,飞雪法袍,一丈之内全无雪花,72,1,2,3,,200065,生命上限加值#816#防御加值#91,,15,1,2000,,,,生命+816\n防御+91,128
200246,锦帽貂裘,锦帽貂裘，千骑卷平岗,82,1,2,3,,200066,生命上限加值#1061#防御加值#118,,16,1,2000,,,,生命+1061\n防御+118,512
200247,极光法袍,传说，这是烛龙幻化而成,92,1,2,3,,200067,生命上限加值#1380#防御加值#153,,17,1,2000,,,,生命+1380\n防御+153,2048
200248,天魔法袍,上天入地，无所不能,102,1,2,3,,200068,生命上限加值#1794#防御加值#199,,18,1,2000,,,,生命+1794\n防御+199,8192
200249,奇门遁甲,八门全开，搞死一个不亏，搞死两个赚了,112,1,2,3,,200069,生命上限加值#2332#防御加值#259,,19,1,2000,,,,生命+2332\n防御+259,32768
200250,鲲鹏法袍,一日三千里，不是问题,120,1,2,3,,200070,生命上限加值#3031#防御加值#337,,20,1,2000,,,,生命+3031\n防御+337,131072
200251,软皮甲,虽然软，但是穿起来很舒服,20,1,4,3,,200071,生命上限加值#309#防御加值#34,,11,1,2000,,,,生命+309\n防御+34,4
200252,无影甲,你是鬼吗？不是，我只是没有影子,42,1,4,3,,200072,生命上限加值#402#防御加值#45,,12,1,2000,,,,生命+402\n防御+45,8
200253,寒芒轻甲,一点寒芒先到，随后枪出如龙,52,1,4,3,,200073,生命上限加值#522#防御加值#58,,13,1,2000,,,,生命+522\n防御+58,16
200254,流光轻甲,逝川与流光，飘忽不相待,62,1,4,3,,200074,生命上限加值#679#防御加值#75,,14,1,2000,,,,生命+679\n防御+75,32
200255,猎影轻甲,影子，哪里逃,72,1,4,3,,200075,生命上限加值#883#防御加值#98,,15,1,2000,,,,生命+883\n防御+98,128
200256,银光轻甲,纯银打造，童受无欺,82,1,4,3,,200076,生命上限加值#1147#防御加值#127,,16,1,2000,,,,生命+1147\n防御+127,512
200257,影闪轻甲,穿上即可隐身，宅男的福音,92,1,4,3,,200077,生命上限加值#1492#防御加值#166,,17,1,2000,,,,生命+1492\n防御+166,2048
200258,复仇者轻甲,复仇者，定当忍辱负重,102,1,4,3,,200078,生命上限加值#1939#防御加值#215,,18,1,2000,,,,生命+1939\n防御+215,8192
200259,贪狼轻甲,十八般武艺，样样都不通,112,1,4,3,,200079,生命上限加值#2521#防御加值#280,,19,1,2000,,,,生命+2521\n防御+280,32768
200260,无极轻甲,眼睛的距离，就是无极的距离,120,1,4,3,,200080,生命上限加值#3277#防御加值#364,,20,1,2000,,,,生命+3277\n防御+364,131072
200261,锁子重甲,金钟罩，铁布衫,20,1,8,3,,200081,生命上限加值#386#防御加值#54,,11,1,2000,,,,生命+386\n防御+54,4
200262,逍遥重甲,天地任我游,42,1,8,3,,200082,生命上限加值#502#防御加值#70,,12,1,2000,,,,生命+502\n防御+70,8
200263,随风重甲,脱下可以放风筝,52,1,8,3,,200083,生命上限加值#653#防御加值#91,,13,1,2000,,,,生命+653\n防御+91,16
200264,寒芒重甲,能让人不寒而战,62,1,8,3,,200084,生命上限加值#849#防御加值#118,,14,1,2000,,,,生命+849\n防御+118,32
200265,狂风重甲,就让风吹的更狂烈点吧,72,1,8,3,,200085,生命上限加值#1103#防御加值#153,,15,1,2000,,,,生命+1103\n防御+153,128
200266,流浪者重甲,我一直都在流浪，但我不曾见过海洋,82,1,8,3,,200086,生命上限加值#1434#防御加值#199,,16,1,2000,,,,生命+1434\n防御+199,512
200267,霸王重甲,霸者，气吞山河,92,1,8,3,,200087,生命上限加值#1865#防御加值#259,,17,1,2000,,,,生命+1865\n防御+259,2048
200268,毁灭重甲,我原付出我的生命，只原毁灭对面,102,1,8,3,,200088,生命上限加值#2424#防御加值#337,,18,1,2000,,,,生命+2424\n防御+337,8192
200269,七杀重甲,杀意已决,112,1,8,3,,200089,生命上限加值#3151#防御加值#438,,19,1,2000,,,,生命+3151\n防御+438,32768
200270,破军重甲,我行我素,120,1,8,3,,200090,生命上限加值#4096#防御加值#569,,20,1,2000,,,,生命+4096\n防御+569,131072
200271,秘银皇袍,百毒不侵,20,1,16,3,,200091,生命上限加值#541#防御加值#86,,11,1,2000,,,,生命+541\n防御+86,4
200272,万象皇袍,穿上此装，犹如万象附体,42,1,16,3,,200092,生命上限加值#703#防御加值#112,,12,1,2000,,,,生命+703\n防御+112,8
200273,金汤皇袍,来打我呀，来呀,52,1,16,3,,200093,生命上限加值#914#防御加值#145,,13,1,2000,,,,生命+914\n防御+145,16
200274,紫金皇袍,闪闪发光,62,1,16,3,,200094,生命上限加值#1188#防御加值#189,,14,1,2000,,,,生命+1188\n防御+189,32
200275,九鼎皇袍,男子汉大丈夫，一言九鼎,72,1,16,3,,200095,生命上限加值#1545#防御加值#245,,15,1,2000,,,,生命+1545\n防御+245,128
200276,日月乾坤,天地无极，日月乾坤,82,1,16,3,,200096,生命上限加值#2008#防御加值#319,,16,1,2000,,,,生命+2008\n防御+319,512
200277,应龙皇袍,水虺五百年化为蛟，蛟千年化为龙，龙五百年为角龙，千年为应龙,92,1,16,3,,200097,生命上限加值#2610#防御加值#414,,17,1,2000,,,,生命+2610\n防御+414,2048
200278,御龙者皇袍,凭此物可以领取巨龙一头,102,1,16,3,,200098,生命上限加值#3394#防御加值#539,,18,1,2000,,,,生命+3394\n防御+539,8192
200279,天巡皇袍,来自一位前往人间界巡游的天仙,112,1,16,3,,200099,生命上限加值#4412#防御加值#700,,19,1,2000,,,,生命+4412\n防御+700,32768
200280,太虚皇袍,我本楚狂人，凤歌笑孔丘。,120,1,16,3,,200100,生命上限加值#5735#防御加值#910,,20,1,2000,,,,生命+5735\n防御+910,131072
200281,铁靴,你以为这就是全铁吗,20,2,1,3,,200101,生命上限加值#221#防御加值#51,,21,1,2000,,,,生命+221\n防御+51,4
200282,寒霜铠靴,"满堂花醉三千客,一剑寒霜十四州",40,2,1,3,,200102,生命上限加值#288#防御加值#66,,22,1,2000,,,,生命+288\n防御+66,8
200283,破山铠靴,据说愚公移山的时候就是穿的这套装备,50,2,1,3,,200103,生命上限加值#374#防御加值#86,,23,1,2000,,,,生命+374\n防御+86,16
200284,麒麟铠靴,这不是真正的麒麟,60,2,1,3,,200104,生命上限加值#487#防御加值#112,,24,1,2000,,,,生命+487\n防御+112,32
200285,天行铠靴,天行健，君子以自强不“吸”。,70,2,1,3,,200105,生命上限加值#633#防御加值#146,,25,1,2000,,,,生命+633\n防御+146,128
200286,离火铠靴,离离原上草，一岁一枯荣,80,2,1,3,,200106,生命上限加值#822#防御加值#190,,26,1,2000,,,,生命+822\n防御+190,512
200287,创始者铠靴,盘古开天辟地之时，大热，遂脱，但不幸被偷,90,2,1,3,,200107,生命上限加值#1069#防御加值#247,,27,1,2000,,,,生命+1069\n防御+247,2048
200288,幻影铠靴,你打不中我,100,2,1,3,,200108,生命上限加值#1390#防御加值#321,,28,1,2000,,,,生命+1390\n防御+321,8192
200289,神威铠靴,神的威严，谁人敢于冒犯,110,2,1,3,,200109,生命上限加值#1807#防御加值#417,,29,1,2000,,,,生命+1807\n防御+417,32768
200290,灭世者铠靴,走路时请把步子放轻点,120,2,1,3,,200110,生命上限加值#2349#防御加值#542,,30,1,2000,,,,生命+2349\n防御+542,131072
200291,布鞋,可以稍稍抵抗寒冷,20,2,2,3,,200111,生命上限加值#191#防御加值#32,,21,1,2000,,,,生命+191\n防御+32,4
200292,无痕法靴,雁过无声，风过无痕,40,2,2,3,,200112,生命上限加值#248#防御加值#41,,22,1,2000,,,,生命+248\n防御+41,8
200293,千波法靴,想知道什么是千波？扔一块石头到水里不就知道了,50,2,2,3,,200113,生命上限加值#322#防御加值#54,,23,1,2000,,,,生命+322\n防御+54,16
200294,踏雪法靴,燕过留影，踏雪无痕,60,2,2,3,,200114,生命上限加值#419#防御加值#70,,24,1,2000,,,,生命+419\n防御+70,32
200295,飞雪法靴,一丈之内全无雪花,70,2,2,3,,200115,生命上限加值#544#防御加值#91,,25,1,2000,,,,生命+544\n防御+91,128
200296,锦帽貂裘鞋,锦帽貂裘，千骑卷平岗,80,2,2,3,,200116,生命上限加值#708#防御加值#118,,26,1,2000,,,,生命+708\n防御+118,512
200297,极光法靴,传说，这是烛龙幻化而成,90,2,2,3,,200117,生命上限加值#920#防御加值#153,,27,1,2000,,,,生命+920\n防御+153,2048
200298,天魔法靴,上天入地，无所不能,100,2,2,3,,200118,生命上限加值#1196#防御加值#199,,28,1,2000,,,,生命+1196\n防御+199,8192
200299,奇门遁甲靴,八门全开，搞死一个不亏，搞死两个赚了,110,2,2,3,,200119,生命上限加值#1555#防御加值#259,,29,1,2000,,,,生命+1555\n防御+259,32768
200300,鲲鹏法靴,一日三千里，不是问题,120,2,2,3,,200120,生命上限加值#2021#防御加值#337,,30,1,2000,,,,生命+2021\n防御+337,131072
200301,软皮轻靴,虽然软，但是穿起来很舒服,20,2,4,3,,200121,生命上限加值#206#防御加值#34,,21,1,2000,,,,生命+206\n防御+34,4
200302,无影轻靴,你是鬼吗？不是，我只是没有影子,40,2,4,3,,200122,生命上限加值#268#防御加值#45,,22,1,2000,,,,生命+268\n防御+45,8
200303,寒芒轻靴,一点寒芒先到，随后枪出如龙,50,2,4,3,,200123,生命上限加值#348#防御加值#58,,23,1,2000,,,,生命+348\n防御+58,16
200304,流光轻靴,逝川与流光，飘忽不相待,60,2,4,3,,200124,生命上限加值#453#防御加值#75,,24,1,2000,,,,生命+453\n防御+75,32
200305,猎影轻靴,影子，哪里逃,70,2,4,3,,200125,生命上限加值#588#防御加值#98,,25,1,2000,,,,生命+588\n防御+98,128
200306,银光轻靴,纯银打造，童受无欺,80,2,4,3,,200126,生命上限加值#765#防御加值#127,,26,1,2000,,,,生命+765\n防御+127,512
200307,影闪轻靴,穿上即可隐身，宅男的福音,90,2,4,3,,200127,生命上限加值#994#防御加值#166,,27,1,2000,,,,生命+994\n防御+166,2048
200308,复仇者轻鞋,复仇者，定当忍辱负重,100,2,4,3,,200128,生命上限加值#1293#防御加值#215,,28,1,2000,,,,生命+1293\n防御+215,8192
200309,贪狼轻靴,十八般武艺，样样都不通,110,2,4,3,,200129,生命上限加值#1681#防御加值#280,,29,1,2000,,,,生命+1681\n防御+280,32768
200310,无极轻靴,眼睛的距离，就是无极的距离,120,2,4,3,,200130,生命上限加值#2185#防御加值#364,,30,1,2000,,,,生命+2185\n防御+364,131072
200311,锁子重靴,金钟罩，铁布衫,20,2,8,3,,200131,生命上限加值#221#防御加值#54,,21,1,2000,,,,生命+221\n防御+54,4
200312,逍遥重靴,天地任我游,40,2,8,3,,200132,生命上限加值#288#防御加值#70,,22,1,2000,,,,生命+288\n防御+70,8
200313,随风重靴,脱下可以放风筝,50,2,8,3,,200133,生命上限加值#374#防御加值#91,,23,1,2000,,,,生命+374\n防御+91,16
200314,寒芒重靴,能让人不寒而战,60,2,8,3,,200134,生命上限加值#487#防御加值#118,,24,1,2000,,,,生命+487\n防御+118,32
200315,狂风重靴,就让风吹的更狂烈点吧,70,2,8,3,,200135,生命上限加值#633#防御加值#153,,25,1,2000,,,,生命+633\n防御+153,128
200316,流浪重靴,我一直都在流浪，但我不曾见过海洋,80,2,8,3,,200136,生命上限加值#822#防御加值#199,,26,1,2000,,,,生命+822\n防御+199,512
200317,霸王重靴,霸者，气吞山河,90,2,8,3,,200137,生命上限加值#1069#防御加值#259,,27,1,2000,,,,生命+1069\n防御+259,2048
200318,毁灭重靴,我原付出我的生命，只原毁灭对面,100,2,8,3,,200138,生命上限加值#1390#防御加值#337,,28,1,2000,,,,生命+1390\n防御+337,8192
200319,七杀重靴,杀意已决,110,2,8,3,,200139,生命上限加值#1807#防御加值#438,,29,1,2000,,,,生命+1807\n防御+438,32768
200320,破军重靴,我行我素,120,2,8,3,,200140,生命上限加值#2349#防御加值#569,,30,1,2000,,,,生命+2349\n防御+569,131072
200321,秘银帝靴,百毒不侵,20,2,16,3,,200141,生命上限加值#221#防御加值#86,,21,1,2000,,,,生命+221\n防御+86,4
200322,万象帝靴,穿上此装，犹如万象附体,40,2,16,3,,200142,生命上限加值#288#防御加值#112,,22,1,2000,,,,生命+288\n防御+112,8
200323,金汤帝靴,来打我呀，来呀,50,2,16,3,,200143,生命上限加值#374#防御加值#145,,23,1,2000,,,,生命+374\n防御+145,16
200324,紫金帝靴,闪闪发光,60,2,16,3,,200144,生命上限加值#487#防御加值#189,,24,1,2000,,,,生命+487\n防御+189,32
200325,九鼎帝靴,男子汉大丈夫，一言九鼎,70,2,16,3,,200145,生命上限加值#633#防御加值#245,,25,1,2000,,,,生命+633\n防御+245,128
200326,日月乾坤靴,天地无极，日月乾坤,80,2,16,3,,200146,生命上限加值#822#防御加值#319,,26,1,2000,,,,生命+822\n防御+319,512
200327,应龙帝靴,水虺五百年化为蛟，蛟千年化为龙，龙五百年为角龙，千年为应龙,90,2,16,3,,200147,生命上限加值#1069#防御加值#414,,27,1,2000,,,,生命+1069\n防御+414,2048
200328,御龙者帝靴,凭此物可以领取巨龙一头,100,2,16,3,,200148,生命上限加值#1390#防御加值#539,,28,1,2000,,,,生命+1390\n防御+539,8192
200329,天巡帝靴,来自一位前往人间界巡游的天仙,110,2,16,3,,200149,生命上限加值#1807#防御加值#700,,29,1,2000,,,,生命+1807\n防御+700,32768
200330,太虚帝靴,我本楚狂人，凤歌笑孔丘。,120,2,16,3,,200150,生命上限加值#2349#防御加值#910,,30,1,2000,,,,生命+2349\n防御+910,131072
200331,牛角戒指,一头牛可以做一百个戒指,20,3,31,3,,200151,攻击加值#86#生命上限加值#129,,31,1,2000,,,,攻击+86\n生命+129,4
200332,钻石戒指,钻石恒久远，一颗永流传,44,3,31,3,,200152,攻击加值#112#生命上限加值#167,,32,1,2000,,,,攻击+112\n生命+167,8
200333,无尘戒指,带上此物即可不用洗澡,54,3,31,3,,200153,攻击加值#145#生命上限加值#218,,33,1,2000,,,,攻击+145\n生命+218,16
200334,红莲戒指,红莲之火是地狱的业火，可以烧尽所有带灵魂的事物,64,3,31,3,,200154,攻击加值#189#生命上限加值#283,,34,1,2000,,,,攻击+189\n生命+283,32
200335,玄冰戒指,夏天必备之物,74,3,31,3,,200155,攻击加值#245#生命上限加值#368,,35,1,2000,,,,攻击+245\n生命+368,128
200336,皎月戒指,代表月亮消灭你,84,3,31,3,,200156,攻击加值#319#生命上限加值#478,,36,1,2000,,,,攻击+319\n生命+478,512
200337,无双戒指,天上天下，独一无二,94,3,31,3,,200157,攻击加值#414#生命上限加值#622,,37,1,2000,,,,攻击+414\n生命+622,2048
200338,战神戒指,战神者，上天下地，无所不能,104,3,31,3,,200158,攻击加值#539#生命上限加值#808,,38,1,2000,,,,攻击+539\n生命+808,8192
200339,七杀戒指,杀意已决，不死不回家,114,3,31,3,,200159,攻击加值#700#生命上限加值#1050,,39,1,2000,,,,攻击+700\n生命+1050,32768
200340,修罗戒指,非人，非鬼，非神,120,3,31,3,,200160,攻击加值#910#生命上限加值#1365,,40,1,2000,,,,攻击+910\n生命+1365,131072
200341,青玉珠,勉强加点属性，总比没有好,20,4,31,3,,200161,生命上限加值#258#防御加值#43,,41,1,2000,,,,生命+258\n防御+43,4
200342,治疗宝珠,记得吃药，不要放弃治疗,46,4,31,3,,200162,生命上限加值#335#防御加值#56,,42,1,2000,,,,生命+335\n防御+56,8
200343,孤云珠,云无心以出岫，泉涓涓而始流,56,4,31,3,,200163,生命上限加值#435#防御加值#73,,43,1,2000,,,,生命+435\n防御+73,16
200344,定风珠,“我的风筝怎么飞不起来了啊”,66,4,31,3,,200164,生命上限加值#566#防御加值#94,,44,1,2000,,,,生命+566\n防御+94,32
200345,金刚珠,除了硬，我还没发现有什么用！,76,4,31,3,,200165,生命上限加值#736#防御加值#123,,45,1,2000,,,,生命+736\n防御+123,128
200346,离火宝珠,离离原上草，一岁一枯荣。谁知盘中餐，粒粒皆辛苦,86,4,31,3,,200166,生命上限加值#956#防御加值#159,,46,1,2000,,,,生命+956\n防御+159,512
200347,寂灭宝珠,方圆十里，不留任何活口,96,4,31,3,,200167,生命上限加值#1243#防御加值#207,,47,1,2000,,,,生命+1243\n防御+207,2048
200348,血煞宝珠,不知染了多少鲜血，才会红的如此妖艳,106,4,31,3,,200168,生命上限加值#1616#防御加值#269,,48,1,2000,,,,生命+1616\n防御+269,8192
200349,万劫宝珠,佛曰：一劫为一世,116,4,31,3,,200169,生命上限加值#2101#防御加值#350,,49,1,2000,,,,生命+2101\n防御+350,32768
200350,星辰宝珠,一颗星辰宝珠即为一个大千世界,120,4,31,3,,200170,生命上限加值#2731#防御加值#455,,50,1,2000,,,,生命+2731\n防御+455,131072
200351,《秋水》,落霞与孤鹜齐飞，秋水共长天一色,20,5,31,3,,200171,攻击加值#86#防御加值#43,,51,1,2000,,,,攻击+86\n防御+43,4
200352,《西江月》,明月别枝惊鹊，清风半夜鸣蝉。,48,5,31,3,,200172,攻击加值#112#防御加值#56,,52,1,2000,,,,攻击+112\n防御+56,8
200353,《满江红》,壮志饥餐胡虏肉，笑谈渴饮匈奴血。,58,5,31,3,,200173,攻击加值#145#防御加值#73,,53,1,2000,,,,攻击+145\n防御+73,16
200354,《红莲》,火焰化红莲，天罪自消衍，闻说福寿俱增延,68,5,31,3,,200174,攻击加值#189#防御加值#94,,54,1,2000,,,,攻击+189\n防御+94,32
200355,《念奴娇》,羽扇纶巾，谈笑间、樯橹灰飞烟灭。,78,5,31,3,,200175,攻击加值#245#防御加值#123,,55,1,2000,,,,攻击+245\n防御+123,128
200356,《蝶恋花》,衣带渐宽无别意，新书报我添憔悴。,88,5,31,3,,200176,攻击加值#319#防御加值#159,,56,1,2000,,,,攻击+319\n防御+159,512
200357,《凤栖梧》,衣带渐宽终不悔，为伊消得人憔悴。,98,5,31,3,,200177,攻击加值#414#防御加值#207,,57,1,2000,,,,攻击+414\n防御+207,2048
200358,《破阵子》,八百里分麾下炙，五十弦翻塞外声,108,5,31,3,,200178,攻击加值#539#防御加值#269,,58,1,2000,,,,攻击+539\n防御+269,8192
200359,《女娲》,女娲炼石补天处，石破天金逗秋雨。,118,5,31,3,,200179,攻击加值#700#防御加值#350,,59,1,2000,,,,攻击+700\n防御+350,32768
200360,《盘古》,天地浑沌如鸡子，盘古生其中。,120,5,31,3,,200180,攻击加值#910#防御加值#455,,60,1,2000,,,,攻击+910\n防御+455,131072
200361,绿沉,乱花渐欲迷人眼，浅草才能没马蹄。,20,0,1,4,,200001,攻击加值#170,,1,1,2000,,,,攻击+170,200
200362,红缨,烽火渐遥云渐远，神威依旧振边关。,45,0,1,4,,200002,攻击加值#221,,2,1,2000,,,,攻击+221,400
200363,蓝电,山河破碎风飘絮，身世浮沉雨打萍。,55,0,1,4,,200003,攻击加值#287,,3,1,2000,,,,攻击+287,800
200364,紫韵,夜阑卧听风吹雨，铁马冰河入梦来。,65,0,1,4,,200004,攻击加值#373,,4,1,2000,,,,攻击+373,1600
200365,湛金,恍恍与之去，驾鸿凌紫冥。,75,0,1,4,,200005,攻击加值#484,,5,1,2000,,,,攻击+484,6400
200366,凤尾,"云青青兮欲雨, 水澹澹兮生烟。",85,0,1,4,,200006,攻击加值#630,,6,1,2000,,,,攻击+630,25600
200367,风火游龙,扬鞭走马城南陌，朝逢驿使秦川客。,95,0,1,4,,200007,攻击加值#819,,7,1,2000,,,,攻击+819,102400
200368,暴雨梨花,只缘春欲尽，留著伴梨花。,105,0,1,4,,200008,攻击加值#1064,,8,1,2000,,,,攻击+1064,409600
200369,八宝玲珑,粉蝶双双穿槛舞，帘卷晚天疏雨。,115,0,1,4,,200009,攻击加值#1384,,9,1,2000,,,,攻击+1384,1638400
200370,流星赶月,银鞍照白马，飒沓如流星。,120,0,1,4,,200010,攻击加值#1799,,10,1,2000,,,,攻击+1799,6553600
200371,蒲叶,池上日相待，知君殊未回。,20,0,2,4,,200011,攻击加值#223,,1,1,2000,,,,攻击+223,200
200372,雕翎,纱窗日落渐黄昏，金屋无人见泪痕。,45,0,2,4,,200012,攻击加值#290,,2,1,2000,,,,攻击+290,400
200373,芭蕉,寂寞空庭春欲晚，梨花满地不开门。,55,0,2,4,,200013,攻击加值#377,,3,1,2000,,,,攻击+377,800
200374,清风,旧山虽在不关身，且向长安过暮春。,65,0,2,4,,200014,攻击加值#490,,4,1,2000,,,,攻击+490,1600
200375,呼风唤雨,南朝四百八十寺，多少楼台烟雨中。,75,0,2,4,,200015,攻击加值#637,,5,1,2000,,,,攻击+637,6400
200376,夺命书生,冷艳金歇雪，余香乍入衣。,85,0,2,4,,200016,攻击加值#829,,6,1,2000,,,,攻击+829,25600
200377,离恨歌,回眸一笑百媚生，六宫粉黛无颜色。,95,0,2,4,,200017,攻击加值#1077,,7,1,2000,,,,攻击+1077,102400
200378,一叶一菩提,一树一菩提，一土一如来,105,0,2,4,,200018,攻击加值#1401,,8,1,2000,,,,攻击+1401,409600
200379,一花一世界,一花一天堂，一草一世界,115,0,2,4,,200019,攻击加值#1821,,9,1,2000,,,,攻击+1821,1638400
200380,三千世界,二入笙歌云幕下，三千世界雪花中。,120,0,2,4,,200020,攻击加值#2367,,10,1,2000,,,,攻击+2367,6553600
200381,短匕,人情薄似云，风景疾如箭。,20,0,4,4,,200021,攻击加值#205,,1,1,2000,,,,攻击+205,200
200382,毒匕,栖泊云安县，消中内相毒。,45,0,4,4,,200022,攻击加值#267,,2,1,2000,,,,攻击+267,400
200383,孤影,孤舟蓑笠翁，独钓寒江雪。,55,0,4,4,,200023,攻击加值#347,,3,1,2000,,,,攻击+347,800
200384,花刺,花间一壶酒，独酌无相亲。,65,0,4,4,,200024,攻击加值#451,,4,1,2000,,,,攻击+451,1600
200385,隐水,青山隐隐水迢迢，秋尽江南草未凋。,75,0,4,4,,200025,攻击加值#586,,5,1,2000,,,,攻击+586,6400
200386,龙鳞,君王好长袖，新作舞衣宽。,85,0,4,4,,200026,攻击加值#762,,6,1,2000,,,,攻击+762,25600
200387,鱼肠,似此星辰非昨夜，为谁风露立中宵。,95,0,4,4,,200027,攻击加值#991,,7,1,2000,,,,攻击+991,102400
200388,寒月,秋霜欲下手先知，灯底裁缝剪刀冷。,105,0,4,4,,200028,攻击加值#1288,,8,1,2000,,,,攻击+1288,409600
200389,龙牙,斜倚云端千壶掩寂寞，纵使他人空笑我。,115,0,4,4,,200029,攻击加值#1675,,9,1,2000,,,,攻击+1675,1638400
200390,尊神,岩扉松径长寂寥，惟有幽人夜来去。,120,0,4,4,,200030,攻击加值#2178,,10,1,2000,,,,攻击+2178,6553600
200391,长剑,迁客犹未老，圣朝今复归。,20,0,8,4,,200031,攻击加值#138,,1,1,2000,,,,攻击+138,200
200392,含光,山楼彩凤栖寒月，宴殿金麟吐御香。,45,0,8,4,,200032,攻击加值#180,,2,1,2000,,,,攻击+180,400
200393,夺命,待浮花浪蕊俱尽，伴君幽独。,55,0,8,4,,200033,攻击加值#234,,3,1,2000,,,,攻击+234,800
200394,胜邪,一朝春去红颜老，花落人亡两不知。,65,0,8,4,,200034,攻击加值#304,,4,1,2000,,,,攻击+304,1600
200395,龙泉,桃溪惆怅不能过，红艳纷纷落地多。,75,0,8,4,,200035,攻击加值#395,,5,1,2000,,,,攻击+395,6400
200396,赤霄,闻道郭西千树雪，欲将君去醉如何。,85,0,8,4,,200036,攻击加值#514,,6,1,2000,,,,攻击+514,25600
200397,纯钧,淮阳多病偶求欢，客袖侵霜与烛盘。,95,0,8,4,,200037,攻击加值#668,,7,1,2000,,,,攻击+668,102400
200398,湛卢,砌下梨花一堆雪，明年谁此凭栏杆？,105,0,8,4,,200038,攻击加值#868,,8,1,2000,,,,攻击+868,409600
200399,莫邪,以命为注，为王铸兵。,115,0,8,4,,200039,攻击加值#1129,,9,1,2000,,,,攻击+1129,1638400
200400,干将,乱世争雄，竟求强锋。,120,0,8,4,,200040,攻击加值#1467,,10,1,2000,,,,攻击+1467,6553600
200401,腰刀,青青一树伤心色，曾入几人离恨中。,20,0,16,4,,200041,攻击加值#58,,1,1,2000,,,,攻击+58,200
200402,苗刀,秋霜欲下手先知，灯底裁缝剪刀冷。,45,0,16,4,,200042,攻击加值#75,,2,1,2000,,,,攻击+75,400
200403,柳叶,柳色黄金嫩，梨花白雪香。,55,0,16,4,,200043,攻击加值#98,,3,1,2000,,,,攻击+98,800
200404,胜邪,一朝春去红颜老，花落人亡两不知。,65,0,16,4,,200044,攻击加值#127,,4,1,2000,,,,攻击+127,1600
200405,龙舌,杨花落尽子规啼，闻道龙标过五溪。,75,0,16,4,,200045,攻击加值#166,,5,1,2000,,,,攻击+166,6400
200406,龙牙,斜倚云端千壶掩寂寞，纵使他人空笑我。,85,0,16,4,,200046,攻击加值#215,,6,1,2000,,,,攻击+215,25600
200407,大夏龙雀,万战自称不提刃，生来双眼篾群容。,95,0,16,4,,200047,攻击加值#280,,7,1,2000,,,,攻击+280,102400
200408,刈鹿,我自横刀向天笑，去留肝胆两昆仑。,105,0,16,4,,200048,攻击加值#364,,8,1,2000,,,,攻击+364,409600
200409,极乐,三月雪连夜，未应伤物华。,115,0,16,4,,200049,攻击加值#473,,9,1,2000,,,,攻击+473,1638400
200410,鸣鸿,醉卧美人漆，醒掌杀人权。,120,0,16,4,,200050,攻击加值#615,,10,1,2000,,,,攻击+615,6553600
200411,铁甲,你以为这就是全铁吗,20,1,1,4,,200051,生命上限加值#432#防御加值#66,,11,1,2000,,,,生命+432\n防御+66,200
200412,寒霜铠甲,"满堂花醉三千客,一剑寒霜十四州",42,1,1,4,,200052,生命上限加值#561#防御加值#86,,12,1,2000,,,,生命+561\n防御+86,400
200413,破山铠甲,据说愚公移山的时候就是穿的这套装备,52,1,1,4,,200053,生命上限加值#730#防御加值#112,,13,1,2000,,,,生命+730\n防御+112,800
200414,麒麟铠甲,这不是真正的麒麟,62,1,1,4,,200054,生命上限加值#949#防御加值#146,,14,1,2000,,,,生命+949\n防御+146,1600
200415,天行铠甲,天行健，君子以自强不“吸”。,72,1,1,4,,200055,生命上限加值#1233#防御加值#190,,15,1,2000,,,,生命+1233\n防御+190,6400
200416,离火铠甲,离离原上草，一岁一枯荣,82,1,1,4,,200056,生命上限加值#1604#防御加值#247,,16,1,2000,,,,生命+1604\n防御+247,25600
200417,创始者铠甲,盘古开天辟地之时，大热，遂脱，但不幸被偷,92,1,1,4,,200057,生命上限加值#2085#防御加值#321,,17,1,2000,,,,生命+2085\n防御+321,102400
200418,幻影铠甲,你打不中我,102,1,1,4,,200058,生命上限加值#2710#防御加值#417,,18,1,2000,,,,生命+2710\n防御+417,409600
200419,神威铠甲,神的威严，谁人敢于冒犯,112,1,1,4,,200059,生命上限加值#3523#防御加值#542,,19,1,2000,,,,生命+3523\n防御+542,1638400
200420,灭世者铠甲,走路时请把步子放轻点,120,1,1,4,,200060,生命上限加值#4580#防御加值#704,,20,1,2000,,,,生命+4580\n防御+704,6553600
200421,素袍,可以稍稍抵抗寒冷,20,1,2,4,,200061,生命上限加值#372#防御加值#41,,11,1,2000,,,,生命+372\n防御+41,200
200422,无痕法袍,雁过无声，风过无痕,42,1,2,4,,200062,生命上限加值#483#防御加值#54,,12,1,2000,,,,生命+483\n防御+54,400
200423,千波法袍,想知道什么是千波？扔一块石头到水里不就知道了,52,1,2,4,,200063,生命上限加值#628#防御加值#70,,13,1,2000,,,,生命+628\n防御+70,800
200424,踏雪法袍,燕过留影，踏雪无痕,62,1,2,4,,200064,生命上限加值#816#防御加值#91,,14,1,2000,,,,生命+816\n防御+91,1600
200425,飞雪法袍,一丈之内全无雪花,72,1,2,4,,200065,生命上限加值#1061#防御加值#118,,15,1,2000,,,,生命+1061\n防御+118,6400
200426,锦帽貂裘,锦帽貂裘，千骑卷平岗,82,1,2,4,,200066,生命上限加值#1380#防御加值#153,,16,1,2000,,,,生命+1380\n防御+153,25600
200427,极光法袍,传说，这是烛龙幻化而成,92,1,2,4,,200067,生命上限加值#1794#防御加值#199,,17,1,2000,,,,生命+1794\n防御+199,102400
200428,天魔法袍,上天入地，无所不能,102,1,2,4,,200068,生命上限加值#2332#防御加值#259,,18,1,2000,,,,生命+2332\n防御+259,409600
200429,奇门遁甲,八门全开，搞死一个不亏，搞死两个赚了,112,1,2,4,,200069,生命上限加值#3031#防御加值#337,,19,1,2000,,,,生命+3031\n防御+337,1638400
200430,鲲鹏法袍,一日三千里，不是问题,120,1,2,4,,200070,生命上限加值#3941#防御加值#438,,20,1,2000,,,,生命+3941\n防御+438,6553600
200431,软皮甲,虽然软，但是穿起来很舒服,20,1,4,4,,200071,生命上限加值#402#防御加值#45,,11,1,2000,,,,生命+402\n防御+45,200
200432,无影甲,你是鬼吗？不是，我只是没有影子,42,1,4,4,,200072,生命上限加值#522#防御加值#58,,12,1,2000,,,,生命+522\n防御+58,400
200433,寒芒轻甲,一点寒芒先到，随后枪出如龙,52,1,4,4,,200073,生命上限加值#679#防御加值#75,,13,1,2000,,,,生命+679\n防御+75,800
200434,流光轻甲,逝川与流光，飘忽不相待,62,1,4,4,,200074,生命上限加值#883#防御加值#98,,14,1,2000,,,,生命+883\n防御+98,1600
200435,猎影轻甲,影子，哪里逃,72,1,4,4,,200075,生命上限加值#1147#防御加值#127,,15,1,2000,,,,生命+1147\n防御+127,6400
200436,银光轻甲,纯银打造，童受无欺,82,1,4,4,,200076,生命上限加值#1492#防御加值#166,,16,1,2000,,,,生命+1492\n防御+166,25600
200437,影闪轻甲,穿上即可隐身，宅男的福音,92,1,4,4,,200077,生命上限加值#1939#防御加值#215,,17,1,2000,,,,生命+1939\n防御+215,102400
200438,复仇者轻甲,复仇者，定当忍辱负重,102,1,4,4,,200078,生命上限加值#2521#防御加值#280,,18,1,2000,,,,生命+2521\n防御+280,409600
200439,贪狼轻甲,十八般武艺，样样都不通,112,1,4,4,,200079,生命上限加值#3277#防御加值#364,,19,1,2000,,,,生命+3277\n防御+364,1638400
200440,无极轻甲,眼睛的距离，就是无极的距离,120,1,4,4,,200080,生命上限加值#4260#防御加值#473,,20,1,2000,,,,生命+4260\n防御+473,6553600
200441,锁子重甲,金钟罩，铁布衫,20,1,8,4,,200081,生命上限加值#502#防御加值#70,,11,1,2000,,,,生命+502\n防御+70,200
200442,逍遥重甲,天地任我游,42,1,8,4,,200082,生命上限加值#653#防御加值#91,,12,1,2000,,,,生命+653\n防御+91,400
200443,随风重甲,脱下可以放风筝,52,1,8,4,,200083,生命上限加值#849#防御加值#118,,13,1,2000,,,,生命+849\n防御+118,800
200444,寒芒重甲,能让人不寒而战,62,1,8,4,,200084,生命上限加值#1103#防御加值#153,,14,1,2000,,,,生命+1103\n防御+153,1600
200445,狂风重甲,就让风吹的更狂烈点吧,72,1,8,4,,200085,生命上限加值#1434#防御加值#199,,15,1,2000,,,,生命+1434\n防御+199,6400
200446,流浪者重甲,我一直都在流浪，但我不曾见过海洋,82,1,8,4,,200086,生命上限加值#1865#防御加值#259,,16,1,2000,,,,生命+1865\n防御+259,25600
200447,霸王重甲,霸者，气吞山河,92,1,8,4,,200087,生命上限加值#2424#防御加值#337,,17,1,2000,,,,生命+2424\n防御+337,102400
200448,毁灭重甲,我原付出我的生命，只原毁灭对面,102,1,8,4,,200088,生命上限加值#3151#防御加值#438,,18,1,2000,,,,生命+3151\n防御+438,409600
200449,七杀重甲,杀意已决,112,1,8,4,,200089,生命上限加值#4096#防御加值#569,,19,1,2000,,,,生命+4096\n防御+569,1638400
200450,破军重甲,我行我素,120,1,8,4,,200090,生命上限加值#5325#防御加值#740,,20,1,2000,,,,生命+5325\n防御+740,6553600
200451,秘银皇袍,百毒不侵,20,1,16,4,,200091,生命上限加值#703#防御加值#112,,11,1,2000,,,,生命+703\n防御+112,200
200452,万象皇袍,穿上此装，犹如万象附体,42,1,16,4,,200092,生命上限加值#914#防御加值#145,,12,1,2000,,,,生命+914\n防御+145,400
200453,金汤皇袍,来打我呀，来呀,52,1,16,4,,200093,生命上限加值#1188#防御加值#189,,13,1,2000,,,,生命+1188\n防御+189,800
200454,紫金皇袍,闪闪发光,62,1,16,4,,200094,生命上限加值#1545#防御加值#245,,14,1,2000,,,,生命+1545\n防御+245,1600
200455,九鼎皇袍,男子汉大丈夫，一言九鼎,72,1,16,4,,200095,生命上限加值#2008#防御加值#319,,15,1,2000,,,,生命+2008\n防御+319,6400
200456,日月乾坤,天地无极，日月乾坤,82,1,16,4,,200096,生命上限加值#2610#防御加值#414,,16,1,2000,,,,生命+2610\n防御+414,25600
200457,应龙皇袍,水虺五百年化为蛟，蛟千年化为龙，龙五百年为角龙，千年为应龙,92,1,16,4,,200097,生命上限加值#3394#防御加值#539,,17,1,2000,,,,生命+3394\n防御+539,102400
200458,御龙者皇袍,凭此物可以领取巨龙一头,102,1,16,4,,200098,生命上限加值#4412#防御加值#700,,18,1,2000,,,,生命+4412\n防御+700,409600
200459,天巡皇袍,来自一位前往人间界巡游的天仙,112,1,16,4,,200099,生命上限加值#5735#防御加值#910,,19,1,2000,,,,生命+5735\n防御+910,1638400
200460,太虚皇袍,我本楚狂人，凤歌笑孔丘。,120,1,16,4,,200100,生命上限加值#7456#防御加值#1183,,20,1,2000,,,,生命+7456\n防御+1183,6553600
200461,铁靴,你以为这就是全铁吗,20,2,1,4,,200101,生命上限加值#288#防御加值#66,,21,1,2000,,,,生命+288\n防御+66,200
200462,寒霜铠靴,"满堂花醉三千客,一剑寒霜十四州",40,2,1,4,,200102,生命上限加值#374#防御加值#86,,22,1,2000,,,,生命+374\n防御+86,400
200463,破山铠靴,据说愚公移山的时候就是穿的这套装备,50,2,1,4,,200103,生命上限加值#487#防御加值#112,,23,1,2000,,,,生命+487\n防御+112,800
200464,麒麟铠靴,这不是真正的麒麟,60,2,1,4,,200104,生命上限加值#633#防御加值#146,,24,1,2000,,,,生命+633\n防御+146,1600
200465,天行铠靴,天行健，君子以自强不“吸”。,70,2,1,4,,200105,生命上限加值#822#防御加值#190,,25,1,2000,,,,生命+822\n防御+190,6400
200466,离火铠靴,离离原上草，一岁一枯荣,80,2,1,4,,200106,生命上限加值#1069#防御加值#247,,26,1,2000,,,,生命+1069\n防御+247,25600
200467,创始者铠靴,盘古开天辟地之时，大热，遂脱，但不幸被偷,90,2,1,4,,200107,生命上限加值#1390#防御加值#321,,27,1,2000,,,,生命+1390\n防御+321,102400
200468,幻影铠靴,你打不中我,100,2,1,4,,200108,生命上限加值#1807#防御加值#417,,28,1,2000,,,,生命+1807\n防御+417,409600
200469,神威铠靴,神的威严，谁人敢于冒犯,110,2,1,4,,200109,生命上限加值#2349#防御加值#542,,29,1,2000,,,,生命+2349\n防御+542,1638400
200470,灭世者铠靴,走路时请把步子放轻点,120,2,1,4,,200110,生命上限加值#3053#防御加值#704,,30,1,2000,,,,生命+3053\n防御+704,6553600
200471,布鞋,可以稍稍抵抗寒冷,20,2,2,4,,200111,生命上限加值#248#防御加值#41,,21,1,2000,,,,生命+248\n防御+41,200
200472,无痕法靴,雁过无声，风过无痕,40,2,2,4,,200112,生命上限加值#322#防御加值#54,,22,1,2000,,,,生命+322\n防御+54,400
200473,千波法靴,想知道什么是千波？扔一块石头到水里不就知道了,50,2,2,4,,200113,生命上限加值#419#防御加值#70,,23,1,2000,,,,生命+419\n防御+70,800
200474,踏雪法靴,燕过留影，踏雪无痕,60,2,2,4,,200114,生命上限加值#544#防御加值#91,,24,1,2000,,,,生命+544\n防御+91,1600
200475,飞雪法靴,一丈之内全无雪花,70,2,2,4,,200115,生命上限加值#708#防御加值#118,,25,1,2000,,,,生命+708\n防御+118,6400
200476,锦帽貂裘鞋,锦帽貂裘，千骑卷平岗,80,2,2,4,,200116,生命上限加值#920#防御加值#153,,26,1,2000,,,,生命+920\n防御+153,25600
200477,极光法靴,传说，这是烛龙幻化而成,90,2,2,4,,200117,生命上限加值#1196#防御加值#199,,27,1,2000,,,,生命+1196\n防御+199,102400
200478,天魔法靴,上天入地，无所不能,100,2,2,4,,200118,生命上限加值#1555#防御加值#259,,28,1,2000,,,,生命+1555\n防御+259,409600
200479,奇门遁甲靴,八门全开，搞死一个不亏，搞死两个赚了,110,2,2,4,,200119,生命上限加值#2021#防御加值#337,,29,1,2000,,,,生命+2021\n防御+337,1638400
200480,鲲鹏法靴,一日三千里，不是问题,120,2,2,4,,200120,生命上限加值#2627#防御加值#438,,30,1,2000,,,,生命+2627\n防御+438,6553600
200481,软皮轻靴,虽然软，但是穿起来很舒服,20,2,4,4,,200121,生命上限加值#268#防御加值#45,,21,1,2000,,,,生命+268\n防御+45,200
200482,无影轻靴,你是鬼吗？不是，我只是没有影子,40,2,4,4,,200122,生命上限加值#348#防御加值#58,,22,1,2000,,,,生命+348\n防御+58,400
200483,寒芒轻靴,一点寒芒先到，随后枪出如龙,50,2,4,4,,200123,生命上限加值#453#防御加值#75,,23,1,2000,,,,生命+453\n防御+75,800
200484,流光轻靴,逝川与流光，飘忽不相待,60,2,4,4,,200124,生命上限加值#588#防御加值#98,,24,1,2000,,,,生命+588\n防御+98,1600
200485,猎影轻靴,影子，哪里逃,70,2,4,4,,200125,生命上限加值#765#防御加值#127,,25,1,2000,,,,生命+765\n防御+127,6400
200486,银光轻靴,纯银打造，童受无欺,80,2,4,4,,200126,生命上限加值#994#防御加值#166,,26,1,2000,,,,生命+994\n防御+166,25600
200487,影闪轻靴,穿上即可隐身，宅男的福音,90,2,4,4,,200127,生命上限加值#1293#防御加值#215,,27,1,2000,,,,生命+1293\n防御+215,102400
200488,复仇者轻鞋,复仇者，定当忍辱负重,100,2,4,4,,200128,生命上限加值#1681#防御加值#280,,28,1,2000,,,,生命+1681\n防御+280,409600
200489,贪狼轻靴,十八般武艺，样样都不通,110,2,4,4,,200129,生命上限加值#2185#防御加值#364,,29,1,2000,,,,生命+2185\n防御+364,1638400
200490,无极轻靴,眼睛的距离，就是无极的距离,120,2,4,4,,200130,生命上限加值#2840#防御加值#473,,30,1,2000,,,,生命+2840\n防御+473,6553600
200491,锁子重靴,金钟罩，铁布衫,20,2,8,4,,200131,生命上限加值#288#防御加值#70,,21,1,2000,,,,生命+288\n防御+70,200
200492,逍遥重靴,天地任我游,40,2,8,4,,200132,生命上限加值#374#防御加值#91,,22,1,2000,,,,生命+374\n防御+91,400
200493,随风重靴,脱下可以放风筝,50,2,8,4,,200133,生命上限加值#487#防御加值#118,,23,1,2000,,,,生命+487\n防御+118,800
200494,寒芒重靴,能让人不寒而战,60,2,8,4,,200134,生命上限加值#633#防御加值#153,,24,1,2000,,,,生命+633\n防御+153,1600
200495,狂风重靴,就让风吹的更狂烈点吧,70,2,8,4,,200135,生命上限加值#822#防御加值#199,,25,1,2000,,,,生命+822\n防御+199,6400
200496,流浪重靴,我一直都在流浪，但我不曾见过海洋,80,2,8,4,,200136,生命上限加值#1069#防御加值#259,,26,1,2000,,,,生命+1069\n防御+259,25600
200497,霸王重靴,霸者，气吞山河,90,2,8,4,,200137,生命上限加值#1390#防御加值#337,,27,1,2000,,,,生命+1390\n防御+337,102400
200498,毁灭重靴,我原付出我的生命，只原毁灭对面,100,2,8,4,,200138,生命上限加值#1807#防御加值#438,,28,1,2000,,,,生命+1807\n防御+438,409600
200499,七杀重靴,杀意已决,110,2,8,4,,200139,生命上限加值#2349#防御加值#569,,29,1,2000,,,,生命+2349\n防御+569,1638400
200500,破军重靴,我行我素,120,2,8,4,,200140,生命上限加值#3053#防御加值#740,,30,1,2000,,,,生命+3053\n防御+740,6553600
200501,秘银帝靴,百毒不侵,20,2,16,4,,200141,生命上限加值#288#防御加值#112,,21,1,2000,,,,生命+288\n防御+112,200
200502,万象帝靴,穿上此装，犹如万象附体,40,2,16,4,,200142,生命上限加值#374#防御加值#145,,22,1,2000,,,,生命+374\n防御+145,400
200503,金汤帝靴,来打我呀，来呀,50,2,16,4,,200143,生命上限加值#487#防御加值#189,,23,1,2000,,,,生命+487\n防御+189,800
200504,紫金帝靴,闪闪发光,60,2,16,4,,200144,生命上限加值#633#防御加值#245,,24,1,2000,,,,生命+633\n防御+245,1600
200505,九鼎帝靴,男子汉大丈夫，一言九鼎,70,2,16,4,,200145,生命上限加值#822#防御加值#319,,25,1,2000,,,,生命+822\n防御+319,6400
200506,日月乾坤靴,天地无极，日月乾坤,80,2,16,4,,200146,生命上限加值#1069#防御加值#414,,26,1,2000,,,,生命+1069\n防御+414,25600
200507,应龙帝靴,水虺五百年化为蛟，蛟千年化为龙，龙五百年为角龙，千年为应龙,90,2,16,4,,200147,生命上限加值#1390#防御加值#539,,27,1,2000,,,,生命+1390\n防御+539,102400
200508,御龙者帝靴,凭此物可以领取巨龙一头,100,2,16,4,,200148,生命上限加值#1807#防御加值#700,,28,1,2000,,,,生命+1807\n防御+700,409600
200509,天巡帝靴,来自一位前往人间界巡游的天仙,110,2,16,4,,200149,生命上限加值#2349#防御加值#910,,29,1,2000,,,,生命+2349\n防御+910,1638400
200510,太虚帝靴,我本楚狂人，凤歌笑孔丘。,120,2,16,4,,200150,生命上限加值#3053#防御加值#1183,,30,1,2000,,,,生命+3053\n防御+1183,6553600
200511,牛角戒指,一头牛可以做一百个戒指,20,3,31,4,,200151,攻击加值#112#生命上限加值#167,,31,1,2000,,,,攻击+112\n生命+167,200
200512,钻石戒指,钻石恒久远，一颗永流传,44,3,31,4,,200152,攻击加值#145#生命上限加值#218,,32,1,2000,,,,攻击+145\n生命+218,400
200513,无尘戒指,带上此物即可不用洗澡,54,3,31,4,,200153,攻击加值#189#生命上限加值#283,,33,1,2000,,,,攻击+189\n生命+283,800
200514,红莲戒指,红莲之火是地狱的业火，可以烧尽所有带灵魂的事物,64,3,31,4,,200154,攻击加值#245#生命上限加值#368,,34,1,2000,,,,攻击+245\n生命+368,1600
200515,玄冰戒指,夏天必备之物,74,3,31,4,,200155,攻击加值#319#生命上限加值#478,,35,1,2000,,,,攻击+319\n生命+478,6400
200516,皎月戒指,代表月亮消灭你,84,3,31,4,,200156,攻击加值#414#生命上限加值#622,,36,1,2000,,,,攻击+414\n生命+622,25600
200517,无双戒指,天上天下，独一无二,94,3,31,4,,200157,攻击加值#539#生命上限加值#808,,37,1,2000,,,,攻击+539\n生命+808,102400
200518,战神戒指,战神者，上天下地，无所不能,104,3,31,4,,200158,攻击加值#700#生命上限加值#1050,,38,1,2000,,,,攻击+700\n生命+1050,409600
200519,七杀戒指,杀意已决，不死不回家,114,3,31,4,,200159,攻击加值#910#生命上限加值#1365,,39,1,2000,,,,攻击+910\n生命+1365,1638400
200520,修罗戒指,非人，非鬼，非神,120,3,31,4,,200160,攻击加值#1183#生命上限加值#1775,,40,1,2000,,,,攻击+1183\n生命+1775,6553600
200521,青玉珠,勉强加点属性，总比没有好,20,4,31,4,,200161,生命上限加值#335#防御加值#56,,41,1,2000,,,,生命+335\n防御+56,200
200522,治疗宝珠,记得吃药，不要放弃治疗,46,4,31,4,,200162,生命上限加值#435#防御加值#73,,42,1,2000,,,,生命+435\n防御+73,400
200523,孤云珠,云无心以出岫，泉涓涓而始流,56,4,31,4,,200163,生命上限加值#566#防御加值#94,,43,1,2000,,,,生命+566\n防御+94,800
200524,定风珠,“我的风筝怎么飞不起来了啊”,66,4,31,4,,200164,生命上限加值#736#防御加值#123,,44,1,2000,,,,生命+736\n防御+123,1600
200525,金刚珠,除了硬，我还没发现有什么用！,76,4,31,4,,200165,生命上限加值#956#防御加值#159,,45,1,2000,,,,生命+956\n防御+159,6400
200526,离火宝珠,离离原上草，一岁一枯荣。谁知盘中餐，粒粒皆辛苦,86,4,31,4,,200166,生命上限加值#1243#防御加值#207,,46,1,2000,,,,生命+1243\n防御+207,25600
200527,寂灭宝珠,方圆十里，不留任何活口,96,4,31,4,,200167,生命上限加值#1616#防御加值#269,,47,1,2000,,,,生命+1616\n防御+269,102400
200528,血煞宝珠,不知染了多少鲜血，才会红的如此妖艳,106,4,31,4,,200168,生命上限加值#2101#防御加值#350,,48,1,2000,,,,生命+2101\n防御+350,409600
200529,万劫宝珠,佛曰：一劫为一世,116,4,31,4,,200169,生命上限加值#2731#防御加值#455,,49,1,2000,,,,生命+2731\n防御+455,1638400
200530,星辰宝珠,一颗星辰宝珠即为一个大千世界,120,4,31,4,,200170,生命上限加值#3550#防御加值#592,,50,1,2000,,,,生命+3550\n防御+592,6553600
200531,《秋水》,落霞与孤鹜齐飞，秋水共长天一色,20,5,31,4,,200171,攻击加值#112#防御加值#56,,51,1,2000,,,,攻击+112\n防御+56,200
200532,《西江月》,明月别枝惊鹊，清风半夜鸣蝉。,48,5,31,4,,200172,攻击加值#145#防御加值#73,,52,1,2000,,,,攻击+145\n防御+73,400
200533,《满江红》,壮志饥餐胡虏肉，笑谈渴饮匈奴血。,58,5,31,4,,200173,攻击加值#189#防御加值#94,,53,1,2000,,,,攻击+189\n防御+94,800
200534,《红莲》,火焰化红莲，天罪自消衍，闻说福寿俱增延,68,5,31,4,,200174,攻击加值#245#防御加值#123,,54,1,2000,,,,攻击+245\n防御+123,1600
200535,《念奴娇》,羽扇纶巾，谈笑间、樯橹灰飞烟灭。,78,5,31,4,,200175,攻击加值#319#防御加值#159,,55,1,2000,,,,攻击+319\n防御+159,6400
200536,《蝶恋花》,衣带渐宽无别意，新书报我添憔悴。,88,5,31,4,,200176,攻击加值#414#防御加值#207,,56,1,2000,,,,攻击+414\n防御+207,25600
200537,《凤栖梧》,衣带渐宽终不悔，为伊消得人憔悴。,98,5,31,4,,200177,攻击加值#539#防御加值#269,,57,1,2000,,,,攻击+539\n防御+269,102400
200538,《破阵子》,八百里分麾下炙，五十弦翻塞外声,108,5,31,4,,200178,攻击加值#700#防御加值#350,,58,1,2000,,,,攻击+700\n防御+350,409600
200539,《女娲》,女娲炼石补天处，石破天金逗秋雨。,118,5,31,4,,200179,攻击加值#910#防御加值#455,,59,1,2000,,,,攻击+910\n防御+455,1638400
200540,《盘古》,天地浑沌如鸡子，盘古生其中。,120,5,31,4,,200180,攻击加值#1183#防御加值#592,,60,1,2000,,,,攻击+1183\n防御+592,6553600
200541,绿沉,乱花渐欲迷人眼，浅草才能没马蹄。,20,0,1,5,,200001,攻击加值#221,,1,1,2000,,,,攻击+221,10000
200542,红缨,烽火渐遥云渐远，神威依旧振边关。,45,0,1,5,,200002,攻击加值#287,,2,1,2000,,,,攻击+287,20000
200543,蓝电,山河破碎风飘絮，身世浮沉雨打萍。,55,0,1,5,,200003,攻击加值#373,,3,1,2000,,,,攻击+373,40000
200544,紫韵,夜阑卧听风吹雨，铁马冰河入梦来。,65,0,1,5,,200004,攻击加值#484,,4,1,2000,,,,攻击+484,80000
200545,湛金,恍恍与之去，驾鸿凌紫冥。,75,0,1,5,,200005,攻击加值#630,,5,1,2000,,,,攻击+630,320000
200546,凤尾,"云青青兮欲雨, 水澹澹兮生烟。",85,0,1,5,,200006,攻击加值#819,,6,1,2000,,,,攻击+819,1280000
200547,风火游龙,扬鞭走马城南陌，朝逢驿使秦川客。,95,0,1,5,,200007,攻击加值#1064,,7,1,2000,,,,攻击+1064,5120000
200548,暴雨梨花,只缘春欲尽，留著伴梨花。,105,0,1,5,,200008,攻击加值#1384,,8,1,2000,,,,攻击+1384,20480000
200549,八宝玲珑,粉蝶双双穿槛舞，帘卷晚天疏雨。,115,0,1,5,,200009,攻击加值#1799,,9,1,2000,,,,攻击+1799,81920000
200550,流星赶月,银鞍照白马，飒沓如流星。,120,0,1,5,,200010,攻击加值#2338,,10,1,2000,,,,攻击+2338,327680000
200551,蒲叶,池上日相待，知君殊未回。,20,0,2,5,,200011,攻击加值#290,,1,1,2000,,,,攻击+290,10000
200552,雕翎,纱窗日落渐黄昏，金屋无人见泪痕。,45,0,2,5,,200012,攻击加值#377,,2,1,2000,,,,攻击+377,20000
200553,芭蕉,寂寞空庭春欲晚，梨花满地不开门。,55,0,2,5,,200013,攻击加值#490,,3,1,2000,,,,攻击+490,40000
200554,清风,旧山虽在不关身，且向长安过暮春。,65,0,2,5,,200014,攻击加值#637,,4,1,2000,,,,攻击+637,80000
200555,呼风唤雨,南朝四百八十寺，多少楼台烟雨中。,75,0,2,5,,200015,攻击加值#829,,5,1,2000,,,,攻击+829,320000
200556,夺命书生,冷艳金歇雪，余香乍入衣。,85,0,2,5,,200016,攻击加值#1077,,6,1,2000,,,,攻击+1077,1280000
200557,离恨歌,回眸一笑百媚生，六宫粉黛无颜色。,95,0,2,5,,200017,攻击加值#1401,,7,1,2000,,,,攻击+1401,5120000
200558,一叶一菩提,一树一菩提，一土一如来,105,0,2,5,,200018,攻击加值#1821,,8,1,2000,,,,攻击+1821,20480000
200559,一花一世界,一花一天堂，一草一世界,115,0,2,5,,200019,攻击加值#2367,,9,1,2000,,,,攻击+2367,81920000
200560,三千世界,二入笙歌云幕下，三千世界雪花中。,120,0,2,5,,200020,攻击加值#3077,,10,1,2000,,,,攻击+3077,327680000
200561,短匕,人情薄似云，风景疾如箭。,20,0,4,5,,200021,攻击加值#267,,1,1,2000,,,,攻击+267,10000
200562,毒匕,栖泊云安县，消中内相毒。,45,0,4,5,,200022,攻击加值#347,,2,1,2000,,,,攻击+347,20000
200563,孤影,孤舟蓑笠翁，独钓寒江雪。,55,0,4,5,,200023,攻击加值#451,,3,1,2000,,,,攻击+451,40000
200564,花刺,花间一壶酒，独酌无相亲。,65,0,4,5,,200024,攻击加值#586,,4,1,2000,,,,攻击+586,80000
200565,隐水,青山隐隐水迢迢，秋尽江南草未凋。,75,0,4,5,,200025,攻击加值#762,,5,1,2000,,,,攻击+762,320000
200566,龙鳞,君王好长袖，新作舞衣宽。,85,0,4,5,,200026,攻击加值#991,,6,1,2000,,,,攻击+991,1280000
200567,鱼肠,似此星辰非昨夜，为谁风露立中宵。,95,0,4,5,,200027,攻击加值#1288,,7,1,2000,,,,攻击+1288,5120000
200568,寒月,秋霜欲下手先知，灯底裁缝剪刀冷。,105,0,4,5,,200028,攻击加值#1675,,8,1,2000,,,,攻击+1675,20480000
200569,龙牙,斜倚云端千壶掩寂寞，纵使他人空笑我。,115,0,4,5,,200029,攻击加值#2178,,9,1,2000,,,,攻击+2178,81920000
200570,尊神,岩扉松径长寂寥，惟有幽人夜来去。,120,0,4,5,,200030,攻击加值#2831,,10,1,2000,,,,攻击+2831,327680000
200571,长剑,迁客犹未老，圣朝今复归。,20,0,8,5,,200031,攻击加值#180,,1,1,2000,,,,攻击+180,10000
200572,含光,山楼彩凤栖寒月，宴殿金麟吐御香。,45,0,8,5,,200032,攻击加值#234,,2,1,2000,,,,攻击+234,20000
200573,夺命,待浮花浪蕊俱尽，伴君幽独。,55,0,8,5,,200033,攻击加值#304,,3,1,2000,,,,攻击+304,40000
200574,胜邪,一朝春去红颜老，花落人亡两不知。,65,0,8,5,,200034,攻击加值#395,,4,1,2000,,,,攻击+395,80000
200575,龙泉,桃溪惆怅不能过，红艳纷纷落地多。,75,0,8,5,,200035,攻击加值#514,,5,1,2000,,,,攻击+514,320000
200576,赤霄,闻道郭西千树雪，欲将君去醉如何。,85,0,8,5,,200036,攻击加值#668,,6,1,2000,,,,攻击+668,1280000
200577,纯钧,淮阳多病偶求欢，客袖侵霜与烛盘。,95,0,8,5,,200037,攻击加值#868,,7,1,2000,,,,攻击+868,5120000
200578,湛卢,砌下梨花一堆雪，明年谁此凭栏杆？,105,0,8,5,,200038,攻击加值#1129,,8,1,2000,,,,攻击+1129,20480000
200579,莫邪,以命为注，为王铸兵。,115,0,8,5,,200039,攻击加值#1467,,9,1,2000,,,,攻击+1467,81920000
200580,干将,乱世争雄，竟求强锋。,120,0,8,5,,200040,攻击加值#1908,,10,1,2000,,,,攻击+1908,327680000
200581,腰刀,青青一树伤心色，曾入几人离恨中。,20,0,16,5,,200041,攻击加值#75,,1,1,2000,,,,攻击+75,10000
200582,苗刀,秋霜欲下手先知，灯底裁缝剪刀冷。,45,0,16,5,,200042,攻击加值#98,,2,1,2000,,,,攻击+98,20000
200583,柳叶,柳色黄金嫩，梨花白雪香。,55,0,16,5,,200043,攻击加值#127,,3,1,2000,,,,攻击+127,40000
200584,胜邪,一朝春去红颜老，花落人亡两不知。,65,0,16,5,,200044,攻击加值#166,,4,1,2000,,,,攻击+166,80000
200585,龙舌,杨花落尽子规啼，闻道龙标过五溪。,75,0,16,5,,200045,攻击加值#215,,5,1,2000,,,,攻击+215,320000
200586,龙牙,斜倚云端千壶掩寂寞，纵使他人空笑我。,85,0,16,5,,200046,攻击加值#280,,6,1,2000,,,,攻击+280,1280000
200587,大夏龙雀,万战自称不提刃，生来双眼篾群容。,95,0,16,5,,200047,攻击加值#364,,7,1,2000,,,,攻击+364,5120000
200588,刈鹿,我自横刀向天笑，去留肝胆两昆仑。,105,0,16,5,,200048,攻击加值#473,,8,1,2000,,,,攻击+473,20480000
200589,极乐,三月雪连夜，未应伤物华。,115,0,16,5,,200049,攻击加值#615,,9,1,2000,,,,攻击+615,81920000
200590,鸣鸿,醉卧美人漆，醒掌杀人权。,120,0,16,5,,200050,攻击加值#800,,10,1,2000,,,,攻击+800,327680000
200591,铁甲,你以为这就是全铁吗,20,1,1,5,,200051,生命上限加值#561#防御加值#86,,11,1,2000,,,,生命+561\n防御+86,10000
200592,寒霜铠甲,"满堂花醉三千客,一剑寒霜十四州",42,1,1,5,,200052,生命上限加值#730#防御加值#112,,12,1,2000,,,,生命+730\n防御+112,20000
200593,破山铠甲,据说愚公移山的时候就是穿的这套装备,52,1,1,5,,200053,生命上限加值#949#防御加值#146,,13,1,2000,,,,生命+949\n防御+146,40000
200594,麒麟铠甲,这不是真正的麒麟,62,1,1,5,,200054,生命上限加值#1233#防御加值#190,,14,1,2000,,,,生命+1233\n防御+190,80000
200595,天行铠甲,天行健，君子以自强不“吸”。,72,1,1,5,,200055,生命上限加值#1604#防御加值#247,,15,1,2000,,,,生命+1604\n防御+247,320000
200596,离火铠甲,离离原上草，一岁一枯荣,82,1,1,5,,200056,生命上限加值#2085#防御加值#321,,16,1,2000,,,,生命+2085\n防御+321,1280000
200597,创始者铠甲,盘古开天辟地之时，大热，遂脱，但不幸被偷,92,1,1,5,,200057,生命上限加值#2710#防御加值#417,,17,1,2000,,,,生命+2710\n防御+417,5120000
200598,幻影铠甲,你打不中我,102,1,1,5,,200058,生命上限加值#3523#防御加值#542,,18,1,2000,,,,生命+3523\n防御+542,20480000
200599,神威铠甲,神的威严，谁人敢于冒犯,112,1,1,5,,200059,生命上限加值#4580#防御加值#704,,19,1,2000,,,,生命+4580\n防御+704,81920000
200600,灭世者铠甲,走路时请把步子放轻点,120,1,1,5,,200060,生命上限加值#5954#防御加值#915,,20,1,2000,,,,生命+5954\n防御+915,327680000
200601,素袍,可以稍稍抵抗寒冷,20,1,2,5,,200061,生命上限加值#483#防御加值#54,,11,1,2000,,,,生命+483\n防御+54,10000
200602,无痕法袍,雁过无声，风过无痕,42,1,2,5,,200062,生命上限加值#628#防御加值#70,,12,1,2000,,,,生命+628\n防御+70,20000
200603,千波法袍,想知道什么是千波？扔一块石头到水里不就知道了,52,1,2,5,,200063,生命上限加值#816#防御加值#91,,13,1,2000,,,,生命+816\n防御+91,40000
200604,踏雪法袍,燕过留影，踏雪无痕,62,1,2,5,,200064,生命上限加值#1061#防御加值#118,,14,1,2000,,,,生命+1061\n防御+118,80000
200605,飞雪法袍,一丈之内全无雪花,72,1,2,5,,200065,生命上限加值#1380#防御加值#153,,15,1,2000,,,,生命+1380\n防御+153,320000
200606,锦帽貂裘,锦帽貂裘，千骑卷平岗,82,1,2,5,,200066,生命上限加值#1794#防御加值#199,,16,1,2000,,,,生命+1794\n防御+199,1280000
200607,极光法袍,传说，这是烛龙幻化而成,92,1,2,5,,200067,生命上限加值#2332#防御加值#259,,17,1,2000,,,,生命+2332\n防御+259,5120000
200608,天魔法袍,上天入地，无所不能,102,1,2,5,,200068,生命上限加值#3031#防御加值#337,,18,1,2000,,,,生命+3031\n防御+337,20480000
200609,奇门遁甲,八门全开，搞死一个不亏，搞死两个赚了,112,1,2,5,,200069,生命上限加值#3941#防御加值#438,,19,1,2000,,,,生命+3941\n防御+438,81920000
200610,鲲鹏法袍,一日三千里，不是问题,120,1,2,5,,200070,生命上限加值#5123#防御加值#569,,20,1,2000,,,,生命+5123\n防御+569,327680000
200611,软皮甲,虽然软，但是穿起来很舒服,20,1,4,5,,200071,生命上限加值#522#防御加值#58,,11,1,2000,,,,生命+522\n防御+58,10000
200612,无影甲,你是鬼吗？不是，我只是没有影子,42,1,4,5,,200072,生命上限加值#679#防御加值#75,,12,1,2000,,,,生命+679\n防御+75,20000
200613,寒芒轻甲,一点寒芒先到，随后枪出如龙,52,1,4,5,,200073,生命上限加值#883#防御加值#98,,13,1,2000,,,,生命+883\n防御+98,40000
200614,流光轻甲,逝川与流光，飘忽不相待,62,1,4,5,,200074,生命上限加值#1147#防御加值#127,,14,1,2000,,,,生命+1147\n防御+127,80000
200615,猎影轻甲,影子，哪里逃,72,1,4,5,,200075,生命上限加值#1492#防御加值#166,,15,1,2000,,,,生命+1492\n防御+166,320000
200616,银光轻甲,纯银打造，童受无欺,82,1,4,5,,200076,生命上限加值#1939#防御加值#215,,16,1,2000,,,,生命+1939\n防御+215,1280000
200617,影闪轻甲,穿上即可隐身，宅男的福音,92,1,4,5,,200077,生命上限加值#2521#防御加值#280,,17,1,2000,,,,生命+2521\n防御+280,5120000
200618,复仇者轻甲,复仇者，定当忍辱负重,102,1,4,5,,200078,生命上限加值#3277#防御加值#364,,18,1,2000,,,,生命+3277\n防御+364,20480000
200619,贪狼轻甲,十八般武艺，样样都不通,112,1,4,5,,200079,生命上限加值#4260#防御加值#473,,19,1,2000,,,,生命+4260\n防御+473,81920000
200620,无极轻甲,眼睛的距离，就是无极的距离,120,1,4,5,,200080,生命上限加值#5538#防御加值#615,,20,1,2000,,,,生命+5538\n防御+615,327680000
200621,锁子重甲,金钟罩，铁布衫,20,1,8,5,,200081,生命上限加值#653#防御加值#91,,11,1,2000,,,,生命+653\n防御+91,10000
200622,逍遥重甲,天地任我游,42,1,8,5,,200082,生命上限加值#849#防御加值#118,,12,1,2000,,,,生命+849\n防御+118,20000
200623,随风重甲,脱下可以放风筝,52,1,8,5,,200083,生命上限加值#1103#防御加值#153,,13,1,2000,,,,生命+1103\n防御+153,40000
200624,寒芒重甲,能让人不寒而战,62,1,8,5,,200084,生命上限加值#1434#防御加值#199,,14,1,2000,,,,生命+1434\n防御+199,80000
200625,狂风重甲,就让风吹的更狂烈点吧,72,1,8,5,,200085,生命上限加值#1865#防御加值#259,,15,1,2000,,,,生命+1865\n防御+259,320000
200626,流浪者重甲,我一直都在流浪，但我不曾见过海洋,82,1,8,5,,200086,生命上限加值#2424#防御加值#337,,16,1,2000,,,,生命+2424\n防御+337,1280000
200627,霸王重甲,霸者，气吞山河,92,1,8,5,,200087,生命上限加值#3151#防御加值#438,,17,1,2000,,,,生命+3151\n防御+438,5120000
200628,毁灭重甲,我原付出我的生命，只原毁灭对面,102,1,8,5,,200088,生命上限加值#4096#防御加值#569,,18,1,2000,,,,生命+4096\n防御+569,20480000
200629,七杀重甲,杀意已决,112,1,8,5,,200089,生命上限加值#5325#防御加值#740,,19,1,2000,,,,生命+5325\n防御+740,81920000
200630,破军重甲,我行我素,120,1,8,5,,200090,生命上限加值#6923#防御加值#962,,20,1,2000,,,,生命+6923\n防御+962,327680000
200631,秘银皇袍,百毒不侵,20,1,16,5,,200091,生命上限加值#914#防御加值#145,,11,1,2000,,,,生命+914\n防御+145,10000
200632,万象皇袍,穿上此装，犹如万象附体,42,1,16,5,,200092,生命上限加值#1188#防御加值#189,,12,1,2000,,,,生命+1188\n防御+189,20000
200633,金汤皇袍,来打我呀，来呀,52,1,16,5,,200093,生命上限加值#1545#防御加值#245,,13,1,2000,,,,生命+1545\n防御+245,40000
200634,紫金皇袍,闪闪发光,62,1,16,5,,200094,生命上限加值#2008#防御加值#319,,14,1,2000,,,,生命+2008\n防御+319,80000
200635,九鼎皇袍,男子汉大丈夫，一言九鼎,72,1,16,5,,200095,生命上限加值#2610#防御加值#414,,15,1,2000,,,,生命+2610\n防御+414,320000
200636,日月乾坤,天地无极，日月乾坤,82,1,16,5,,200096,生命上限加值#3394#防御加值#539,,16,1,2000,,,,生命+3394\n防御+539,1280000
200637,应龙皇袍,水虺五百年化为蛟，蛟千年化为龙，龙五百年为角龙，千年为应龙,92,1,16,5,,200097,生命上限加值#4412#防御加值#700,,17,1,2000,,,,生命+4412\n防御+700,5120000
200638,御龙者皇袍,凭此物可以领取巨龙一头,102,1,16,5,,200098,生命上限加值#5735#防御加值#910,,18,1,2000,,,,生命+5735\n防御+910,20480000
200639,天巡皇袍,来自一位前往人间界巡游的天仙,112,1,16,5,,200099,生命上限加值#7456#防御加值#1183,,19,1,2000,,,,生命+7456\n防御+1183,81920000
200640,太虚皇袍,我本楚狂人，凤歌笑孔丘。,120,1,16,5,,200100,生命上限加值#9692#防御加值#1538,,20,1,2000,,,,生命+9692\n防御+1538,327680000
200641,铁靴,你以为这就是全铁吗,20,2,1,5,,200101,生命上限加值#374#防御加值#86,,21,1,2000,,,,生命+374\n防御+86,10000
200642,寒霜铠靴,"满堂花醉三千客,一剑寒霜十四州",40,2,1,5,,200102,生命上限加值#487#防御加值#112,,22,1,2000,,,,生命+487\n防御+112,20000
200643,破山铠靴,据说愚公移山的时候就是穿的这套装备,50,2,1,5,,200103,生命上限加值#633#防御加值#146,,23,1,2000,,,,生命+633\n防御+146,40000
200644,麒麟铠靴,这不是真正的麒麟,60,2,1,5,,200104,生命上限加值#822#防御加值#190,,24,1,2000,,,,生命+822\n防御+190,80000
200645,天行铠靴,天行健，君子以自强不“吸”。,70,2,1,5,,200105,生命上限加值#1069#防御加值#247,,25,1,2000,,,,生命+1069\n防御+247,320000
200646,离火铠靴,离离原上草，一岁一枯荣,80,2,1,5,,200106,生命上限加值#1390#防御加值#321,,26,1,2000,,,,生命+1390\n防御+321,1280000
200647,创始者铠靴,盘古开天辟地之时，大热，遂脱，但不幸被偷,90,2,1,5,,200107,生命上限加值#1807#防御加值#417,,27,1,2000,,,,生命+1807\n防御+417,5120000
200648,幻影铠靴,你打不中我,100,2,1,5,,200108,生命上限加值#2349#防御加值#542,,28,1,2000,,,,生命+2349\n防御+542,20480000
200649,神威铠靴,神的威严，谁人敢于冒犯,110,2,1,5,,200109,生命上限加值#3053#防御加值#704,,29,1,2000,,,,生命+3053\n防御+704,81920000
200650,灭世者铠靴,走路时请把步子放轻点,120,2,1,5,,200110,生命上限加值#3969#防御加值#915,,30,1,2000,,,,生命+3969\n防御+915,327680000
200651,布鞋,可以稍稍抵抗寒冷,20,2,2,5,,200111,生命上限加值#322#防御加值#54,,21,1,2000,,,,生命+322\n防御+54,10000
200652,无痕法靴,雁过无声，风过无痕,40,2,2,5,,200112,生命上限加值#419#防御加值#70,,22,1,2000,,,,生命+419\n防御+70,20000
200653,千波法靴,想知道什么是千波？扔一块石头到水里不就知道了,50,2,2,5,,200113,生命上限加值#544#防御加值#91,,23,1,2000,,,,生命+544\n防御+91,40000
200654,踏雪法靴,燕过留影，踏雪无痕,60,2,2,5,,200114,生命上限加值#708#防御加值#118,,24,1,2000,,,,生命+708\n防御+118,80000
200655,飞雪法靴,一丈之内全无雪花,70,2,2,5,,200115,生命上限加值#920#防御加值#153,,25,1,2000,,,,生命+920\n防御+153,320000
200656,锦帽貂裘鞋,锦帽貂裘，千骑卷平岗,80,2,2,5,,200116,生命上限加值#1196#防御加值#199,,26,1,2000,,,,生命+1196\n防御+199,1280000
200657,极光法靴,传说，这是烛龙幻化而成,90,2,2,5,,200117,生命上限加值#1555#防御加值#259,,27,1,2000,,,,生命+1555\n防御+259,5120000
200658,天魔法靴,上天入地，无所不能,100,2,2,5,,200118,生命上限加值#2021#防御加值#337,,28,1,2000,,,,生命+2021\n防御+337,20480000
200659,奇门遁甲靴,八门全开，搞死一个不亏，搞死两个赚了,110,2,2,5,,200119,生命上限加值#2627#防御加值#438,,29,1,2000,,,,生命+2627\n防御+438,81920000
200660,鲲鹏法靴,一日三千里，不是问题,120,2,2,5,,200120,生命上限加值#3415#防御加值#569,,30,1,2000,,,,生命+3415\n防御+569,327680000
200661,软皮轻靴,虽然软，但是穿起来很舒服,20,2,4,5,,200121,生命上限加值#348#防御加值#58,,21,1,2000,,,,生命+348\n防御+58,10000
200662,无影轻靴,你是鬼吗？不是，我只是没有影子,40,2,4,5,,200122,生命上限加值#453#防御加值#75,,22,1,2000,,,,生命+453\n防御+75,20000
200663,寒芒轻靴,一点寒芒先到，随后枪出如龙,50,2,4,5,,200123,生命上限加值#588#防御加值#98,,23,1,2000,,,,生命+588\n防御+98,40000
200664,流光轻靴,逝川与流光，飘忽不相待,60,2,4,5,,200124,生命上限加值#765#防御加值#127,,24,1,2000,,,,生命+765\n防御+127,80000
200665,猎影轻靴,影子，哪里逃,70,2,4,5,,200125,生命上限加值#994#防御加值#166,,25,1,2000,,,,生命+994\n防御+166,320000
200666,银光轻靴,纯银打造，童受无欺,80,2,4,5,,200126,生命上限加值#1293#防御加值#215,,26,1,2000,,,,生命+1293\n防御+215,1280000
200667,影闪轻靴,穿上即可隐身，宅男的福音,90,2,4,5,,200127,生命上限加值#1681#防御加值#280,,27,1,2000,,,,生命+1681\n防御+280,5120000
200668,复仇者轻鞋,复仇者，定当忍辱负重,100,2,4,5,,200128,生命上限加值#2185#防御加值#364,,28,1,2000,,,,生命+2185\n防御+364,20480000
200669,贪狼轻靴,十八般武艺，样样都不通,110,2,4,5,,200129,生命上限加值#2840#防御加值#473,,29,1,2000,,,,生命+2840\n防御+473,81920000
200670,无极轻靴,眼睛的距离，就是无极的距离,120,2,4,5,,200130,生命上限加值#3692#防御加值#615,,30,1,2000,,,,生命+3692\n防御+615,327680000
200671,锁子重靴,金钟罩，铁布衫,20,2,8,5,,200131,生命上限加值#374#防御加值#91,,21,1,2000,,,,生命+374\n防御+91,10000
200672,逍遥重靴,天地任我游,40,2,8,5,,200132,生命上限加值#487#防御加值#118,,22,1,2000,,,,生命+487\n防御+118,20000
200673,随风重靴,脱下可以放风筝,50,2,8,5,,200133,生命上限加值#633#防御加值#153,,23,1,2000,,,,生命+633\n防御+153,40000
200674,寒芒重靴,能让人不寒而战,60,2,8,5,,200134,生命上限加值#822#防御加值#199,,24,1,2000,,,,生命+822\n防御+199,80000
200675,狂风重靴,就让风吹的更狂烈点吧,70,2,8,5,,200135,生命上限加值#1069#防御加值#259,,25,1,2000,,,,生命+1069\n防御+259,320000
200676,流浪重靴,我一直都在流浪，但我不曾见过海洋,80,2,8,5,,200136,生命上限加值#1390#防御加值#337,,26,1,2000,,,,生命+1390\n防御+337,1280000
200677,霸王重靴,霸者，气吞山河,90,2,8,5,,200137,生命上限加值#1807#防御加值#438,,27,1,2000,,,,生命+1807\n防御+438,5120000
200678,毁灭重靴,我原付出我的生命，只原毁灭对面,100,2,8,5,,200138,生命上限加值#2349#防御加值#569,,28,1,2000,,,,生命+2349\n防御+569,20480000
200679,七杀重靴,杀意已决,110,2,8,5,,200139,生命上限加值#3053#防御加值#740,,29,1,2000,,,,生命+3053\n防御+740,81920000
200680,破军重靴,我行我素,120,2,8,5,,200140,生命上限加值#3969#防御加值#962,,30,1,2000,,,,生命+3969\n防御+962,327680000
200681,秘银帝靴,百毒不侵,20,2,16,5,,200141,生命上限加值#374#防御加值#145,,21,1,2000,,,,生命+374\n防御+145,10000
200682,万象帝靴,穿上此装，犹如万象附体,40,2,16,5,,200142,生命上限加值#487#防御加值#189,,22,1,2000,,,,生命+487\n防御+189,20000
200683,金汤帝靴,来打我呀，来呀,50,2,16,5,,200143,生命上限加值#633#防御加值#245,,23,1,2000,,,,生命+633\n防御+245,40000
200684,紫金帝靴,闪闪发光,60,2,16,5,,200144,生命上限加值#822#防御加值#319,,24,1,2000,,,,生命+822\n防御+319,80000
200685,九鼎帝靴,男子汉大丈夫，一言九鼎,70,2,16,5,,200145,生命上限加值#1069#防御加值#414,,25,1,2000,,,,生命+1069\n防御+414,320000
200686,日月乾坤靴,天地无极，日月乾坤,80,2,16,5,,200146,生命上限加值#1390#防御加值#539,,26,1,2000,,,,生命+1390\n防御+539,1280000
200687,应龙帝靴,水虺五百年化为蛟，蛟千年化为龙，龙五百年为角龙，千年为应龙,90,2,16,5,,200147,生命上限加值#1807#防御加值#700,,27,1,2000,,,,生命+1807\n防御+700,5120000
200688,御龙者帝靴,凭此物可以领取巨龙一头,100,2,16,5,,200148,生命上限加值#2349#防御加值#910,,28,1,2000,,,,生命+2349\n防御+910,20480000
200689,天巡帝靴,来自一位前往人间界巡游的天仙,110,2,16,5,,200149,生命上限加值#3053#防御加值#1183,,29,1,2000,,,,生命+3053\n防御+1183,81920000
200690,太虚帝靴,我本楚狂人，凤歌笑孔丘。,120,2,16,5,,200150,生命上限加值#3969#防御加值#1538,,30,1,2000,,,,生命+3969\n防御+1538,327680000
200691,牛角戒指,一头牛可以做一百个戒指,20,3,31,5,,200151,攻击加值#145#生命上限加值#218,,31,1,2000,,,,攻击+145\n生命+218,10000
200692,钻石戒指,钻石恒久远，一颗永流传,44,3,31,5,,200152,攻击加值#189#生命上限加值#283,,32,1,2000,,,,攻击+189\n生命+283,20000
200693,无尘戒指,带上此物即可不用洗澡,54,3,31,5,,200153,攻击加值#245#生命上限加值#368,,33,1,2000,,,,攻击+245\n生命+368,40000
200694,红莲戒指,红莲之火是地狱的业火，可以烧尽所有带灵魂的事物,64,3,31,5,,200154,攻击加值#319#生命上限加值#478,,34,1,2000,,,,攻击+319\n生命+478,80000
200695,玄冰戒指,夏天必备之物,74,3,31,5,,200155,攻击加值#414#生命上限加值#622,,35,1,2000,,,,攻击+414\n生命+622,320000
200696,皎月戒指,代表月亮消灭你,84,3,31,5,,200156,攻击加值#539#生命上限加值#808,,36,1,2000,,,,攻击+539\n生命+808,1280000
200697,无双戒指,天上天下，独一无二,94,3,31,5,,200157,攻击加值#700#生命上限加值#1050,,37,1,2000,,,,攻击+700\n生命+1050,5120000
200698,战神戒指,战神者，上天下地，无所不能,104,3,31,5,,200158,攻击加值#910#生命上限加值#1365,,38,1,2000,,,,攻击+910\n生命+1365,20480000
200699,七杀戒指,杀意已决，不死不回家,114,3,31,5,,200159,攻击加值#1183#生命上限加值#1775,,39,1,2000,,,,攻击+1183\n生命+1775,81920000
200700,修罗戒指,非人，非鬼，非神,120,3,31,5,,200160,攻击加值#1538#生命上限加值#2308,,40,1,2000,,,,攻击+1538\n生命+2308,327680000
200701,青玉珠,勉强加点属性，总比没有好,20,4,31,5,,200161,生命上限加值#435#防御加值#73,,41,1,2000,,,,生命+435\n防御+73,10000
200702,治疗宝珠,记得吃药，不要放弃治疗,46,4,31,5,,200162,生命上限加值#566#防御加值#94,,42,1,2000,,,,生命+566\n防御+94,20000
200703,孤云珠,云无心以出岫，泉涓涓而始流,56,4,31,5,,200163,生命上限加值#736#防御加值#123,,43,1,2000,,,,生命+736\n防御+123,40000
200704,定风珠,“我的风筝怎么飞不起来了啊”,66,4,31,5,,200164,生命上限加值#956#防御加值#159,,44,1,2000,,,,生命+956\n防御+159,80000
200705,金刚珠,除了硬，我还没发现有什么用！,76,4,31,5,,200165,生命上限加值#1243#防御加值#207,,45,1,2000,,,,生命+1243\n防御+207,320000
200706,离火宝珠,离离原上草，一岁一枯荣。谁知盘中餐，粒粒皆辛苦,86,4,31,5,,200166,生命上限加值#1616#防御加值#269,,46,1,2000,,,,生命+1616\n防御+269,1280000
200707,寂灭宝珠,方圆十里，不留任何活口,96,4,31,5,,200167,生命上限加值#2101#防御加值#350,,47,1,2000,,,,生命+2101\n防御+350,5120000
200708,血煞宝珠,不知染了多少鲜血，才会红的如此妖艳,106,4,31,5,,200168,生命上限加值#2731#防御加值#455,,48,1,2000,,,,生命+2731\n防御+455,20480000
200709,万劫宝珠,佛曰：一劫为一世,116,4,31,5,,200169,生命上限加值#3550#防御加值#592,,49,1,2000,,,,生命+3550\n防御+592,81920000
200710,星辰宝珠,一颗星辰宝珠即为一个大千世界,120,4,31,5,,200170,生命上限加值#4615#防御加值#769,,50,1,2000,,,,生命+4615\n防御+769,327680000
200711,《秋水》,落霞与孤鹜齐飞，秋水共长天一色,20,5,31,5,,200171,攻击加值#145#防御加值#73,,51,1,2000,,,,攻击+145\n防御+73,10000
200712,《西江月》,明月别枝惊鹊，清风半夜鸣蝉。,48,5,31,5,,200172,攻击加值#189#防御加值#94,,52,1,2000,,,,攻击+189\n防御+94,20000
200713,《满江红》,壮志饥餐胡虏肉，笑谈渴饮匈奴血。,58,5,31,5,,200173,攻击加值#245#防御加值#123,,53,1,2000,,,,攻击+245\n防御+123,40000
200714,《红莲》,火焰化红莲，天罪自消衍，闻说福寿俱增延,68,5,31,5,,200174,攻击加值#319#防御加值#159,,54,1,2000,,,,攻击+319\n防御+159,80000
200715,《念奴娇》,羽扇纶巾，谈笑间、樯橹灰飞烟灭。,78,5,31,5,,200175,攻击加值#414#防御加值#207,,55,1,2000,,,,攻击+414\n防御+207,320000
200716,《蝶恋花》,衣带渐宽无别意，新书报我添憔悴。,88,5,31,5,,200176,攻击加值#539#防御加值#269,,56,1,2000,,,,攻击+539\n防御+269,1280000
200717,《凤栖梧》,衣带渐宽终不悔，为伊消得人憔悴。,98,5,31,5,,200177,攻击加值#700#防御加值#350,,57,1,2000,,,,攻击+700\n防御+350,5120000
200718,《破阵子》,八百里分麾下炙，五十弦翻塞外声,108,5,31,5,,200178,攻击加值#910#防御加值#455,,58,1,2000,,,,攻击+910\n防御+455,20480000
200719,《女娲》,女娲炼石补天处，石破天金逗秋雨。,118,5,31,5,,200179,攻击加值#1183#防御加值#592,,59,1,2000,,,,攻击+1183\n防御+592,81920000
200720,《盘古》,天地浑沌如鸡子，盘古生其中。,120,5,31,5,,200180,攻击加值#1538#防御加值#769,,60,1,2000,,,,攻击+1538\n防御+769,327680000
200721,绿沉,乱花渐欲迷人眼，浅草才能没马蹄。,20,0,1,6,,200001,攻击加值#287,,1,1,2000,,,,攻击+287,10000
200722,红缨,烽火渐遥云渐远，神威依旧振边关。,45,0,1,6,,200002,攻击加值#373,,2,1,2000,,,,攻击+373,20000
200723,蓝电,山河破碎风飘絮，身世浮沉雨打萍。,55,0,1,6,,200003,攻击加值#484,,3,1,2000,,,,攻击+484,40000
200724,紫韵,夜阑卧听风吹雨，铁马冰河入梦来。,65,0,1,6,,200004,攻击加值#630,,4,1,2000,,,,攻击+630,80000
200725,湛金,恍恍与之去，驾鸿凌紫冥。,75,0,1,6,,200005,攻击加值#819,,5,1,2000,,,,攻击+819,320000
200726,凤尾,"云青青兮欲雨, 水澹澹兮生烟。",85,0,1,6,,200006,攻击加值#1064,,6,1,2000,,,,攻击+1064,1280000
200727,风火游龙,扬鞭走马城南陌，朝逢驿使秦川客。,95,0,1,6,,200007,攻击加值#1384,,7,1,2000,,,,攻击+1384,5120000
200728,暴雨梨花,只缘春欲尽，留著伴梨花。,105,0,1,6,,200008,攻击加值#1799,,8,1,2000,,,,攻击+1799,20480000
200729,八宝玲珑,粉蝶双双穿槛舞，帘卷晚天疏雨。,115,0,1,6,,200009,攻击加值#2338,,9,1,2000,,,,攻击+2338,81920000
200730,流星赶月,银鞍照白马，飒沓如流星。,120,0,1,6,,200010,攻击加值#3040,,10,1,2000,,,,攻击+3040,327680000
200731,蒲叶,池上日相待，知君殊未回。,20,0,2,6,,200011,攻击加值#377,,1,1,2000,,,,攻击+377,10000
200732,雕翎,纱窗日落渐黄昏，金屋无人见泪痕。,45,0,2,6,,200012,攻击加值#490,,2,1,2000,,,,攻击+490,20000
200733,芭蕉,寂寞空庭春欲晚，梨花满地不开门。,55,0,2,6,,200013,攻击加值#637,,3,1,2000,,,,攻击+637,40000
200734,清风,旧山虽在不关身，且向长安过暮春。,65,0,2,6,,200014,攻击加值#829,,4,1,2000,,,,攻击+829,80000
200735,呼风唤雨,南朝四百八十寺，多少楼台烟雨中。,75,0,2,6,,200015,攻击加值#1077,,5,1,2000,,,,攻击+1077,320000
200736,夺命书生,冷艳金歇雪，余香乍入衣。,85,0,2,6,,200016,攻击加值#1401,,6,1,2000,,,,攻击+1401,1280000
200737,离恨歌,回眸一笑百媚生，六宫粉黛无颜色。,95,0,2,6,,200017,攻击加值#1821,,7,1,2000,,,,攻击+1821,5120000
200738,一叶一菩提,一树一菩提，一土一如来,105,0,2,6,,200018,攻击加值#2367,,8,1,2000,,,,攻击+2367,20480000
200739,一花一世界,一花一天堂，一草一世界,115,0,2,6,,200019,攻击加值#3077,,9,1,2000,,,,攻击+3077,81920000
200740,三千世界,二入笙歌云幕下，三千世界雪花中。,120,0,2,6,,200020,攻击加值#4000,,10,1,2000,,,,攻击+4000,327680000
200741,短匕,人情薄似云，风景疾如箭。,20,0,4,6,,200021,攻击加值#347,,1,1,2000,,,,攻击+347,10000
200742,毒匕,栖泊云安县，消中内相毒。,45,0,4,6,,200022,攻击加值#451,,2,1,2000,,,,攻击+451,20000
200743,孤影,孤舟蓑笠翁，独钓寒江雪。,55,0,4,6,,200023,攻击加值#586,,3,1,2000,,,,攻击+586,40000
200744,花刺,花间一壶酒，独酌无相亲。,65,0,4,6,,200024,攻击加值#762,,4,1,2000,,,,攻击+762,80000
200745,隐水,青山隐隐水迢迢，秋尽江南草未凋。,75,0,4,6,,200025,攻击加值#991,,5,1,2000,,,,攻击+991,320000
200746,龙鳞,君王好长袖，新作舞衣宽。,85,0,4,6,,200026,攻击加值#1288,,6,1,2000,,,,攻击+1288,1280000
200747,鱼肠,似此星辰非昨夜，为谁风露立中宵。,95,0,4,6,,200027,攻击加值#1675,,7,1,2000,,,,攻击+1675,5120000
200748,寒月,秋霜欲下手先知，灯底裁缝剪刀冷。,105,0,4,6,,200028,攻击加值#2178,,8,1,2000,,,,攻击+2178,20480000
200749,龙牙,斜倚云端千壶掩寂寞，纵使他人空笑我。,115,0,4,6,,200029,攻击加值#2831,,9,1,2000,,,,攻击+2831,81920000
200750,尊神,岩扉松径长寂寥，惟有幽人夜来去。,120,0,4,6,,200030,攻击加值#3680,,10,1,2000,,,,攻击+3680,327680000
200751,长剑,迁客犹未老，圣朝今复归。,20,0,8,6,,200031,攻击加值#234,,1,1,2000,,,,攻击+234,10000
200752,含光,山楼彩凤栖寒月，宴殿金麟吐御香。,45,0,8,6,,200032,攻击加值#304,,2,1,2000,,,,攻击+304,20000
200753,夺命,待浮花浪蕊俱尽，伴君幽独。,55,0,8,6,,200033,攻击加值#395,,3,1,2000,,,,攻击+395,40000
200754,胜邪,一朝春去红颜老，花落人亡两不知。,65,0,8,6,,200034,攻击加值#514,,4,1,2000,,,,攻击+514,80000
200755,龙泉,桃溪惆怅不能过，红艳纷纷落地多。,75,0,8,6,,200035,攻击加值#668,,5,1,2000,,,,攻击+668,320000
200756,赤霄,闻道郭西千树雪，欲将君去醉如何。,85,0,8,6,,200036,攻击加值#868,,6,1,2000,,,,攻击+868,1280000
200757,纯钧,淮阳多病偶求欢，客袖侵霜与烛盘。,95,0,8,6,,200037,攻击加值#1129,,7,1,2000,,,,攻击+1129,5120000
200758,湛卢,砌下梨花一堆雪，明年谁此凭栏杆？,105,0,8,6,,200038,攻击加值#1467,,8,1,2000,,,,攻击+1467,20480000
200759,莫邪,以命为注，为王铸兵。,115,0,8,6,,200039,攻击加值#1908,,9,1,2000,,,,攻击+1908,81920000
200760,干将,乱世争雄，竟求强锋。,120,0,8,6,,200040,攻击加值#2480,,10,1,2000,,,,攻击+2480,327680000
200761,腰刀,青青一树伤心色，曾入几人离恨中。,20,0,16,6,,200041,攻击加值#98,,1,1,2000,,,,攻击+98,10000
200762,苗刀,秋霜欲下手先知，灯底裁缝剪刀冷。,45,0,16,6,,200042,攻击加值#127,,2,1,2000,,,,攻击+127,20000
200763,柳叶,柳色黄金嫩，梨花白雪香。,55,0,16,6,,200043,攻击加值#166,,3,1,2000,,,,攻击+166,40000
200764,胜邪,一朝春去红颜老，花落人亡两不知。,65,0,16,6,,200044,攻击加值#215,,4,1,2000,,,,攻击+215,80000
200765,龙舌,杨花落尽子规啼，闻道龙标过五溪。,75,0,16,6,,200045,攻击加值#280,,5,1,2000,,,,攻击+280,320000
200766,龙牙,斜倚云端千壶掩寂寞，纵使他人空笑我。,85,0,16,6,,200046,攻击加值#364,,6,1,2000,,,,攻击+364,1280000
200767,大夏龙雀,万战自称不提刃，生来双眼篾群容。,95,0,16,6,,200047,攻击加值#473,,7,1,2000,,,,攻击+473,5120000
200768,刈鹿,我自横刀向天笑，去留肝胆两昆仑。,105,0,16,6,,200048,攻击加值#615,,8,1,2000,,,,攻击+615,20480000
200769,极乐,三月雪连夜，未应伤物华。,115,0,16,6,,200049,攻击加值#800,,9,1,2000,,,,攻击+800,81920000
200770,鸣鸿,醉卧美人漆，醒掌杀人权。,120,0,16,6,,200050,攻击加值#1040,,10,1,2000,,,,攻击+1040,327680000
200771,铁甲,你以为这就是全铁吗,20,1,1,6,,200051,生命上限加值#730#防御加值#112,,11,1,2000,,,,生命+730\n防御+112,10000
200772,寒霜铠甲,"满堂花醉三千客,一剑寒霜十四州",42,1,1,6,,200052,生命上限加值#949#防御加值#146,,12,1,2000,,,,生命+949\n防御+146,20000
200773,破山铠甲,据说愚公移山的时候就是穿的这套装备,52,1,1,6,,200053,生命上限加值#1233#防御加值#190,,13,1,2000,,,,生命+1233\n防御+190,40000
200774,麒麟铠甲,这不是真正的麒麟,62,1,1,6,,200054,生命上限加值#1604#防御加值#247,,14,1,2000,,,,生命+1604\n防御+247,80000
200775,天行铠甲,天行健，君子以自强不“吸”。,72,1,1,6,,200055,生命上限加值#2085#防御加值#321,,15,1,2000,,,,生命+2085\n防御+321,320000
200776,离火铠甲,离离原上草，一岁一枯荣,82,1,1,6,,200056,生命上限加值#2710#防御加值#417,,16,1,2000,,,,生命+2710\n防御+417,1280000
200777,创始者铠甲,盘古开天辟地之时，大热，遂脱，但不幸被偷,92,1,1,6,,200057,生命上限加值#3523#防御加值#542,,17,1,2000,,,,生命+3523\n防御+542,5120000
200778,幻影铠甲,你打不中我,102,1,1,6,,200058,生命上限加值#4580#防御加值#704,,18,1,2000,,,,生命+4580\n防御+704,20480000
200779,神威铠甲,神的威严，谁人敢于冒犯,112,1,1,6,,200059,生命上限加值#5954#防御加值#915,,19,1,2000,,,,生命+5954\n防御+915,81920000
200780,灭世者铠甲,走路时请把步子放轻点,120,1,1,6,,200060,生命上限加值#7740#防御加值#1190,,20,1,2000,,,,生命+7740\n防御+1190,327680000
200781,素袍,可以稍稍抵抗寒冷,20,1,2,6,,200061,生命上限加值#628#防御加值#70,,11,1,2000,,,,生命+628\n防御+70,10000
200782,无痕法袍,雁过无声，风过无痕,42,1,2,6,,200062,生命上限加值#816#防御加值#91,,12,1,2000,,,,生命+816\n防御+91,20000
200783,千波法袍,想知道什么是千波？扔一块石头到水里不就知道了,52,1,2,6,,200063,生命上限加值#1061#防御加值#118,,13,1,2000,,,,生命+1061\n防御+118,40000
200784,踏雪法袍,燕过留影，踏雪无痕,62,1,2,6,,200064,生命上限加值#1380#防御加值#153,,14,1,2000,,,,生命+1380\n防御+153,80000
200785,飞雪法袍,一丈之内全无雪花,72,1,2,6,,200065,生命上限加值#1794#防御加值#199,,15,1,2000,,,,生命+1794\n防御+199,320000
200786,锦帽貂裘,锦帽貂裘，千骑卷平岗,82,1,2,6,,200066,生命上限加值#2332#防御加值#259,,16,1,2000,,,,生命+2332\n防御+259,1280000
200787,极光法袍,传说，这是烛龙幻化而成,92,1,2,6,,200067,生命上限加值#3031#防御加值#337,,17,1,2000,,,,生命+3031\n防御+337,5120000
200788,天魔法袍,上天入地，无所不能,102,1,2,6,,200068,生命上限加值#3941#防御加值#438,,18,1,2000,,,,生命+3941\n防御+438,20480000
200789,奇门遁甲,八门全开，搞死一个不亏，搞死两个赚了,112,1,2,6,,200069,生命上限加值#5123#防御加值#569,,19,1,2000,,,,生命+5123\n防御+569,81920000
200790,鲲鹏法袍,一日三千里，不是问题,120,1,2,6,,200070,生命上限加值#6660#防御加值#740,,20,1,2000,,,,生命+6660\n防御+740,327680000
200791,软皮甲,虽然软，但是穿起来很舒服,20,1,4,6,,200071,生命上限加值#679#防御加值#75,,11,1,2000,,,,生命+679\n防御+75,10000
200792,无影甲,你是鬼吗？不是，我只是没有影子,42,1,4,6,,200072,生命上限加值#883#防御加值#98,,12,1,2000,,,,生命+883\n防御+98,20000
200793,寒芒轻甲,一点寒芒先到，随后枪出如龙,52,1,4,6,,200073,生命上限加值#1147#防御加值#127,,13,1,2000,,,,生命+1147\n防御+127,40000
200794,流光轻甲,逝川与流光，飘忽不相待,62,1,4,6,,200074,生命上限加值#1492#防御加值#166,,14,1,2000,,,,生命+1492\n防御+166,80000
200795,猎影轻甲,影子，哪里逃,72,1,4,6,,200075,生命上限加值#1939#防御加值#215,,15,1,2000,,,,生命+1939\n防御+215,320000
200796,银光轻甲,纯银打造，童受无欺,82,1,4,6,,200076,生命上限加值#2521#防御加值#280,,16,1,2000,,,,生命+2521\n防御+280,1280000
200797,影闪轻甲,穿上即可隐身，宅男的福音,92,1,4,6,,200077,生命上限加值#3277#防御加值#364,,17,1,2000,,,,生命+3277\n防御+364,5120000
200798,复仇者轻甲,复仇者，定当忍辱负重,102,1,4,6,,200078,生命上限加值#4260#防御加值#473,,18,1,2000,,,,生命+4260\n防御+473,20480000
200799,贪狼轻甲,十八般武艺，样样都不通,112,1,4,6,,200079,生命上限加值#5538#防御加值#615,,19,1,2000,,,,生命+5538\n防御+615,81920000
200800,无极轻甲,眼睛的距离，就是无极的距离,120,1,4,6,,200080,生命上限加值#7200#防御加值#800,,20,1,2000,,,,生命+7200\n防御+800,327680000
200801,锁子重甲,金钟罩，铁布衫,20,1,8,6,,200081,生命上限加值#849#防御加值#118,,11,1,2000,,,,生命+849\n防御+118,10000
200802,逍遥重甲,天地任我游,42,1,8,6,,200082,生命上限加值#1103#防御加值#153,,12,1,2000,,,,生命+1103\n防御+153,20000
200803,随风重甲,脱下可以放风筝,52,1,8,6,,200083,生命上限加值#1434#防御加值#199,,13,1,2000,,,,生命+1434\n防御+199,40000
200804,寒芒重甲,能让人不寒而战,62,1,8,6,,200084,生命上限加值#1865#防御加值#259,,14,1,2000,,,,生命+1865\n防御+259,80000
200805,狂风重甲,就让风吹的更狂烈点吧,72,1,8,6,,200085,生命上限加值#2424#防御加值#337,,15,1,2000,,,,生命+2424\n防御+337,320000
200806,流浪者重甲,我一直都在流浪，但我不曾见过海洋,82,1,8,6,,200086,生命上限加值#3151#防御加值#438,,16,1,2000,,,,生命+3151\n防御+438,1280000
200807,霸王重甲,霸者，气吞山河,92,1,8,6,,200087,生命上限加值#4096#防御加值#569,,17,1,2000,,,,生命+4096\n防御+569,5120000
200808,毁灭重甲,我原付出我的生命，只原毁灭对面,102,1,8,6,,200088,生命上限加值#5325#防御加值#740,,18,1,2000,,,,生命+5325\n防御+740,20480000
200809,七杀重甲,杀意已决,112,1,8,6,,200089,生命上限加值#6923#防御加值#962,,19,1,2000,,,,生命+6923\n防御+962,81920000
200810,破军重甲,我行我素,120,1,8,6,,200090,生命上限加值#9000#防御加值#1250,,20,1,2000,,,,生命+9000\n防御+1250,327680000
200811,秘银皇袍,百毒不侵,20,1,16,6,,200091,生命上限加值#1188#防御加值#189,,11,1,2000,,,,生命+1188\n防御+189,10000
200812,万象皇袍,穿上此装，犹如万象附体,42,1,16,6,,200092,生命上限加值#1545#防御加值#245,,12,1,2000,,,,生命+1545\n防御+245,20000
200813,金汤皇袍,来打我呀，来呀,52,1,16,6,,200093,生命上限加值#2008#防御加值#319,,13,1,2000,,,,生命+2008\n防御+319,40000
200814,紫金皇袍,闪闪发光,62,1,16,6,,200094,生命上限加值#2610#防御加值#414,,14,1,2000,,,,生命+2610\n防御+414,80000
200815,九鼎皇袍,男子汉大丈夫，一言九鼎,72,1,16,6,,200095,生命上限加值#3394#防御加值#539,,15,1,2000,,,,生命+3394\n防御+539,320000
200816,日月乾坤,天地无极，日月乾坤,82,1,16,6,,200096,生命上限加值#4412#防御加值#700,,16,1,2000,,,,生命+4412\n防御+700,1280000
200817,应龙皇袍,水虺五百年化为蛟，蛟千年化为龙，龙五百年为角龙，千年为应龙,92,1,16,6,,200097,生命上限加值#5735#防御加值#910,,17,1,2000,,,,生命+5735\n防御+910,5120000
200818,御龙者皇袍,凭此物可以领取巨龙一头,102,1,16,6,,200098,生命上限加值#7456#防御加值#1183,,18,1,2000,,,,生命+7456\n防御+1183,20480000
200819,天巡皇袍,来自一位前往人间界巡游的天仙,112,1,16,6,,200099,生命上限加值#9692#防御加值#1538,,19,1,2000,,,,生命+9692\n防御+1538,81920000
200820,太虚皇袍,我本楚狂人，凤歌笑孔丘。,120,1,16,6,,200100,生命上限加值#12600#防御加值#2000,,20,1,2000,,,,生命+12600\n防御+2000,327680000
200821,铁靴,你以为这就是全铁吗,20,2,1,6,,200101,生命上限加值#487#防御加值#112,,21,1,2000,,,,生命+487\n防御+112,10000
200822,寒霜铠靴,"满堂花醉三千客,一剑寒霜十四州",40,2,1,6,,200102,生命上限加值#633#防御加值#146,,22,1,2000,,,,生命+633\n防御+146,20000
200823,破山铠靴,据说愚公移山的时候就是穿的这套装备,50,2,1,6,,200103,生命上限加值#822#防御加值#190,,23,1,2000,,,,生命+822\n防御+190,40000
200824,麒麟铠靴,这不是真正的麒麟,60,2,1,6,,200104,生命上限加值#1069#防御加值#247,,24,1,2000,,,,生命+1069\n防御+247,80000
200825,天行铠靴,天行健，君子以自强不“吸”。,70,2,1,6,,200105,生命上限加值#1390#防御加值#321,,25,1,2000,,,,生命+1390\n防御+321,320000
200826,离火铠靴,离离原上草，一岁一枯荣,80,2,1,6,,200106,生命上限加值#1807#防御加值#417,,26,1,2000,,,,生命+1807\n防御+417,1280000
200827,创始者铠靴,盘古开天辟地之时，大热，遂脱，但不幸被偷,90,2,1,6,,200107,生命上限加值#2349#防御加值#542,,27,1,2000,,,,生命+2349\n防御+542,5120000
200828,幻影铠靴,你打不中我,100,2,1,6,,200108,生命上限加值#3053#防御加值#704,,28,1,2000,,,,生命+3053\n防御+704,20480000
200829,神威铠靴,神的威严，谁人敢于冒犯,110,2,1,6,,200109,生命上限加值#3969#防御加值#915,,29,1,2000,,,,生命+3969\n防御+915,81920000
200830,灭世者铠靴,走路时请把步子放轻点,120,2,1,6,,200110,生命上限加值#5160#防御加值#1190,,30,1,2000,,,,生命+5160\n防御+1190,327680000
200831,布鞋,可以稍稍抵抗寒冷,20,2,2,6,,200111,生命上限加值#419#防御加值#70,,21,1,2000,,,,生命+419\n防御+70,10000
200832,无痕法靴,雁过无声，风过无痕,40,2,2,6,,200112,生命上限加值#544#防御加值#91,,22,1,2000,,,,生命+544\n防御+91,20000
200833,千波法靴,想知道什么是千波？扔一块石头到水里不就知道了,50,2,2,6,,200113,生命上限加值#708#防御加值#118,,23,1,2000,,,,生命+708\n防御+118,40000
200834,踏雪法靴,燕过留影，踏雪无痕,60,2,2,6,,200114,生命上限加值#920#防御加值#153,,24,1,2000,,,,生命+920\n防御+153,80000
200835,飞雪法靴,一丈之内全无雪花,70,2,2,6,,200115,生命上限加值#1196#防御加值#199,,25,1,2000,,,,生命+1196\n防御+199,320000
200836,锦帽貂裘鞋,锦帽貂裘，千骑卷平岗,80,2,2,6,,200116,生命上限加值#1555#防御加值#259,,26,1,2000,,,,生命+1555\n防御+259,1280000
200837,极光法靴,传说，这是烛龙幻化而成,90,2,2,6,,200117,生命上限加值#2021#防御加值#337,,27,1,2000,,,,生命+2021\n防御+337,5120000
200838,天魔法靴,上天入地，无所不能,100,2,2,6,,200118,生命上限加值#2627#防御加值#438,,28,1,2000,,,,生命+2627\n防御+438,20480000
200839,奇门遁甲靴,八门全开，搞死一个不亏，搞死两个赚了,110,2,2,6,,200119,生命上限加值#3415#防御加值#569,,29,1,2000,,,,生命+3415\n防御+569,81920000
200840,鲲鹏法靴,一日三千里，不是问题,120,2,2,6,,200120,生命上限加值#4440#防御加值#740,,30,1,2000,,,,生命+4440\n防御+740,327680000
200841,软皮轻靴,虽然软，但是穿起来很舒服,20,2,4,6,,200121,生命上限加值#453#防御加值#75,,21,1,2000,,,,生命+453\n防御+75,10000
200842,无影轻靴,你是鬼吗？不是，我只是没有影子,40,2,4,6,,200122,生命上限加值#588#防御加值#98,,22,1,2000,,,,生命+588\n防御+98,20000
200843,寒芒轻靴,一点寒芒先到，随后枪出如龙,50,2,4,6,,200123,生命上限加值#765#防御加值#127,,23,1,2000,,,,生命+765\n防御+127,40000
200844,流光轻靴,逝川与流光，飘忽不相待,60,2,4,6,,200124,生命上限加值#994#防御加值#166,,24,1,2000,,,,生命+994\n防御+166,80000
200845,猎影轻靴,影子，哪里逃,70,2,4,6,,200125,生命上限加值#1293#防御加值#215,,25,1,2000,,,,生命+1293\n防御+215,320000
200846,银光轻靴,纯银打造，童受无欺,80,2,4,6,,200126,生命上限加值#1681#防御加值#280,,26,1,2000,,,,生命+1681\n防御+280,1280000
200847,影闪轻靴,穿上即可隐身，宅男的福音,90,2,4,6,,200127,生命上限加值#2185#防御加值#364,,27,1,2000,,,,生命+2185\n防御+364,5120000
200848,复仇者轻鞋,复仇者，定当忍辱负重,100,2,4,6,,200128,生命上限加值#2840#防御加值#473,,28,1,2000,,,,生命+2840\n防御+473,20480000
200849,贪狼轻靴,十八般武艺，样样都不通,110,2,4,6,,200129,生命上限加值#3692#防御加值#615,,29,1,2000,,,,生命+3692\n防御+615,81920000
200850,无极轻靴,眼睛的距离，就是无极的距离,120,2,4,6,,200130,生命上限加值#4800#防御加值#800,,30,1,2000,,,,生命+4800\n防御+800,327680000
200851,锁子重靴,金钟罩，铁布衫,20,2,8,6,,200131,生命上限加值#487#防御加值#118,,21,1,2000,,,,生命+487\n防御+118,10000
200852,逍遥重靴,天地任我游,40,2,8,6,,200132,生命上限加值#633#防御加值#153,,22,1,2000,,,,生命+633\n防御+153,20000
200853,随风重靴,脱下可以放风筝,50,2,8,6,,200133,生命上限加值#822#防御加值#199,,23,1,2000,,,,生命+822\n防御+199,40000
200854,寒芒重靴,能让人不寒而战,60,2,8,6,,200134,生命上限加值#1069#防御加值#259,,24,1,2000,,,,生命+1069\n防御+259,80000
200855,狂风重靴,就让风吹的更狂烈点吧,70,2,8,6,,200135,生命上限加值#1390#防御加值#337,,25,1,2000,,,,生命+1390\n防御+337,320000
200856,流浪重靴,我一直都在流浪，但我不曾见过海洋,80,2,8,6,,200136,生命上限加值#1807#防御加值#438,,26,1,2000,,,,生命+1807\n防御+438,1280000
200857,霸王重靴,霸者，气吞山河,90,2,8,6,,200137,生命上限加值#2349#防御加值#569,,27,1,2000,,,,生命+2349\n防御+569,5120000
200858,毁灭重靴,我原付出我的生命，只原毁灭对面,100,2,8,6,,200138,生命上限加值#3053#防御加值#740,,28,1,2000,,,,生命+3053\n防御+740,20480000
200859,七杀重靴,杀意已决,110,2,8,6,,200139,生命上限加值#3969#防御加值#962,,29,1,2000,,,,生命+3969\n防御+962,81920000
200860,破军重靴,我行我素,120,2,8,6,,200140,生命上限加值#5160#防御加值#1250,,30,1,2000,,,,生命+5160\n防御+1250,327680000
200861,秘银帝靴,百毒不侵,20,2,16,6,,200141,生命上限加值#487#防御加值#189,,21,1,2000,,,,生命+487\n防御+189,10000
200862,万象帝靴,穿上此装，犹如万象附体,40,2,16,6,,200142,生命上限加值#633#防御加值#245,,22,1,2000,,,,生命+633\n防御+245,20000
200863,金汤帝靴,来打我呀，来呀,50,2,16,6,,200143,生命上限加值#822#防御加值#319,,23,1,2000,,,,生命+822\n防御+319,40000
200864,紫金帝靴,闪闪发光,60,2,16,6,,200144,生命上限加值#1069#防御加值#414,,24,1,2000,,,,生命+1069\n防御+414,80000
200865,九鼎帝靴,男子汉大丈夫，一言九鼎,70,2,16,6,,200145,生命上限加值#1390#防御加值#539,,25,1,2000,,,,生命+1390\n防御+539,320000
200866,日月乾坤靴,天地无极，日月乾坤,80,2,16,6,,200146,生命上限加值#1807#防御加值#700,,26,1,2000,,,,生命+1807\n防御+700,1280000
200867,应龙帝靴,水虺五百年化为蛟，蛟千年化为龙，龙五百年为角龙，千年为应龙,90,2,16,6,,200147,生命上限加值#2349#防御加值#910,,27,1,2000,,,,生命+2349\n防御+910,5120000
200868,御龙者帝靴,凭此物可以领取巨龙一头,100,2,16,6,,200148,生命上限加值#3053#防御加值#1183,,28,1,2000,,,,生命+3053\n防御+1183,20480000
200869,天巡帝靴,来自一位前往人间界巡游的天仙,110,2,16,6,,200149,生命上限加值#3969#防御加值#1538,,29,1,2000,,,,生命+3969\n防御+1538,81920000
200870,太虚帝靴,我本楚狂人，凤歌笑孔丘。,120,2,16,6,,200150,生命上限加值#5160#防御加值#2000,,30,1,2000,,,,生命+5160\n防御+2000,327680000
200871,牛角戒指,一头牛可以做一百个戒指,20,3,31,6,,200151,攻击加值#189#生命上限加值#283,,31,1,2000,,,,攻击+189\n生命+283,10000
200872,钻石戒指,钻石恒久远，一颗永流传,44,3,31,6,,200152,攻击加值#245#生命上限加值#368,,32,1,2000,,,,攻击+245\n生命+368,20000
200873,无尘戒指,带上此物即可不用洗澡,54,3,31,6,,200153,攻击加值#319#生命上限加值#478,,33,1,2000,,,,攻击+319\n生命+478,40000
200874,红莲戒指,红莲之火是地狱的业火，可以烧尽所有带灵魂的事物,64,3,31,6,,200154,攻击加值#414#生命上限加值#622,,34,1,2000,,,,攻击+414\n生命+622,80000
200875,玄冰戒指,夏天必备之物,74,3,31,6,,200155,攻击加值#539#生命上限加值#808,,35,1,2000,,,,攻击+539\n生命+808,320000
200876,皎月戒指,代表月亮消灭你,84,3,31,6,,200156,攻击加值#700#生命上限加值#1050,,36,1,2000,,,,攻击+700\n生命+1050,1280000
200877,无双戒指,天上天下，独一无二,94,3,31,6,,200157,攻击加值#910#生命上限加值#1365,,37,1,2000,,,,攻击+910\n生命+1365,5120000
200878,战神戒指,战神者，上天下地，无所不能,104,3,31,6,,200158,攻击加值#1183#生命上限加值#1775,,38,1,2000,,,,攻击+1183\n生命+1775,20480000
200879,七杀戒指,杀意已决，不死不回家,114,3,31,6,,200159,攻击加值#1538#生命上限加值#2308,,39,1,2000,,,,攻击+1538\n生命+2308,81920000
200880,修罗戒指,非人，非鬼，非神,120,3,31,6,,200160,攻击加值#2000#生命上限加值#3000,,40,1,2000,,,,攻击+2000\n生命+3000,327680000
200881,青玉珠,勉强加点属性，总比没有好,20,4,31,6,,200161,生命上限加值#566#防御加值#94,,41,1,2000,,,,生命+566\n防御+94,10000
200882,治疗宝珠,记得吃药，不要放弃治疗,46,4,31,6,,200162,生命上限加值#736#防御加值#123,,42,1,2000,,,,生命+736\n防御+123,20000
200883,孤云珠,云无心以出岫，泉涓涓而始流,56,4,31,6,,200163,生命上限加值#956#防御加值#159,,43,1,2000,,,,生命+956\n防御+159,40000
200884,定风珠,“我的风筝怎么飞不起来了啊”,66,4,31,6,,200164,生命上限加值#1243#防御加值#207,,44,1,2000,,,,生命+1243\n防御+207,80000
200885,金刚珠,除了硬，我还没发现有什么用！,76,4,31,6,,200165,生命上限加值#1616#防御加值#269,,45,1,2000,,,,生命+1616\n防御+269,320000
200886,离火宝珠,离离原上草，一岁一枯荣。谁知盘中餐，粒粒皆辛苦,86,4,31,6,,200166,生命上限加值#2101#防御加值#350,,46,1,2000,,,,生命+2101\n防御+350,1280000
200887,寂灭宝珠,方圆十里，不留任何活口,96,4,31,6,,200167,生命上限加值#2731#防御加值#455,,47,1,2000,,,,生命+2731\n防御+455,5120000
200888,血煞宝珠,不知染了多少鲜血，才会红的如此妖艳,106,4,31,6,,200168,生命上限加值#3550#防御加值#592,,48,1,2000,,,,生命+3550\n防御+592,20480000
200889,万劫宝珠,佛曰：一劫为一世,116,4,31,6,,200169,生命上限加值#4615#防御加值#769,,49,1,2000,,,,生命+4615\n防御+769,81920000
200890,星辰宝珠,一颗星辰宝珠即为一个大千世界,120,4,31,6,,200170,生命上限加值#6000#防御加值#1000,,50,1,2000,,,,生命+6000\n防御+1000,327680000
200891,《秋水》,落霞与孤鹜齐飞，秋水共长天一色,20,5,31,6,,200171,攻击加值#189#防御加值#94,,51,1,2000,,,,攻击+189\n防御+94,10000
200892,《西江月》,明月别枝惊鹊，清风半夜鸣蝉。,48,5,31,6,,200172,攻击加值#245#防御加值#123,,52,1,2000,,,,攻击+245\n防御+123,20000
200893,《满江红》,壮志饥餐胡虏肉，笑谈渴饮匈奴血。,58,5,31,6,,200173,攻击加值#319#防御加值#159,,53,1,2000,,,,攻击+319\n防御+159,40000
200894,《红莲》,火焰化红莲，天罪自消衍，闻说福寿俱增延,68,5,31,6,,200174,攻击加值#414#防御加值#207,,54,1,2000,,,,攻击+414\n防御+207,80000
200895,《念奴娇》,羽扇纶巾，谈笑间、樯橹灰飞烟灭。,78,5,31,6,,200175,攻击加值#539#防御加值#269,,55,1,2000,,,,攻击+539\n防御+269,320000
200896,《蝶恋花》,衣带渐宽无别意，新书报我添憔悴。,88,5,31,6,,200176,攻击加值#700#防御加值#350,,56,1,2000,,,,攻击+700\n防御+350,1280000
200897,《凤栖梧》,衣带渐宽终不悔，为伊消得人憔悴。,98,5,31,6,,200177,攻击加值#910#防御加值#455,,57,1,2000,,,,攻击+910\n防御+455,5120000
200898,《破阵子》,八百里分麾下炙，五十弦翻塞外声,108,5,31,6,,200178,攻击加值#1183#防御加值#592,,58,1,2000,,,,攻击+1183\n防御+592,20480000
200899,《女娲》,女娲炼石补天处，石破天金逗秋雨。,118,5,31,6,,200179,攻击加值#1538#防御加值#769,,59,1,2000,,,,攻击+1538\n防御+769,81920000
200900,《盘古》,天地浑沌如鸡子，盘古生其中。,120,5,31,6,,200180,攻击加值#2000#防御加值#1000,,60,1,2000,,,,攻击+2000\n防御+1000,327680000
