##,,,,,,,,,,,,,,,,
道具ID,名称,类型,等级限制,品质,使用效果,出售类型,堆叠上限,图标,功能描述,详细描述,物品卖出单价,掉落地点,特殊掉落地点,喜好品属性,属性展示,礼包掉落ID
int,utf8string,int,int,int,int,int,int,int,utf8string,utf8string,int,string,utf8string,string,string,int
4001,枣红马,4,2,2,1,1,1000000,4001,让我们策马奔腾，活得潇潇洒洒~,,1000,8#41#64,,生命上限加值#23#攻击加值#6#防御加值#3,生命+23\n攻击+6\n防御+3,
4002,茶,4,2,2,1,1,1000000,4002,这就是茶,,1000,1#22#39,,生命上限加值#23#攻击加值#24,生命+23\n攻击+24,
4003,酒,4,8,2,1,1,1000000,4003,物美价廉，潘恐档糜涤,,1000,29#61#84,,攻击加值#30,攻击+30,
4004,小还丹,4,7,2,1,1,1000000,4004,就是小还丹,,1000,24#51#78,,生命上限加值#92#防御加值#3,生命+92\n防御+3,
4005,口脂,4,1,2,1,1,1000000,4005,男士请勿使用！！,,1000,2#37#58,,攻击加值#6,攻击+6,
4006,鲜花,4,5,2,1,1,1000000,4006,各种各样的花都有,,1000,13#36#80,,攻击加值#18,攻击+18,
4007,纯黑,4,3,2,1,1,1000000,4007,我很黑，但是我很纯,,1000,7#46#75,,攻击加值#12#防御加值#6,攻击+12\n防御+6,
4008,铁木,4,4,2,1,1,1000000,4008,铁树开花，母猪上树,,1000,6#34#76,,生命上限加值#92,生命+92,
4009,黑铁石,4,5,2,1,1,1000000,4009,砸核桃神器,,1000,11#43#63,,攻击加值#24,攻击+24,
4010,蔡伦纸,4,6,2,1,1,1000000,4010,一个叫蔡伦的人发明的,,1000,17#53#83,,攻击加值#30,攻击+30,
4011,祖母绿,4,7,2,1,1,1000000,4011,绿色的宝石,,1000,21#52#81,,生命上限加值#138,生命+138,
4012,钻石,4,9,2,1,1,1000000,4012,老王在家中排行第五,,1000,25#74#74,,攻击加值#30#防御加值#15,攻击+30\n防御+15,
4013,珍珠,4,10,2,1,1,1000000,4013,你知道珍珠贝是多么的痛苦么,,1000,32#57#82,,生命上限加值#115#攻击加值#30,生命+115\n攻击+30,
4014,汗血宝马,4,38,3,1,1,1000000,4014,这不是血，是汗。,,2000,,,生命上限加值#184#攻击加值#48#防御加值#24,生命+184\n攻击+48\n防御+24,
4015,神农本草经,4,15,3,1,1,1000000,4015,相传神农是被毒死的,,2000,,,生命上限加值#138,生命+138,
4016,洗髓经,4,20,3,1,1,1000000,4016,洗髓伐骨，重塑金身,,2000,,,攻击加值#36,攻击+36,
4017,五牛图,4,30,3,1,1,1000000,4017,上面印着几个没人能看懂的蝌蚪文“Five oxen”,,2000,,,攻击加值#48,攻击+48,
4018,天山圣水,4,22,3,1,1,1000000,4018,名字洋气，成分更是洋气一H2O,,2000,,,攻击加值#39,攻击+39,
4019,葡萄酒,4,32,3,1,1,1000000,4019,葡萄美酒夜光杯，欲饮琵琶马上催,,2000,,,攻击加值#51,攻击+51,
4020,兰生,4,42,3,1,1,1000000,4020,武帝最爱,,2000,,,攻击加值#66,攻击+66,
4021,琵琶,4,9,3,1,1,1000000,4021,你是猴子请来的琵琶精么？,,2000,27#48#75,,攻击加值#18#防御加值#9,攻击+18\n防御+9,
4022,古琴,4,19,3,1,1,1000000,4022,没有名字的琴,,2000,,,攻击加值#36#防御加值#18,攻击+36\n防御+18,
4023,大还丹,4,17,3,1,1,1000000,4023,就是大还丹,,2000,,,生命上限加值#184#防御加值#12,生命+184\n防御+12,
4024,聚气丹,4,27,3,1,1,1000000,4024,别吃太多，小心爆炸,,2000,,,生命上限加值#239#防御加值#16,生命+239\n防御+16,
4025,纯金耳坠,4,11,3,1,1,1000000,4025,土豪金，你值得拥有,,2000,,,攻击加值#30#防御加值#6,攻击+30\n防御+6,
4026,蝴蝶花钿,4,15,3,1,1,1000000,4026,一般只装扮在脸上,,2000,,,攻击加值#108#防御加值#12,攻击+108\n防御+12,
4027,傅粉,4,21,3,1,1,1000000,4027,你傅粉盈房，岂无殊色？我洗妆入道，不变初心。,,2000,,,生命上限加值#230#攻击加值#90#防御加值#18,生命+230\n攻击+90\n防御+18,
4028,围棋,4,21,3,1,1,1000000,4028,黑为阴，白为阳，阴阳生万物,,2000,,,攻击加值#60#防御加值#24,攻击+60\n防御+24,
4029,象棋,4,25,3,1,1,1000000,4029,我原有一，无拘无束,,2000,,,攻击加值#84,攻击+84,
4030,忘忧果,4,12,3,1,1,1000000,4030,能让你忘记烦恼,,2000,31#52#77,,生命上限加值#184,生命+184,
4031,池春绿墨,4,13,3,1,1,1000000,4031,风乍起，吹皱一池春水,,2000,29#41#62,,攻击加值#36#防御加值#15,攻击+36\n防御+15,
4032,黄花梨木,4,19,3,1,1,1000000,4032,菜籽发发非房,,2000,,,生命上限加值#276,生命+276,
4033,玄铁石,4,24,3,1,1,1000000,4033,能把核桃砸成渣,,2000,,,攻击加值#72,攻击+72,
4034,长寿玉佩,4,31,3,1,1,1000000,4034,想长寿吗,,2000,,,生命上限加值#184#攻击加值#36,生命+184\n攻击+36,
4035,阴阳玉佩,4,35,3,1,1,1000000,4035,一黑一白两条鱼在旋转,,2000,,,生命上限加值#69#攻击加值#72,生命+69\n攻击+72,
4036,平安玉,4,41,3,1,1,1000000,4036,保你平安,,2000,,,生命上限加值#239#攻击加值#47,生命+239\n攻击+47,
4037,和田玉,4,45,3,1,1,1000000,4037,珍贵宝玉,,2000,,,生命上限加值#92#攻击加值#72,生命+92\n攻击+72,
4038,赤兔胭脂,4,68,4,1,1,1000000,4038,"人中赤兔,马中吕布",,3000,,,生命上限加值#336#攻击加值#106#防御加值#44,生命+336\n攻击+106\n防御+44,
4039,追风,4,68,4,1,1,1000000,4039,风吹乱了我的发,,3000,,,生命上限加值#308#攻击加值#120#防御加值#35,生命+308\n攻击+120\n防御+35,
4040,绝影,4,68,4,1,1,1000000,4040,“公所乘马名绝影”――《三国志・魏书》,,3000,,,生命上限加值#322#攻击加值#115#防御加值#36,生命+322\n攻击+115\n防御+36,
4041,爪黄飞电,4,68,4,1,1,1000000,4041,我的爪不是黄色的，哼！,,3000,,,生命上限加值#368#攻击加值#97#防御加值#45,生命+368\n攻击+97\n防御+45,
4042,的卢,4,68,4,1,1,1000000,4042,马作的卢飞快，弓如霹雳弦惊。,,3000,,,生命上限加值#460#攻击加值#76#防御加值#60,生命+460\n攻击+76\n防御+60,
4043,无字天书,4,40,4,1,1,1000000,4043,上面什么也没有,,3000,,,生命上限加值#115#攻击加值#62#防御加值#15#破击加值#10,生命+115\n攻击+62\n防御+15\n破击+1%,
4044,黄帝内经,4,50,4,1,1,1000000,4044,没有我不知道的病,,3000,,,攻击加值#112#破击加值#10,攻击+112\n破击+1%,
4045,本草纲目,4,55,4,1,1,1000000,4045,山药当归枸杞 GO,,3000,,,生命上限加值#598#破击加值#10,生命+598\n破击+1%,
4046,金瓶梅,4,55,4,1,1,1000000,4046,你有十八岁么？,,3000,,,攻击加值#156#韧性加值#10,攻击+156\n韧性+1%,
4047,洛神赋,4,60,4,1,1,1000000,4047,仿佛兮若轻云之蔽月，飘u兮若流风之回雪,,3000,,,攻击加值#187#破击加值#10,攻击+187\n破击+1%,
4048,龙井,4,52,4,1,1,1000000,4048,好茶，真是好茶啊,,3000,,,攻击加值#119#暴击加值#10,攻击+119\n暴击+1%,
4049,碧螺春,4,62,4,1,1,1000000,4049,温水煮青蛙,,3000,,,攻击加值#154#暴击加值#10,攻击+154\n暴击+1%,
4050,桂花酒,4,72,4,1,1,1000000,4050,吴刚喝了此酒，调戏嫦娥，被罚在月亮上砍树,,3000,,,攻击加值#231#暴击加值#10,攻击+231\n暴击+1%,
4051,竹叶青,4,82,4,1,1,1000000,4051,猫在哪里，我打死他――喝了竹叶青的老鼠,,3000,,,攻击加值#301#暴击加值#10,攻击+301\n暴击+1%,
4052,女儿红,4,92,4,1,1,1000000,4052,莫贪杯，小心醉,,3000,,,攻击加值#391#暴击加值#10,攻击+391\n暴击+1%,
4053,绕梁,4,29,3,1,1,1000000,4053,余音绕梁，三日不绝,,3000,,,攻击加值#58#防御加值#29#命中附加值#10#暴击加值#10,攻击+58\n防御+29\n命中+1%\n暴击+1%,
4054,九霄环佩,4,39,3,1,1,1000000,4054,烦恼什么的，抛到九霄云外去吧,,3000,,,攻击加值#86#防御加值#43#命中附加值#10#暴击加值#10,攻击+86\n防御+43\n命中+1%\n暴击+1%,
4055,大圣遗音,4,49,4,1,1,1000000,4055,大圣放了一个屁,,3000,,,攻击加值#121#防御加值#60#命中附加值#10#暴击加值#10,攻击+121\n防御+60\n命中+1%\n暴击+1%,
4056,太古遗音,4,59,4,1,1,1000000,4056,不负如来不负卿,,3000,,,攻击加值#157#防御加值#79#命中附加值#10#暴击加值#10,攻击+157\n防御+79\n命中+1%\n暴击+1%,
4057,返老还童丹,4,37,3,1,1,1000000,4057,年轻人最好别吃,,3000,,,生命上限加值#311#防御加值#25#韧性加值#10,生命+311\n防御+25\n韧性+1%,
4058,豹胎易筋丸,4,47,3,1,1,1000000,4058,你肯定笑了！,,3000,,,生命上限加值#404#防御加值#37#韧性加值#10,生命+404\n防御+37\n韧性+1%,
4059,无极仙丹,4,57,4,1,1,1000000,4059,你想升仙么,,3000,,,生命上限加值#526#防御加值#52#韧性加值#10,生命+526\n防御+52\n韧性+1%,
4060,荆轲刺秦棋,4,51,4,1,1,1000000,4060,对秦王和荆轲而言，这是一个矛盾的物品,,3000,,,攻击加值#94#防御加值#16,攻击+94\n防御+16,
4061,江正玄玉墨,4,53,4,1,1,1000000,4061,入木三分,,3000,,,攻击加值#132#防御加值#30#韧性加值#10,攻击+132\n防御+30\n韧性+1%,
4062,檀香木,4,54,4,1,1,1000000,4062,香气逼人,,3000,,,生命上限加值#506#韧性加值#10,生命+506\n韧性+1%,
4063,天外陨石,4,58,4,1,1,1000000,4063,恐龙灭绝的罪魁祸首,,3000,,,攻击加值#144#韧性加值#10,攻击+144\n韧性+1%,
4064,夜明珠,4,61,4,1,1,1000000,4064,据说里面有很多萤火虫,,3000,,,生命上限加值#466#攻击加值#94,生命+466\n攻击+94,
4065,和氏璧,4,62,4,1,1,1000000,4065,易碎，请小心,,3000,,,生命上限加值#359#攻击加值#94#防御加值#47,生命+359\n攻击+94\n防御+47,
4066,百花齐放,4,71,4,1,1,1000000,4066,带上去直接美瞎,,3000,,,攻击加值#271#防御加值#90,攻击+271\n防御+90,
4067,姹紫嫣红,4,75,4,1,1,1000000,4067,你见过的颜色这里有，你没见过的颜色这里也有。,,3000,,,生命上限加值#1076#攻击加值#180#防御加值#60,生命+1076\n攻击+180\n防御+60,
4068,长生果,4,73,4,1,1,1000000,4068,吃我呀,,3000,,,生命上限加值#920#韧性加值#10,生命+920\n韧性+1%,
4069,千年人参,4,74,4,1,1,1000000,4069,特补,,3000,,,生命上限加值#736#攻击加值#30#防御加值#12#韧性加值#10,生命+736\n攻击+30\n防御+12\n韧性+1%,
4070,龙涎香,4,76,4,1,1,1000000,4070,龙的口水很香吗,,3000,,,生命上限加值#460#攻击加值#120#韧性加值#10,生命+460\n攻击+120\n韧性+1%,
4071,金翅大鹏,4,88,5,1,1,1000000,4071,我是大鹏，不是潘,,4000,,,生命上限加值#672#攻击加值#211#防御加值#88,生命+672\n攻击+211\n防御+88,
4072,白泽,4,88,5,1,1,1000000,4072,上知天文，下知地理,,4000,,,生命上限加值#616#攻击加值#240#防御加值#70,生命+616\n攻击+240\n防御+70,
4073,九婴 ,4,88,5,1,1,1000000,4073,我能一个打九个,,4000,,,生命上限加值#644#攻击加值#230#防御加值#72,生命+644\n攻击+230\n防御+72,
4074,九尾狐,4,88,5,1,1,1000000,4074,别数我的尾巴，真的有九条！,,4000,,,生命上限加值#736#攻击加值#194#防御加值#90,生命+736\n攻击+194\n防御+90,
4075,金毛狮王,4,88,5,1,1,1000000,4075,土豪坐骑,,4000,,,生命上限加值#920#攻击加值#151#防御加值#120,生命+920\n攻击+151\n防御+120,
4076,易筋经,4,70,5,1,1,1000000,4076,没有武学天赋不要紧，有我就行,,4000,,,生命上限加值#345#攻击加值#243#防御加值#45#破击加值#10,生命+345\n攻击+243\n防御+45\n破击+1%,
4077,道德经,4,80,5,1,1,1000000,4077,道可道，非常道,,4000,,,生命上限加值#460#攻击加值#316#防御加值#60#破击加值#10,生命+460\n攻击+316\n防御+60\n破击+1%,
4078,鬼谷子,4,90,5,1,1,1000000,4078,苍生涂涂，天下缭燎，诸子百家，唯我纵横。,,4000,,,攻击加值#411#破击加值#10,攻击+411\n破击+1%,
4079,孙子兵法,4,100,5,1,1,1000000,4079,我最爱美人计，啦啦啦,,4000,,,攻击加值#535#破击加值#10,攻击+535\n破击+1%,
4080,清明上河图,4,105,5,1,1,1000000,4080,虚虚实实，真真假假，谁又能分得清？,,4000,,,生命上限加值#2050#韧性加值#10,生命+2050\n韧性+1%,
4081,杜康酿,4,102,5,1,1,1000000,4081,何以解忧，唯有杜康,,4000,,,攻击加值#508#暴击加值#10,攻击+508\n暴击+1%,
4082,缥醪,4,112,5,1,1,1000000,4082,我赌一个V15，你绝对不认识这个字？,,4000,,,攻击加值#661#暴击加值#10,攻击+661\n暴击+1%,
4083,屠苏,4,118,5,1,1,1000000,4083,在元旦那天喝，效果更佳,,4000,,,攻击加值#859#暴击加值#10,攻击+859\n暴击+1%,
4084,柯亭笛,4,69,4,1,1,1000000,4084,用柯亭竹所制的笛子，所以叫柯亭笛,,4000,,,攻击加值#204#防御加值#102#命中附加值#10#暴击加值#10,攻击+204\n防御+102\n命中+1%\n暴击+1%,
4085,高山流水,4,79,4,1,1,1000000,4085,伯牙与钟子期的故事,,4000,,,攻击加值#266#防御加值#133#命中附加值#10#暴击加值#10,攻击+266\n防御+133\n命中+1%\n暴击+1%,
4086,渔舟唱晚,4,89,4,1,1,1000000,4086,“渔舟唱晚，响穷彭蠡之滨”,,4000,,,攻击加值#319#防御加值#159#命中附加值#10#暴击加值#10,攻击+319\n防御+159\n命中+1%\n暴击+1%,
4087,九转金丹,4,67,4,1,1,1000000,4087,炼制九九八十一天而成,,4000,,,生命上限加值#683#防御加值#68#韧性加值#10,生命+683\n防御+68\n韧性+1%,
4088,飘渺仙丹,4,77,4,1,1,1000000,4088,包治百病，治不好你打我,,4000,,,生命上限加值#888#防御加值#89#韧性加值#10,生命+888\n防御+89\n韧性+1%,
4089,涅丹,4,87,4,1,1,1000000,4089,死成渣也不要紧,,4000,,,生命上限加值#1155#防御加值#115#韧性加值#10,生命+1155\n防御+115\n韧性+1%,
4090,将军令,4,80,4,1,1,1000000,4090,神将专属,,4000,,,生命上限加值#655#攻击加值#206#防御加值#85#韧性加值#10#破击加值#20,生命+655\n攻击+206\n防御+85\n韧性+1%\n破击+2%,
4091,七巧玲珑,4,80,4,1,1,1000000,4091,谋士专属,,4000,,,生命上限加值#601#攻击加值#234#防御加值#68#暴击加值#10#韧性加值#20#破击加值#20,生命+601\n攻击+234\n防御+68\n暴击+1%\n韧性+2%\n破击+2%,
4092,阎罗令,4,81,4,1,1,1000000,4092,刺客专属,,4000,,,生命上限加值#628#攻击加值#225#防御加值#70#命中附加值#20#暴击加值#10#韧性加值#20,生命+628\n攻击+225\n防御+70\n命中+2%\n暴击+1%\n韧性+2%,
4093,群侠令,4,82,4,1,1,1000000,4093,豪侠专属,,4000,,,生命上限加值#718#攻击加值#190#防御加值#88#闪避附加值#20#韧性加值#10,生命+718\n攻击+190\n防御+88\n闪避+2%\n韧性+1%,
4094,传国玉玺,4,82,4,1,1,1000000,4094,皇帝专属,,4000,,,生命上限加值#897#攻击加值#147#防御加值#117#命中附加值#10#抵挡加值#20,生命+897\n攻击+147\n防御+117\n命中+1%\n抵挡+2%,
4095,金刚菩提子,4,91,4,1,1,1000000,4095,摧毁一切邪恶之力,,4000,,,生命上限加值#718#攻击加值#234#防御加值#94,生命+718\n攻击+234\n防御+94,
4096,女娲石,4,101,5,1,1,1000000,4096,内含女娲娘娘万年修为,,4000,,,生命上限加值#933#攻击加值#304#防御加值#122,生命+933\n攻击+304\n防御+122,
4097,定海珠,4,102,5,1,1,1000000,4097,定海珠一共有24颗，衍生出24诸天,,4000,,,生命上限加值#690#攻击加值#468,生命+690\n攻击+468,
4098,人参果,4,93,5,1,1,1000000,4098,三千年一开花，三千年一结果，三千年一成熟,,4000,,,生命上限加值#1150#韧性加值#10,生命+1150\n韧性+1%,
4099,彼岸花,4,94,5,1,1,1000000,4099,请别回头,,4000,,,生命上限加值#690#攻击加值#120#韧性加值#10,生命+690\n攻击+120\n韧性+1%,
4100,金丝楠木,4,95,5,1,1,1000000,4100,可埋葬于地下千年而不朽,,4000,,,生命上限加值#920#防御加值#60#韧性加值#10,生命+920\n防御+60\n韧性+1%,
4101,穷奇,4,108,5,1,1,1000000,4101,上古四凶之一,,5000,,,生命上限加值#1343#攻击加值#422#防御加值#175,生命+1343\n攻击+422\n防御+175,
4102,饕餮,4,108,5,1,1,1000000,4102,上古四凶之一,,5000,,,生命上限加值#1233#攻击加值#480#防御加值#139,生命+1233\n攻击+480\n防御+139,
4103,桃杌,4,108,5,1,1,1000000,4103,上古四凶之一,,5000,,,生命上限加值#1288#攻击加值#461#防御加值#144,生命+1288\n攻击+461\n防御+144,
4104,混沌 ,4,108,5,1,1,1000000,4104,上古四凶之一,,5000,,,生命上限加值#1472#攻击加值#389#防御加值#180,生命+1472\n攻击+389\n防御+180,
4105,貔貅,4,108,5,1,1,1000000,4105,只进不出,,5000,,,生命上限加值#1840#攻击加值#302#防御加值#240,生命+1840\n攻击+302\n防御+240,
4106,山海经,4,110,5,1,1,1000000,4106,没有我不认识的怪兽,,5000,,,攻击加值#642#暴击加值#10#破击加值#20,攻击+642\n暴击+1%\n破击+2%,
4107,江山社稷图,4,115,5,1,1,1000000,4107,得此图者得天下,,5000,,,生命上限加值#2705#韧性加值#30#护甲加值#30,生命+2705\n韧性+3%\n伤害减免+3%,
4108,鸿钧传道图,4,120,5,1,1,1000000,4108,领悟一点，即可升天,,5000,,,攻击加值#847#暴击加值#10#破击加值#20,攻击+847\n暴击+1%\n破击+2%,
4109,伏羲琴,4,99,5,1,1,1000000,4109,纵使你是一个声乐废材，我也能让你变成天才,,5000,,,攻击加值#415#防御加值#207#命中附加值#10#暴击加值#10,攻击+415\n防御+207\n命中+1%\n暴击+1%,
4110,东皇,4,109,5,1,1,1000000,4110,传闻它是天界之门,,5000,,,攻击加值#539#防御加值#269#命中附加值#10#暴击加值#10,攻击+539\n防御+269\n命中+1%\n暴击+1%,
4111,太子长琴,4,119,5,1,1,1000000,4111,有没有搞错，我是火神祝融的儿子，不是琴,,5000,,,攻击加值#701#防御加值#350#命中附加值#10#暴击加值#10,攻击+701\n防御+350\n命中+1%\n暴击+1%,
4112,生生造化丹,4,97,5,1,1,1000000,4112,让你够持久,,5000,,,生命上限加值#1501#防御加值#150#韧性加值#10#抵挡加值#10,生命+1501\n防御+150\n韧性+1%\n抵挡+1%,
4113,九转还魂丹,4,107,5,1,1,1000000,4113,请务必保存好你的肉身,,5000,,,生命上限加值#1951#防御加值#195#韧性加值#10#抵挡加值#10,生命+1951\n防御+195\n韧性+1%\n抵挡+1%,
4114,天魂融血丹,4,117,5,1,1,1000000,4114,我也不知道怎么使用，你试一试就知道了,,5000,,,生命上限加值#2537#防御加值#253#韧性加值#10#抵挡加值#10,生命+2537\n防御+253\n韧性+1%\n抵挡+1%,
4115,炼妖壶,4,112,5,1,1,1000000,4115,妖怪，哪里逃,,5000,,,生命上限加值#1703#攻击加值#535#防御加值#222#命中附加值#30#破击加值#30,生命+1703\n攻击+535\n防御+222\n命中+3%\n破击+3%,
4116,乾坤袋,4,113,5,1,1,1000000,4116,装得下，世界就是你的,,5000,,,生命上限加值#1563#攻击加值#608#防御加值#176#暴击加值#20#韧性加值#30#破击加值#30,生命+1563\n攻击+608\n防御+176\n暴击+2%\n韧性+3%\n破击+3%,
4117,崆峒印,4,114,5,1,1,1000000,4117,保你不死，除非你作死！,,5000,,,生命上限加值#1633#攻击加值#584#防御加值#183#命中附加值#30#暴击加值#20#韧性加值#30,生命+1633\n攻击+584\n防御+183\n命中+3%\n暴击+2%\n韧性+3%,
4118,玲珑塔,4,115,5,1,1,1000000,4118,塔虽小，但却可以镇压妖魔鬼怪,,5000,,,生命上限加值#1866#攻击加值#493#防御加值#228#闪避附加值#30#韧性加值#30,生命+1866\n攻击+493\n防御+228\n闪避+3%\n韧性+3%,
4119,昆仑镜,4,116,5,1,1,1000000,4119,你想要变漂亮吗，那请你照我吧,,5000,,,生命上限加值#2332#攻击加值#383#防御加值#304#韧性加值#20#抵挡加值#30,生命+2332\n攻击+383\n防御+304\n韧性+2%\n抵挡+3%,
4120,失却之阵,4,119,5,1,1,1000000,4120,如果让你死亡，那不是在侮辱我么。,,5000,,,生命上限加值#2760#攻击加值#720#防御加值#360#破甲加值#30,生命+2760\n攻击+720\n防御+360\n攻击加成+3%,
4121,万年灵乳,4,96,5,1,1,1000000,4121,满血复活，瞬间满蓝满魔,,5000,,,生命上限加值#805#攻击加值#210#防御加值#105#韧性加值#10,生命+805\n攻击+210\n防御+105\n韧性+1%,
4122,混沌石,4,97,5,1,1,1000000,4122,我很硬，不信你拿砖头砸我试一试,,5000,,,攻击加值#600#命中附加值#20#暴击加值#10,攻击+600\n命中+2%\n暴击+1%,
4123,世界之树,4,98,5,1,1,1000000,4123,给我一根树枝，我能兑换整个地球,,5000,,,生命上限加值#2300#抵挡加值#20#护甲加值#30,生命+2300\n抵挡+2%\n伤害减免+3%,
4124,五牛图残章,4,0,3,1,1,1000000,4124,集齐5个五牛图残章可以合成五牛图,,400,43#70#98,,,,
4125,黄花梨木碎片,4,0,3,1,1,1000000,4125,集齐5个黄花梨木碎片可以合成黄花梨木,,400,27#79#124,,,,
4126,和田玉碎片,4,0,3,1,1,1000000,4126,集齐5个和田玉碎片可以合成和田玉,,400,86#136#252,,,,
4127,无字天书碎片,4,0,4,1,1,1000000,4127,集齐20个《无字天书》碎片可以合成《无字天书》,,600,55#90#130,,,,
4128,檀香木碎片,4,0,4,1,1,1000000,4128,集齐20个檀香木碎片可以合成檀香木,,600,87#126#258,,,,
4129,天外陨石碎片,4,0,4,1,1,1000000,4129,集齐20个天外陨石碎片可以合成天外陨石,,600,88#138#257,,,,
4130,夜明珠碎片,4,0,4,1,1,1000000,4130,集齐20个夜明珠碎片可以合成夜明珠,,600,83#134#214,,,,
4131,长生果碎片,4,0,4,1,1,1000000,4131,集齐20个长生果碎片可以合成长生果,,600,158#228#265,,,,
4132,千年人参碎片,4,0,4,1,1,1000000,4132,集齐20个千年人参碎片可以合成千年人参,,600,174#198#248,,,,
4133,龙涎香碎片,4,0,4,1,1,1000000,4133,集齐25个龙涎香碎片可以合成龙涎香,,600,155#201#247,,,,
4134,易筋经碎片,4,0,5,1,1,1000000,4134,集齐50个《易筋经》碎片可以合成《易筋经》,,800,190#197#242,,,,
4135,道德经碎片,4,0,5,1,1,1000000,4135,集齐50个《道德经》碎片可以合成《道德经》,,800,192#206#262,,,,
4136,鬼谷子碎片,4,0,5,1,1,1000000,4136,集齐50个《鬼谷子》碎片可以合成《鬼谷子》,,800,342#345#360,,,,
4137,孙子兵法碎片,4,0,5,1,1,1000000,4137,集齐60个《孙子兵法》碎片可以合成《孙子兵法》,,800,270#328#346,,,,
4138,女娲石碎片,4,0,5,1,1,1000000,4138,集齐60个女娲石碎片可以合成女娲石,,800,287#347#366,,,,
4139,人生果碎片,4,0,5,1,1,1000000,4139,集齐60个人参果碎片可以合成人参果,,800,276#339#373,,,,
4140,彼岸花碎片,4,0,5,1,1,1000000,4140,集齐60个彼岸花碎片可以合成彼岸花,,800,298#307#333,,,,
4141,金丝楠木碎片,4,0,5,1,1,1000000,4141,集齐60个金丝楠木碎片可以合成金丝楠木,,800,324#351#376,,,,
4142,万年灵乳碎片,4,0,5,1,1,1000000,4142,集齐60个万年灵乳碎片可以合成万年灵乳,,1000,303#330#363,,,,
4143,混沌石碎片,4,0,5,1,1,1000000,4143,集齐60个混沌石碎片可以合成混沌石,,1000,292#327#355,,,,
4144,世界之树碎片,4,0,5,1,1,1000000,4144,集齐60个世界之树碎片可以合成世界之树,,1000,266#301#356,,,,
4145,赤兔胭脂卷轴,4,0,4,1,1,1000000,4145,内部封印着特殊能量，是合成赤兔胭脂所必须的材料,,3000,,,,,
4146,追风卷轴,4,0,4,1,1,1000000,4146,内部封印着特殊能量，是合成追风所必须的材料,,3000,,,,,
4147,绝影卷轴,4,0,4,1,1,1000000,4147,内部封印着特殊能量，是合成绝影所必须的材料,,3000,,,,,
4148,爪黄飞电卷轴,4,0,4,1,1,1000000,4148,内部封印着特殊能量，是合成爪黄飞电所必须的材料,,3000,,,,,
4149,的卢卷轴,4,0,4,1,1,1000000,4149,内部封印着特殊能量，是合成的卢所必须的材料,,3000,,,,,
4150,桂花酒谱,4,0,4,1,1,1000000,4150,内部封印着特殊能量，是合成桂花酒所必须的材料,,3000,,,,,
4151,竹叶青酒谱,4,0,4,1,1,1000000,4151,内部封印着特殊能量，是合成竹叶青所必须的材料,,3000,,,,,
4152,女儿红酒谱,4,0,4,1,1,1000000,4152,内部封印着特殊能量，是合成女儿红所必须的材料,,3000,,,,,
4153,金翅大鹏卷轴,4,0,5,1,1,1000000,4153,内部封印着特殊能量，是合成金翅大鹏所必须的材料,,4000,,,,,
4154,白泽卷轴,4,0,5,1,1,1000000,4154,内部封印着特殊能量，是合成白泽所必须的材料,,4000,,,,,
4155,九婴卷轴,4,0,5,1,1,1000000,4155,内部封印着特殊能量，是合成九婴所必须的材料,,4000,,,,,
4156,九尾狐卷轴,4,0,5,1,1,1000000,4156,内部封印着特殊能量，是合成九尾狐所必须的材料,,4000,,,,,
4157,金毛狮王卷轴,4,0,5,1,1,1000000,4157,内部封印着特殊能量，是合成金毛狮王所必须的材料,,4000,,,,,
4158,杜康酿酒谱,4,0,5,1,1,1000000,4158,内部封印着特殊能量，是合成杜康酿所必须的材料,,4000,,,,,
4159,缥醪酒谱,4,0,5,1,1,1000000,4159,内部封印着特殊能量，是合成缥醪所必须的材料,,4000,,,,,
4160,屠苏酒谱,4,0,5,1,1,1000000,4160,内部封印着特殊能量，是合成屠苏所必须的材料,,4000,,,,,
4161,柯亭笛卷轴,4,0,4,1,1,1000000,4161,内部封印着特殊能量，是合成柯亭笛所必须的材料,,3000,,,,,
4162,高山流水卷轴,4,0,4,1,1,1000000,4162,内部封印着特殊能量，是合成高山流水所必须的材料,,3000,,,,,
4163,渔舟唱晚卷轴,4,0,4,1,1,1000000,4163,内部封印着特殊能量，是合成渔舟唱晚所必须的材料,,3000,,,,,
4164,飘渺仙丹卷轴,4,0,4,1,1,1000000,4164,内部封印着特殊能量，是合成飘渺仙丹所必须的材料,,3000,,,,,
4165,涅丹卷轴,4,0,4,1,1,1000000,4165,内部封印着特殊能量，是合成涅丹所必须的材料,,3000,,,,,
4166,将军令卷轴,4,0,4,1,1,1000000,4166,内部封印着特殊能量，是合成将军令所必须的材料,,3000,,,,,
4167,七巧玲珑卷轴,4,0,4,1,1,1000000,4167,内部封印着特殊能量，是合成七巧玲珑所必须的材料,,3000,,,,,
4168,阎罗令卷轴,4,0,4,1,1,1000000,4168,内部封印着特殊能量，是合成阎罗令所必须的材料,,3000,,,,,
4169,群侠令卷轴,4,0,4,1,1,1000000,4169,内部封印着特殊能量，是合成群侠令所必须的材料,,3000,,,,,
4170,传国玉玺卷轴,4,0,4,1,1,1000000,4170,内部封印着特殊能量，是合成传国玉玺所必须的材料,,3000,,,,,
4171,定海珠卷轴,4,0,5,1,1,1000000,4171,内部封印着特殊能量，是合成定海珠所必须的材料,,4000,,,,,
4172,赤兔胭脂卷轴碎片,4,0,4,1,1,1000000,4172,集齐10个赤兔胭脂卷轴碎片可以合成赤兔胭脂卷轴,,300,151#191#249,,,,
4173,追风卷轴碎片,4,0,4,1,1,1000000,4173,集齐10个追风卷轴碎片可以合成追风卷轴,,300,163#239#255,,,,
4174,绝影卷轴碎片,4,0,4,1,1,1000000,4174,集齐10个绝影卷轴碎片可以合成绝影卷轴,,300,161#187#218,,,,
4175,爪黄飞电卷轴碎片,4,0,4,1,1,1000000,4175,集齐10个爪黄飞电卷轴碎片可以合成爪黄飞电卷轴,,300,210#233#238,,,,
4176,的卢卷轴碎片,4,0,4,1,1,1000000,4176,集齐10个的卢卷轴碎片可以合成的卢卷轴,,300,156#182#215,,,,
4177,桂花酒谱碎片,4,0,4,1,1,1000000,4177,集齐10个桂花酒谱碎片可以合成桂花酒谱,,300,213#225#256,,,,
4178,竹叶青酒谱碎片,4,0,4,1,1,1000000,4178,集齐10个竹叶青酒谱碎片可以合成竹叶青酒谱,,300,283#302#349,,,,
4179,女儿红酒谱碎片,4,0,4,1,1,1000000,4179,集齐10个女儿红酒谱碎片可以合成女儿红酒谱,,300,272#329#378,,,,
4180,金翅大鹏卷轴碎片,4,0,5,1,1,1000000,4180,集齐50个金翅大鹏卷轴碎片可以合成金翅大鹏卷轴,,400,320#350#379,,,,
4181,白泽卷轴碎片,4,0,5,1,1,1000000,4181,集齐50个白泽卷轴碎片可以合成白泽卷轴,,400,293#313#369,,,,
4182,九婴卷轴碎片,4,0,5,1,1,1000000,4182,集齐50个九婴卷轴碎片可以合成九婴卷轴,,400,280#311#344,,,,
4183,九尾狐卷轴碎片,4,0,5,1,1,1000000,4183,集齐50个九尾狐卷轴碎片可以合成九尾狐卷轴,,400,279#317#341,,,,
4184,金毛狮王卷轴碎片,4,0,5,1,1,1000000,4184,集齐50个金毛狮王卷轴碎片可以合成金毛狮王卷轴,,400,281#334#367,,,,
4185,杜康酿酒谱碎片,4,0,5,1,1,1000000,4185,集齐50个杜康酿酒谱碎片可以合成杜康酿酒谱,,400,269#316#354,,,,
4186,缥醪酒谱碎片,4,0,5,1,1,1000000,4186,集齐50个缥醪酒谱碎片可以合成缥醪酒谱,,400,274#323#368,,,,
4187,屠苏酒谱碎片,4,0,5,1,1,1000000,4187,集齐50个屠苏酒谱碎片可以合成屠苏酒谱,,400,305#338#370,,,,
4188,柯亭笛卷轴碎片,4,0,4,1,1,1000000,4188,集齐25个柯亭笛卷轴碎片可以合成柯亭笛卷轴,,300,152#200#260,,,,
4189,高山流水卷轴碎片,4,0,4,1,1,1000000,4189,集齐25个高山流水卷轴碎片可以合成高山流水卷轴,,300,176#211#246,,,,
4190,渔舟唱晚卷轴碎片,4,0,4,1,1,1000000,4190,集齐25个渔舟唱晚卷轴碎片可以合成渔舟唱晚卷轴,,300,273#310#371,,,,
4191,飘渺仙丹卷轴碎片,4,0,4,1,1,1000000,4191,集齐25个飘渺仙丹卷轴碎片可以合成飘渺仙丹卷轴,,300,159#208#229,,,,
4192,涅丹卷轴碎片,4,0,4,1,1,1000000,4192,集齐25个涅丹卷轴碎片可以合成涅丹卷轴,,300,284#318#364,,,,
4193,将军令卷轴碎片,4,0,4,1,1,1000000,4193,集齐25个将军令卷轴碎片可以合成将军令卷轴,,300,160#199#263,,,,
4194,七巧玲珑卷轴碎片,4,0,4,1,1,1000000,4194,集齐25个七巧玲珑卷轴碎片可以合成七巧玲珑卷轴,,300,153#183#264,,,,
4195,阎罗令卷轴碎片,4,0,4,1,1,1000000,4195,集齐25个阎罗令卷轴碎片可以合成阎罗令卷轴,,300,268#278#290,,,,
4196,群侠令卷轴碎片,4,0,4,1,1,1000000,4196,集齐25个群侠令卷轴碎片可以合成群侠令卷轴,,300,267#332#361,,,,
4197,传国玉玺卷轴碎片,4,0,4,1,1,1000000,4197,集齐25个传国玉玺卷轴碎片可以合成传国玉玺卷轴,,300,285#309#372,,,,
4198,定海珠卷轴碎片,4,0,5,1,1,1000000,4198,集齐50个定海珠卷轴碎片可以合成定海珠卷轴,,400,286#348#362,,,,
4199,天山圣水碎片,4,0,3,1,1,1000000,4199,集齐5个天山圣水碎片可以合成天山圣水,,200,34#66#89,,,,
4200,葡萄酒碎片,4,0,3,1,1,1000000,4200,集齐5个葡萄酒碎片可以合成葡萄酒,,200,90#117#227,,,,
4201,长寿玉佩碎片,4,0,3,1,1,1000000,4201,集齐10个长寿玉佩碎片可以合成长寿玉佩,,200,37#58#79,,,,
4202,本草纲目卷轴,4,0,4,1,1,1000000,4202,内部封印着特殊能量，是合成《本草纲目》所必须的材料,,3000,,,,,
4203,金瓶梅卷轴,4,0,4,1,1,1000000,4203,内部封印着特殊能量，是合成《金瓶梅》所必须的材料,,3000,,,,,
4204,洛神赋卷轴,4,0,4,1,1,1000000,4204,内部封印着特殊能量，是合成洛神赋所必须的材料,,3000,,,,,
4205,太古遗音卷轴,4,0,4,1,1,1000000,4205,内部封印着特殊能量，是合成太古遗音所必须的材料,,3000,,,,,
4206,豹胎易筋丸卷轴,4,0,3,1,1,1000000,4206,内部封印着特殊能量，是合成豹胎易筋丸所必须的材料,,2000,,,,,
4207,无极仙丹卷轴,4,0,4,1,1,1000000,4207,内部封印着特殊能量，是合成无极仙丹所必须的材料,,3000,,,,,
4208,清明上河图卷轴,4,0,5,1,1,1000000,4208,内部封印着特殊能量，是合成清明上河图所必须的材料,,4000,,,,,
4209,杜康酿卷轴（废弃）,4,0,5,1,1,1000000,4209,内部封印着特殊能量，是合成杜康酿所必须的材料,,4000,,,,,
4210,江正玄玉墨卷轴,4,0,4,1,1,1000000,4210,内部封印着特殊能量，是合成江正玄玉墨所必须的材料,,3000,,,,,
4211,屠苏卷轴（废弃）,4,0,5,1,1,1000000,4211,内部封印着特殊能量，是合成屠苏所必须的材料,,4000,,,,,
4212,和氏璧卷轴,4,0,4,1,1,1000000,4212,内部封印着特殊能量，是合成和氏璧所必须的材料,,3000,,,,,
4213,百花齐放卷轴,4,0,4,1,1,1000000,4213,内部封印着特殊能量，是合成百花齐放所必须的材料,,3000,,,,,
4214,姹紫嫣红卷轴,4,0,4,1,1,1000000,4214,内部封印着特殊能量，是合成姹紫嫣红所必须的材料,,3000,,,,,
4215,九转金丹卷轴,4,0,4,1,1,1000000,4215,内部封印着特殊能量，是合成九转金丹所必须的材料,,3000,,,,,
4216,伏羲琴卷轴,4,0,5,1,1,1000000,4216,内部封印着特殊能量，是合成伏羲琴所必须的材料,,4000,,,,,
4217,生生造化丹卷轴,4,0,5,1,1,1000000,4217,内部封印着特殊能量，是合成生生造化丹所必须的材料,,4000,,,,,
4218,本草纲目卷轴碎片,4,0,4,1,1,1000000,4218,集齐20个《本草纲目》卷轴碎片可以合成《本草纲目》卷轴,,300,88#110#160,,,,
4219,金瓶梅卷轴碎片,4,0,4,1,1,1000000,4219,集齐20个《金瓶梅》卷轴碎片可以合成《金瓶梅》卷轴,,300,93#115#169,,,,
4220,洛神赋卷轴碎片,4,0,4,1,1,1000000,4220,集齐20个洛神赋卷轴碎片可以合成洛神赋卷轴,,300,96#121#174,,,,
4221,太古遗音卷轴碎片,4,0,4,1,1,1000000,4221,集齐20个太古遗音卷轴碎片可以合成太古遗音卷轴,,300,94#127#179,,,,
4222,豹胎易筋丸卷轴碎片,4,0,3,1,1,1000000,4222,集齐10个豹胎易筋丸卷轴碎片可以合成豹胎易筋丸卷轴,,200,87#113#184,,,,
4223,无极仙丹卷轴碎片,4,0,4,1,1,1000000,4223,集齐20个无极仙丹卷轴碎片可以合成无极仙丹卷轴,,300,99#132#157,,,,
4224,清明上河图卷轴碎片,4,0,5,1,1,1000000,4224,集齐50个清明上河图卷轴碎片可以合成清明上河图卷轴,,400,254#305#357,,,,
4225,杜康酿卷轴（废弃）碎片,4,0,5,1,1,1000000,4225,集齐50个杜康酿卷轴碎片可以合成杜康酿卷轴,,400,271#313#360,,,,
4226,江正玄玉墨卷轴碎片,4,0,4,1,1,1000000,4226,集齐25个江正玄玉墨卷轴碎片可以合成江正玄玉墨卷轴,,300,98#123#189,,,,
4227,屠苏卷轴（废弃）碎片,4,0,5,1,1,1000000,4227,集齐50个屠苏卷轴碎片可以合成屠苏卷轴,,400,268#315#336,,,,
4228,和氏璧卷轴碎片,4,0,4,1,1,1000000,4228,集齐25个和氏璧卷轴碎片可以合成和氏璧卷轴,,300,108#139#194,,,,
4229,百花齐放卷轴碎片,4,0,4,1,1,1000000,4229,集齐25个百花齐放卷轴碎片可以合成百花齐放卷轴,,300,151#207#244,,,,
4230,姹紫嫣红卷轴碎片,4,0,4,1,1,1000000,4230,集齐25个姹紫嫣红卷轴碎片可以合成姹紫嫣红卷轴,,300,168#200#259,,,,
4231,九转金丹卷轴碎片,4,0,4,1,1,1000000,4231,集齐25个九转金丹卷轴碎片可以合成九转金丹卷轴,,300,148#191#229,,,,
4232,伏羲琴卷轴碎片,4,0,5,1,1,1000000,4232,集齐50个伏羲琴卷轴碎片可以合成伏羲琴卷轴,,400,290#321#367,,,,
4233,生生造化丹卷轴碎片,4,0,5,1,1,1000000,4233,集齐50个生生造化丹卷轴碎片可以合成生生造化丹卷轴,,400,307#332#362,,,,
10001,血晶,0,1,3,1,1,1000000,10001,神兽升阶所需基础材料,神兽钟爱的食物之一，晶石布满细密的血线，故名血晶。据传为上古神兽精血所化。,1000,,,,,
10002,圣魂石,0,1,4,1,1,1000000,10002,神兽升阶所需中级材料,珍惜少见的神秘宝石，内部封印着上古神兽的残魂，神兽吞噬后可大大提升自身力量。,1000,,,,,
10003,蝶仙之魂,0,1,4,1,1,1000000,10003,进阶所必须的材料,可在九天幻境的宝箱开出,1000,,,,,
10004,陵鱼之魂,0,1,4,1,1,1000000,10004,"召唤与进阶所必须的材料,集齐一定数量后可用于召唤",可在九天幻境的宝箱开出,2000,,,,,
10005,龙女之魂,0,1,4,1,1,1000000,10005,"召唤与进阶所必须的材料,集齐一定数量后可用于召唤",可在九天幻境的宝箱开出,3000,,,,,
10006,旱魃之魂,0,1,4,1,1,1000000,10006,"召唤与进阶所必须的材料,集齐一定数量后可用于召唤",可在九天幻境的宝箱开出,4000,,,,,
10007,天狐之魂,0,1,4,1,1,1000000,10007,"召唤与进阶所必须的材料,集齐一定数量后可用于召唤",可在九天幻境的宝箱开出,5000,,,,,
10008,青鸾之魂,0,1,4,1,1,1000000,10008,"召唤与进阶所必须的材料,集齐一定数量后可用于召唤",可在九天幻境的宝箱开出,6000,,,,,
10009,白虎之魂,0,1,4,1,1,1000000,10009,"召唤与进阶所必须的材料,集齐一定数量后可用于召唤",可在九天幻境的宝箱开出,7000,,,,,
10010,朱雀之魂,0,1,4,1,1,1000000,10010,"召唤与进阶所必须的材料,集齐一定数量后可用于召唤",可在九天幻境的宝箱开出,8000,,,,,
10011,麒麟之魂,0,1,4,1,1,1000000,10011,"召唤与进阶所必须的材料,集齐一定数量后可用于召唤",可在九天幻境的宝箱开出,9000,,,,,
19001,小笼包,0,1,4,1,1,99,4087,锅儿别怕，姑姑常伴你左右,,4000,,,,,20001
19002,英雄盒,0,1,4,1,1,99,4027,打开测试英雄！,,1000,,,,,60001
19003,装备盒,0,1,4,1,1,99,4027,打开测试装备！,,1000,,,,,60002
19004,道具盒,0,1,4,1,1,99,4027,打开测试道具！,,1000,,,,,60003
19005,40级金色武器箱,0,1,5,1,1,20,5001,随机获得一把40级的金色武器,,1000,,,,,60004
19006,40级金色衣服箱,0,1,5,1,1,20,5001,随机获得一件40级的金色衣服,,1000,,,,,60005
19007,50级金色武器箱,0,1,5,1,1,20,5001,随机获得一把50级的金色武器,,1000,,,,,60006
19008,50级金色衣服箱,0,1,5,1,1,20,5001,随机获得一件50级的金色衣服,,1000,,,,,60007
19997,洗练锁,0,1,5,1,1,99,19997,装备洗练道具,,1000,,,,,
19998,将星令,0,1,4,1,1,1000000,19998,号令群雄，莫敢不从，可用于在商城中招募英雄。\n征战天下副本首次三星通关必定掉落,一块银色的金属令牌，可用于在商城中招募英雄。,1000,,,,,
19999,元宝,0,1,5,,,1000000,19999,高级游戏货币，可用于在游戏中购买体力，购买修为，抽取英雄等,,,,,,,
20001,桃木剑（碎片）,3,1,1,,1,1000000,310001,集齐10个碎片可以合成桃木剑,,100,,,,,
20002,清风剑（碎片）,3,1,2,,1,1000000,310002,集齐10个碎片可以合成清风剑,,200,,,,,
20003,流水剑（碎片）,3,1,3,,1,1000000,310003,集齐10个碎片可以合成流水剑,,300,,,,,
20004,七星剑（碎片）,3,1,3,,1,1000000,310004,集齐10个碎片可以合成七星剑,,400,,,,,
20005,流光剑（碎片）,3,1,3,,1,1000000,310005,集齐10个碎片可以合成流光剑,,500,,,,,
20006,幻影剑（碎片）,3,1,3,,1,1000000,310001,集齐10个碎片可以合成幻影剑,,600,,,,,
20007,飞月剑（碎片）,3,1,3,,1,1000000,310002,集齐10个碎片可以合成飞月剑,,700,,,,,
20008,孤云剑（碎片）,3,1,3,,1,1000000,310003,集齐20个碎片可以合成孤云剑,,800,,,,,
20009,逐日剑（碎片）,3,1,3,,1,1000000,310004,集齐20个碎片可以合成逐日剑,,900,,,,,
20010,幻天剑（碎片）,3,1,3,,1,1000000,310005,集齐30个碎片可以合成幻天剑,,1000,,,,,
20011,天极剑（碎片）,3,1,4,,1,1000000,310005,集齐20个碎片可以合成天极剑,,500,,,,,
20012,朱雀剑（碎片）,3,1,4,,1,1000000,310001,集齐30个碎片可以合成朱雀剑,,600,,,,,
20013,四神无字书（碎片）,3,1,4,,1,1000000,310002,集齐30个碎片可以合成四神无字书,,700,,,,,
20014,轮回十方剑（碎片）,3,1,4,,1,1000000,310003,集齐40个碎片可以合成轮回十方剑,,800,,,,,
20015,天怒无极剑（碎片）,3,1,5,,1,1000000,310004,集齐40个碎片可以合成天怒无极剑,,900,,,,,
20016,无双血弑剑（碎片）,3,1,6,,1,1000000,310005,集齐50个碎片可以合成无双血弑剑,,1000,,,,,
20017,九天之书（碎片）,3,1,4,,1,1000000,310005,集齐20个碎片可以合成九天之书,,500,,,,,
20018,玄武剑（碎片）,3,1,4,,1,1000000,310001,集齐30个碎片可以合成玄武剑,,600,,,,,
20019,苍穹苍云剑（碎片）,3,1,4,,1,1000000,310002,集齐30个碎片可以合成苍穹苍云剑,,700,,,,,
20020,阴阳太极剑（碎片）,3,1,5,,1,1000000,310003,集齐40个碎片可以合成阴阳太极剑,,800,,,,,
20021,神罚太乙剑（碎片）,3,1,5,,1,1000000,310004,集齐40个碎片可以合成神罚太乙剑,,900,,,,,
20022,无上冰炎剑（碎片）,3,1,6,,1,1000000,310005,集齐50个碎片可以合成无上冰炎剑,,1000,,,,,
21001,布衣（碎片）,3,1,1,,1,1000000,310101,集齐10个碎片可以合成布衣,,100,,,,,
21002,清风袍（碎片）,3,1,2,,1,1000000,310102,集齐10个碎片可以合成清风袍,,200,,,,,
21003,流水袍（碎片）,3,1,3,,1,1000000,310103,集齐10个碎片可以合成流水袍,,300,,,,,
21004,七星铠（碎片）,3,1,3,,1,1000000,310104,集齐10个碎片可以合成七星铠,,400,,,,,
21005,流光袍（碎片）,3,1,3,,1,1000000,310105,集齐10个碎片可以合成流光袍,,500,,,,,
21006,幻影袍（碎片）,3,1,3,,1,1000000,310101,集齐10个碎片可以合成幻影袍,,600,,,,,
21007,飞月袍（碎片）,3,1,3,,1,1000000,310102,集齐10个碎片可以合成飞月袍,,700,,,,,
21008,孤云袍（碎片）,3,1,3,,1,1000000,310103,集齐20个碎片可以合成孤云袍,,800,,,,,
21009,逐日铠（碎片）,3,1,3,,1,1000000,310104,集齐20个碎片可以合成逐日铠,,900,,,,,
21010,幻天铠（碎片）,3,1,3,,1,1000000,310105,集齐30个碎片可以合成幻天铠,,1000,,,,,
21011,天极袍（碎片）,3,1,4,,1,1000000,310105,集齐20个碎片可以合成天极袍,,500,,,,,
21012,朱雀袍（碎片）,3,1,4,,1,1000000,310101,集齐30个碎片可以合成朱雀袍,,600,,,,,
21013,四神无痕袍（碎片）,3,1,4,,1,1000000,310102,集齐30个碎片可以合成四神无痕袍,,700,,,,,
21014,轮回恶魔袍（碎片）,3,1,4,,1,1000000,310103,集齐40个碎片可以合成轮回恶魔袍,,800,,,,,
21015,天怒镇魂袍（碎片）,3,1,5,,1,1000000,310104,集齐40个碎片可以合成天怒镇魂袍,,900,,,,,
21016,无双乾坤袍（碎片）,3,1,6,,1,1000000,310105,集齐50个碎片可以合成无双乾坤袍,,1000,,,,,
21017,九天之铠（碎片）,3,1,4,,1,1000000,310105,集齐20个碎片可以合成九天之铠,,500,,,,,
21018,玄武铠（碎片）,3,1,4,,1,1000000,310101,集齐30个碎片可以合成玄武铠,,600,,,,,
21019,苍穹天机铠（碎片）,3,1,4,,1,1000000,310102,集齐30个碎片可以合成苍穹天机铠,,700,,,,,
21020,阴阳万象铠（碎片）,3,1,5,,1,1000000,310103,集齐40个碎片可以合成阴阳万象铠,,800,,,,,
21021,神罚天御铠（碎片）,3,1,5,,1,1000000,310104,集齐40个碎片可以合成神罚天御铠,,900,,,,,
21022,无上百变铠（碎片）,3,1,6,,1,1000000,310105,集齐50个碎片可以合成无上百变铠,,1000,,,,,
22001,牛角戒（碎片）,3,1,1,,1,1000000,310301,集齐10个碎片可以合成牛角戒,,100,,,,,
22002,清风戒（碎片）,3,1,2,,1,1000000,310302,集齐10个碎片可以合成清风戒,,200,,,,,
22003,流水戒（碎片）,3,1,3,,1,1000000,310303,集齐10个碎片可以合成流水戒,,300,,,,,
22004,七星戒（碎片）,3,1,3,,1,1000000,310304,集齐10个碎片可以合成七星戒,,400,,,,,
22005,流光戒（碎片）,3,1,3,,1,1000000,310305,集齐10个碎片可以合成流光戒,,500,,,,,
22006,幻影戒（碎片）,3,1,3,,1,1000000,310301,集齐10个碎片可以合成幻影戒,,600,,,,,
22007,飞月戒（碎片）,3,1,3,,1,1000000,310302,集齐10个碎片可以合成飞月戒,,700,,,,,
22008,孤云戒（碎片）,3,1,3,,1,1000000,310303,集齐20个碎片可以合成孤云戒,,800,,,,,
22009,逐日戒（碎片）,3,1,3,,1,1000000,310304,集齐20个碎片可以合成逐日戒,,900,,,,,
22010,幻天戒（碎片）,3,1,3,,1,1000000,310305,集齐30个碎片可以合成幻天戒,,1000,,,,,
22011,天极戒（碎片）,3,1,4,,1,1000000,310305,集齐20个碎片可以合成天极戒,,500,,,,,
22012,朱雀戒（碎片）,3,1,4,,1,1000000,310301,集齐30个碎片可以合成朱雀戒,,600,,,,,
22013,四神无天戒（碎片）,3,1,4,,1,1000000,310302,集齐30个碎片可以合成四神无天戒,,700,,,,,
22014,轮回三生戒（碎片）,3,1,4,,1,1000000,310303,集齐40个碎片可以合成轮回三生戒,,800,,,,,
22015,天怒灭破戒（碎片）,3,1,5,,1,1000000,310304,集齐40个碎片可以合成天怒灭破戒,,900,,,,,
22016,无双虚无戒（碎片）,3,1,6,,1,1000000,310305,集齐50个碎片可以合成无双虚无戒,,1000,,,,,
22017,九天之戒（碎片）,3,1,4,,1,1000000,310305,集齐20个碎片可以合成九天之戒,,500,,,,,
22018,玄武戒（碎片）,3,1,4,,1,1000000,310301,集齐30个碎片可以合成玄武戒,,600,,,,,
22019,苍穹神威戒（碎片）,3,1,4,,1,1000000,310302,集齐30个碎片可以合成苍穹神威戒,,700,,,,,
22020,阴阳五行戒（碎片）,3,1,5,,1,1000000,310303,集齐40个碎片可以合成阴阳五行戒,,800,,,,,
22021,神罚龙鳞戒（碎片）,3,1,5,,1,1000000,310304,集齐40个碎片可以合成神罚龙鳞戒,,900,,,,,
22022,无上星痕戒（碎片）,3,1,6,,1,1000000,310305,集齐50个碎片可以合成无上星痕戒,,1000,,,,,
23001,青玉珠（碎片）,3,1,1,,1,1000000,310401,集齐10个碎片可以合成青玉珠,,100,,,,,
23002,清风珠（碎片）,3,1,2,,1,1000000,310402,集齐10个碎片可以合成清风珠,,200,,,,,
23003,流水珠（碎片）,3,1,3,,1,1000000,310403,集齐10个碎片可以合成流水珠,,300,,,,,
23004,七星珠（碎片）,3,1,3,,1,1000000,310404,集齐10个碎片可以合成七星珠,,400,,,,,
23005,流光珠（碎片）,3,1,3,,1,1000000,310405,集齐10个碎片可以合成流光珠,,500,,,,,
23006,幻影珠（碎片）,3,1,3,,1,1000000,310401,集齐10个碎片可以合成幻影珠,,600,,,,,
23007,飞月珠（碎片）,3,1,3,,1,1000000,310402,集齐10个碎片可以合成飞月珠,,700,,,,,
23008,孤云珠（碎片）,3,1,3,,1,1000000,310403,集齐20个碎片可以合成孤云珠,,800,,,,,
23009,逐日珠（碎片）,3,1,3,,1,1000000,310404,集齐20个碎片可以合成逐日珠,,900,,,,,
23010,幻天珠（碎片）,3,1,3,,1,1000000,310405,集齐30个碎片可以合成幻天珠,,1000,,,,,
23011,天极珠（碎片）,3,1,4,,1,1000000,310405,集齐20个碎片可以合成天极珠,,500,,,,,
23012,朱雀珠（碎片）,3,1,4,,1,1000000,310401,集齐30个碎片可以合成朱雀珠,,600,,,,,
23013,四神无火珠（碎片）,3,1,4,,1,1000000,310402,集齐30个碎片可以合成四神无火珠,,700,,,,,
23014,轮回三世珠（碎片）,3,1,4,,1,1000000,310403,集齐40个碎片可以合成轮回三世珠,,800,,,,,
23015,天怒炼狱珠（碎片）,3,1,5,,1,1000000,310404,集齐40个碎片可以合成天怒炼狱珠,,900,,,,,
23016,无双八卦珠（碎片）,3,1,6,,1,1000000,310405,集齐50个碎片可以合成无双八卦珠,,1000,,,,,
23017,九天之珠（碎片）,3,1,4,,1,1000000,310405,集齐20个碎片可以合成九天之珠,,500,,,,,
23018,玄武珠（碎片）,3,1,4,,1,1000000,310401,集齐30个碎片可以合成玄武珠,,600,,,,,
23019,苍穹捻佛珠（碎片）,3,1,4,,1,1000000,310402,集齐30个碎片可以合成苍穹捻佛珠,,700,,,,,
23020,阴阳两仪珠（碎片）,3,1,5,,1,1000000,310403,集齐40个碎片可以合成阴阳两仪珠,,800,,,,,
23021,神罚伏虎珠（碎片）,3,1,5,,1,1000000,310404,集齐40个碎片可以合成神罚伏虎珠,,900,,,,,
23022,无上破灭珠（碎片）,3,1,6,,1,1000000,310405,集齐50个碎片可以合成无上破灭珠,,1000,,,,,
15001,元力碎片,0,1,2,,1,1000000,1001,英雄突破技能所必需的材料,说好的粉尘呢？,100,1#16#35#81#125,,,,
15002,阳火碎片,0,1,2,,1,1000000,1002,英雄突破技能所必需的材料,此物为肾虚患者的救星,100,2#17#34#82#124,,,,
15003,绿水碎片,0,1,2,,1,1000000,1003,英雄突破技能所必需的材料,红宝石，蓝宝石，祖母绿,100,3#18#33#83#123,,,,
15004,黑白碎片,0,1,2,,1,1000000,1004,英雄突破技能所必需的材料,叫黑白碎块比较好，主公你脚的呢,100,4#19#32#84#122,,,,
15005,五彩碎片,0,1,2,,1,1000000,1005,英雄突破技能所必需的材料,差两种水晶就可以召唤葫芦娃,100,5#20#31#85#121,,,,
15006,战魂石,0,1,3,,1,1000000,1006,英雄突破技能所必需的材料,人虽死，但战魂不灭,200,8#11#39#88#129,,,,
15007,赤炎石,0,1,3,,1,1000000,1007,英雄突破技能所必需的材料,一万米的地下开采出的石头，不知道有什么用，但是很烫,200,7#12#38#87#128,,,,
15008,蓝冰石,0,1,3,,1,1000000,1008,英雄突破技能所必需的材料,夏天再也不怕热了,200,9#13#37#89#127,,,,
15009,琉璃石,0,1,3,,1,1000000,1009,英雄突破技能所必需的材料,怎么看起来像是蝌蚪琥珀,200,6#14#36#86#126,,,,
15010,紫星石,0,1,3,,1,1000000,1010,英雄突破技能所必需的材料,紫星紫星亮晶晶，好似天上的星星,200,10#15#40#90#130,,,,
15011,罗T宝珠,0,1,4,,1,1000000,1011,英雄突破技能所必需的材料,这是连阿修罗都想要的宝珠，快收好,300,102#118#131,,,,
15012,日耀宝珠,0,1,4,,1,1000000,1012,英雄突破技能所必需的材料,太阳神石是后羿无聊射日时从太阳上掉下来的一颗石头。,300,103#117#132,,,,
15013,月耀宝珠,0,1,4,,1,1000000,1013,英雄突破技能所必需的材料,据说这石头是猴子看见井中月在井里面找出来的,300,105#116#133,,,,
15014,计都宝珠,0,1,4,,1,1000000,1014,英雄突破技能所必需的材料,这个宝珠总之很有用，多刷一点,300,104#119#134,,,,
15015,星耀宝珠,0,1,4,,1,1000000,1015,英雄突破技能所必需的材料,九个太阳合成的石头，小心烫手,300,101#120#135,,,,
15016,忘忧果,0,1,4,,1,1000000,1016,英雄突破技能所必需的材料,吃了此果子，就可以忘记忧愁,300,,在公会商店兑换,,,
15017,心法秘页,0,1,3,,1,1000000,1017,英雄技能激活与突破时所需的关键材料,我也看不懂这上面写的什么,300,9#181#325,,,,
15101,《孙子兵法・一》,0,1,2,,1,1000000,1018,英雄技能激活与突破时所需的关键材料,上面记载：兵者，国之大事，死生之地，存亡之道，不可不察也。,300,9#28#129,,,,
15102,《孙子兵法・二》,0,1,3,,1,1000000,1019,英雄技能激活与突破时所需的关键材料,上面记载：凡用兵之法，驰车千驷，革车千乘，带甲十万，千里馈粮。,300,47#69#149,,,,
15103,《孙子兵法・三》,0,1,4,,1,1000000,1020,英雄技能激活与突破时所需的关键材料,上面记载：上兵伐谋，其次伐交，其次伐兵，其下攻城。,300,89#109#169,,,,
15104,《孙子兵法・四》,0,1,4,,1,1000000,1021,英雄技能激活与突破时所需的关键材料,上面记载：不可胜在己，可胜在敌。,300,249#269#329,,,,
15105,《孙子兵法・五》,0,1,4,,1,1000000,1022,英雄技能激活与突破时所需的关键材料,上面记载：凡先处战地而待敌者佚，后处战地而趋战者劳。,300,289#309#349,,,,
15106,《八阵图・一》,0,1,2,,1,1000000,1023,英雄技能激活与突破时所需的关键材料,天阵十六，外方内圆，四为风扬，其形象天，为阵之主，为兵之先。善用三军，其形不偏。,300,14#32#133,,,,
15107,《八阵图・二》,0,1,3,,1,1000000,1024,英雄技能激活与突破时所需的关键材料,地阵十二，其形正方，云主四角，冲敌难当，其体莫测，动用无穷，独立不可，配之於阳。,300,50#73#153,,,,
15108,《八阵图・三》,0,1,4,,1,1000000,1025,英雄技能激活与突破时所需的关键材料,风无正形，附之於天，变而为蛇，其意渐玄，风能鼓物，万物绕焉，蛇能为绕，三军惧焉。,300,93#113#173,,,,
15109,《八阵图・四》,0,1,4,,1,1000000,1026,英雄技能激活与突破时所需的关键材料,云附於地，始则无形，变为翔鸟，其状乃成，鸟能突出，云能晦异，千变万化，金革之声。,300,253#273#333,,,,
15110,《八阵图・五》,0,1,4,,1,1000000,1027,英雄技能激活与突破时所需的关键材料,天地后冲，龙变其中，有爪有足，有背有胸。潜则不测，动则无穷，阵形赫然，名象为龙。,300,293#313#353,,,,
15111,《刺客列传・一》,0,1,2,,1,1000000,1028,英雄技能激活与突破时所需的关键材料,作为一个刺客必须有过硬的心理素质,300,18#35#137,,,,
15112,《刺客列传・二》,0,1,3,,1,1000000,1029,英雄技能激活与突破时所需的关键材料,刺客必须要学会伪装自己,300,54#77#157,,,,
15113,《刺客列传・三》,0,1,4,,1,1000000,1030,英雄技能激活与突破时所需的关键材料,刺客必须要有一击致命的本身,300,97#117#177,,,,
15114,《刺客列传・四》,0,1,4,,1,1000000,1031,英雄技能激活与突破时所需的关键材料,刺客要有必杀的决心,300,257#277#337,,,,
15115,《刺客列传・五》,0,1,4,,1,1000000,1032,英雄技能激活与突破时所需的关键材料,刺客的终极大绝招隐身，就问你怕不怕,300,297#317#357,,,,
15116,《侠客行・一》,0,1,2,,1,1000000,1033,英雄技能激活与突破时所需的关键材料,赵客缦胡缨，吴钩霜雪明。银鞍照白马，飒沓如流星。--李白《侠客行》,300,22#39#141,,,,
15117,《侠客行・二》,0,1,3,,1,1000000,1034,英雄技能激活与突破时所需的关键材料,十步杀一人，千里不留行。事了拂衣去，深藏身与名。--李白《侠客行》,300,58#81#161,,,,
15118,《侠客行・三》,0,1,4,,1,1000000,1035,英雄技能激活与突破时所需的关键材料,闲过信陵饮，脱剑膝前横。将炙啖朱亥，持觞劝侯嬴。--李白《侠客行》,300,101#121#181,,,,
15119,《侠客行・四》,0,1,4,,1,1000000,1036,英雄技能激活与突破时所需的关键材料,三杯吐然诺，五岳倒为轻。眼花耳热后，意气素霓生。--李白《侠客行》,300,261#281#341,,,,
15120,《侠客行・五》,0,1,4,,1,1000000,1037,英雄技能激活与突破时所需的关键材料,纵死侠骨香，不惭世上英。谁能书阁下，白首太玄经。--李白《侠客行》,300,301#321#361,,,,
15121,《韬略・一》,0,1,2,,1,1000000,1038,英雄技能激活与突破时所需的关键材料,上古兵书《六韬》第一卷,300,25#43#145,,,,
15122,《韬略・二》,0,1,3,,1,1000000,1039,英雄技能激活与突破时所需的关键材料,上古兵书《六韬》第二卷,300,61#85#165,,,,
15123,《韬略・三》,0,1,4,,1,1000000,1040,英雄技能激活与突破时所需的关键材料,上古兵书《六韬》第三卷,300,105#125#185,,,,
15124,《韬略・四》,0,1,4,,1,1000000,1041,英雄技能激活与突破时所需的关键材料,上古兵书《六韬》第四卷,300,265#285#345,,,,
15125,《韬略・五》,0,1,4,,1,1000000,1042,英雄技能激活与突破时所需的关键材料,上古兵书《六韬》第五卷,300,305#325#365,,,,
15126,《轮回诀》,0,1,4,,1,1000000,1043,英雄技能激活与突破时所需的关键材料,没有人能弄懂六道轮回的奥义,300,,在公会商店兑换,,,
13001,武魂（项羽）,0,1,3,,1,1000000,11001,收集80个武魂，可以召唤英雄项羽。同时也是项羽进化的必备材料,,4000,,1003#1001,,,
13002,武魂（吕布）,0,1,3,,1,1000000,11002,收集30个武魂，可以召唤英雄吕布。同时也是吕布进化的必备材料,,4000,,1002#1003#1001,,,
13003,武魂（孙武）,0,1,3,,1,1000000,11003,收集30个武魂，可以召唤英雄孙武。同时也是孙武进化的必备材料,,4000,,1002#1003#1001,,,
13004,武魂（岳飞）,0,1,3,,1,1000000,11004,收集10个武魂，可以召唤英雄岳飞。同时也是岳飞进化的必备材料,,4000,97,1003#1001,,,
13005,武魂（关羽）,0,1,3,,1,1000000,11005,收集30个武魂，可以召唤英雄关羽。同时也是关羽进化的必备材料,,4000,,1002#1003#1001,,,
13006,武魂（赵云）,0,1,3,,1,1000000,11006,收集10个武魂，可以召唤英雄赵云。同时也是赵云进化的必备材料,,4000,,1002#1003#1001,,,
13007,武魂（程咬金）,0,1,3,,1,1000000,11007,收集30个武魂，可以召唤英雄程咬金。同时也是程咬金进化的必备材料,,4000,169,1003#1001,,,
13008,武魂（花木兰）,0,1,3,,1,1000000,11008,收集10个武魂，可以召唤英雄花木兰。同时也是花木兰进化的必备材料,,4000,193,1003#1001,,,
13009,武魂（诸葛亮）,0,1,3,,1,1000000,11009,收集80个武魂，可以召唤英雄诸葛亮。同时也是诸葛亮进化的必备材料,,4000,,1003#1001,,,
13010,武魂（司马懿）,0,1,3,,1,1000000,11010,收集80个武魂，可以召唤英雄司马懿。同时也是司马懿进化的必备材料,,4000,,1002#1003#1001,,,
13011,武魂（商鞅）,0,1,3,,1,1000000,11011,收集10个武魂，可以召唤英雄商鞅。同时也是商鞅进化的必备材料,,4000,,1002#1003#1001,,,
13012,武魂（张良）,0,1,3,,1,1000000,11012,收集30个武魂，可以召唤英雄张良。同时也是张良进化的必备材料,,4000,,1002#1003#1001,,,
13013,武魂（狄仁杰）,0,1,3,,1,1000000,11013,收集10个武魂，可以召唤英雄狄仁杰。同时也是狄仁杰进化的必备材料,,4000,121,1003#1001,,,
13014,武魂（杨贵妃）,0,1,3,,1,1000000,11014,收集10个武魂，可以召唤英雄杨贵妃。同时也是杨贵妃进化的必备材料,,4000,145,1003#1001,,,
13015,武魂（荆轲）,0,1,3,,1,1000000,11015,收集30个武魂，可以召唤英雄荆轲。同时也是荆轲进化的必备材料,,4000,,1002#1003#1001,,,
13016,武魂（西施）,0,1,3,,1,1000000,11016,收集30个武魂，可以召唤英雄西施。同时也是西施进化的必备材料,,4000,,1002#1003#1001,,,
13017,武魂（貂蝉）,0,1,3,,1,1000000,11017,收集80个武魂，可以召唤英雄貂蝉。同时也是貂蝉进化的必备材料,,4000,,1002#1003#1001,,,
13018,武魂（甄缳）,0,1,3,,1,1000000,11018,收集10个武魂，可以召唤英雄甄缳。同时也是甄缳进化的必备材料,,4000,9,1003#1001,,,
13019,武魂（小乔）,0,1,3,,1,1000000,11019,收集10个武魂，可以召唤英雄小乔。同时也是小乔进化的必备材料,,4000,205,1003#1001,,,
13020,武魂（西门庆）,0,1,3,,1,1000000,11020,收集80个武魂，可以召唤英雄西门庆。同时也是西门庆进化的必备材料,,4000,,1003#1001,,,
13021,武魂（张三丰）,0,1,3,,1,1000000,11021,收集30个武魂，可以召唤英雄张三丰。同时也是张三丰进化的必备材料,,4000,39,1003#1001,,,
13022,武魂（吕洞宾）,0,1,3,,1,1000000,11022,收集30个武魂，可以召唤英雄吕洞宾。同时也是吕洞宾进化的必备材料,,4000,85,1003#1001,,,
13023,武魂（李白）,0,1,3,,1,1000000,11023,收集10个武魂，可以召唤英雄李白。同时也是李白进化的必备材料,,4000,157,1003#1001,,,
13024,武魂（唐伯虎）,0,1,3,,1,1000000,11024,收集30个武魂，可以召唤英雄唐伯虎。同时也是唐伯虎进化的必备材料,,4000,18,1003#1001,,,
13025,武魂（林冲）,0,1,3,,1,1000000,11025,收集30个武魂，可以召唤英雄林冲。同时也是林冲进化的必备材料,,4000,73,1003#1001,,,
13026,武魂（王重阳）,0,1,3,,1,1000000,11026,收集80个武魂，可以召唤英雄王重阳。同时也是王重阳进化的必备材料,,4000,,1003#1001,,,
13027,武魂（刘备）,0,1,3,,1,1000000,11027,收集80个武魂，可以召唤英雄刘备。同时也是刘备进化的必备材料,,4000,,1002#1003#1001,,,
13028,武魂（成吉思汗）,0,1,3,,1,1000000,11028,收集30个武魂，可以召唤英雄成吉思汗。同时也是成吉思汗进化的必备材料,,4000,50,1003#1001,,,
13029,武魂（朱元璋）,0,1,3,,1,1000000,11029,收集10个武魂，可以召唤英雄朱元璋。同时也是朱元璋进化的必备材料,,4000,28,1003#1001,,,
13030,武魂（曹操）,0,1,3,,1,1000000,11030,收集80个武魂，可以召唤英雄曹操。同时也是曹操进化的必备材料,,4000,,1002#1003#1001,,,
13031,武魂（李世民）,0,1,3,,1,1000000,11031,收集30个武魂，可以召唤英雄李世民。同时也是李世民进化的必备材料,,4000,181,1003#1001,,,
13032,武魂（武则天）,0,1,3,,1,1000000,11032,收集80个武魂，可以召唤英雄武则天。同时也是武则天进化的必备材料,,4000,,1003#1001,,,
13033,武魂（秦始皇）,0,1,3,,1,1000000,11033,收集80个武魂，可以召唤英雄秦始皇。同时也是秦始皇进化的必备材料,,4000,,1003#1001,,,
90001,小笼包,4,1,1,,1,99,4087,锅儿别怕，姑姑常伴你左右,,4000,,,,,
