##,,,,,,,,,,,,,,,,,,,,
ID,关卡名,关卡怪物,英雄背包未满,通关经验,英雄修为,通关银两,关卡掉落,地图路径,关卡图片,首次三星通关掉落,首次掉落,开场对话,是否开场播放,关卡描述,掉落,限制通关次数,体力消耗,翻卡概率,翻卡精英装备,翻卡普通装备
int,utf8string,string,int,int,int,int,string,utf8string,int,string,string,string,int,int,string,int,int,string,string,string
1,1-1大难不死,924#1,0,60,120,500,8003#1,TileMap/tm02.jpg#TileMap/tm02a.jpg#TileMap/tm01.jpg,2,9003#10001#1,,301#302#303#304#305#306,0,被西门庆抢了，大难不死，必有后福,19998#4002,,,,,
2,1-2从头来过,925#2,0,60,120,501,8001#1,TileMap/tm09.jpg#TileMap/tm09a.jpg#TileMap/tm01a.jpg,9,9001#10001#1,,,,留得青山在不愁没柴烧,19998#4005,,,,,
3,1-3柳暗花明,926#3,0,60,120,502,8001#1,TileMap/tm11.jpg#TileMap/tm11a.jpg#TileMap/tm01b.jpg,11,9001#10001#1,,,,天无绝人之路,19998#4005,,,,,
4,1-4硬闯皇宫,927#4,0,60,120,503,8003#1,TileMap/tm06.jpg#TileMap/tm06a.jpg#TileMap/tm10.jpg,6,9003#10001#1,,307#308#309#310#311,0,光脚的不怕穿鞋的，反正都这样了,19998#4002,,,,,
5,1-5放手一搏,928#5,0,60,120,504,8001#1,TileMap/tm07.jpg#TileMap/tm07a.jpg#TileMap/tm07.jpg,7,9001#10001#1,,,,把袖子扎起来，开撸,19998#4005,,,,,
6,1-6大言不惭,929#6,0,60,120,505,8005#1,TileMap/tm04.jpg#TileMap/tm04a.jpg#TileMap/tm07a.jpg,4,9005#10001#1,,,,说大话又不犯法，为什么不说呢,19998#4008,,,,,
7,1-7大鼻孔,930#7,0,60,120,507,8004#1,TileMap/tm01.jpg#TileMap/tm01a.jpg#TileMap/tm11.jpg,1,9004#10001#1,,312#313#314#315#316,0,鼻孔大，能呼吸到比别人多的空气,19998#4007,,,,,
8,1-8雾里看花,931#8,0,60,120,509,8002#1,TileMap/tm08.jpg#TileMap/tm08a.jpg#TileMap/tm11a.jpg,8,9002#10001#1,,,,雾里看花，水中望月,19998#4001,,,,,
9,1-9绝世皇妃,932#547#9,0,60,120,512,8006#11001#1,TileMap/tm03.jpg#TileMap/tm03a.jpg#TileMap/tm10.jpg,3,9006#10001#11001#1,,317#318#319#320#321,0,想给美女送朵花，却在心中添道疤,19998#4006#13018,10,,,,
10,2-1江南唐家,933#10,0,60,120,514,8001#2,TileMap/tm02.jpg#TileMap/tm02a.jpg#TileMap/tm06.jpg,2,9001#10001#2,,322#323#324#325#326#327,0,有人说，唐伯虎是唐朝的，你信吗？,19998#4005,,,,,
11,2-2白云苍狗,934#11,0,60,120,517,8007#2,TileMap/tm09.jpg#TileMap/tm09a.jpg#TileMap/tm06a.jpg,9,9007#10001#2,,,,人生如梦，世事无常,19998#4009,,,,,
12,2-3浮生若梦,935#12,0,60,120,520,8003#2,TileMap/tm11.jpg#TileMap/tm11a.jpg#TileMap/tm06b.jpg,11,9003#10001#2,,,,人生，就如梦境一样，转瞬即逝,19998#4002,,,,,
13,2-4貌美如花,936#13,0,60,120,523,8006#2,TileMap/tm06.jpg#TileMap/tm06a.jpg#TileMap/tm01.jpg,6,9006#10001#2,,328#329#330#331,0,如果不挖鼻还是可以忍受的,19998#4006,,,,,
14,2-5插翅难逃,937#14,0,60,120,527,8001#2,TileMap/tm07.jpg#TileMap/tm07a.jpg#TileMap/tm01a.jpg,7,9001#10001#2,,,,你这小鸡，在给你一对翅膀你也跑不了,19998#4005,,,,,
15,2-6红烧鸡翅,938#15,0,60,120,531,8003#2,TileMap/tm04.jpg#TileMap/tm04a.jpg#TileMap/tm01b.jpg,4,9003#10001#2,,,,“红烧鸡翅我喜欢吃，但是你老娘说你快升天，越是快要升天就越要拼命吃，如果现在不吃以后就没机会吃。”,19998#4002,,,,,
16,2-7倚老卖老,939#16,0,60,120,535,8001#2,TileMap/tm01.jpg#TileMap/tm01a.jpg#TileMap/tm07.jpg,1,9001#10001#2,,332#333#334,0,给我装，打的就是你,19998#4005,,,,,
17,2-8四大才子,940#17,0,60,120,539,8008#2,TileMap/tm08.jpg#TileMap/tm08a.jpg#TileMap/tm07a.jpg,8,9008#10001#2,,,,今年中秋赏菊花，花瓣殷红寺朱砂，问花怎能艳如火，身下少年才十八……,19998#4010,,,,,
18,2-9唐家少爷,941#556#18,0,60,120,544,8003#11002#2,TileMap/tm03.jpg#TileMap/tm03a.jpg#TileMap/tm07bjpg,3,9003#10001#11002#2,,335#336#337#338#550,0,少爷我排行不是老三,19998#4002#13024,10,,,,
19,3-1大英雄,942#19,0,60,120,549,8011#3,TileMap/tm02.jpg#TileMap/tm02a.jpg#TileMap/tm03.jpg,2,9011#10001#3,,339#340#341#342#343,0,天下大乱，谁是拯救世界的大英雄？是你吗,19998#4003,,,,,
20,3-2郑成功,943#20,0,60,120,554,8007#3,TileMap/tm09.jpg#TileMap/tm09a.jpg#TileMap/tm03a.jpg,9,9007#10001#3,,,,郑和是我表弟,19998#4009,,,,,
21,3-3郑和,944#21,0,60,120,559,8010#3,TileMap/tm11.jpg#TileMap/tm11a.jpg#TileMap/tm03b.jpg,11,9010#10001#3,,,,表哥，等等我,19998#4011,,,,,
22,3-4白日做梦,945#22,0,60,120,565,8003#3,TileMap/tm06.jpg#TileMap/tm06a.jpg#TileMap/tm03.jpg,6,9003#10001#3,,344#345#346#347,0,天晴，暖，易睡觉,19998#4002,,,,,
23,3-5东厂,946#23,0,60,120,571,8010#3,TileMap/tm07.jpg#TileMap/tm07a.jpg#TileMap/tm03a.jpg,7,9010#10001#3,,,,东厂是特权监察机构、特务机关和秘密警察机关,19998#4011,,,,,
24,3-6锦衣卫,947#24,0,60,120,577,8009#3,TileMap/tm04.jpg#TileMap/tm04a.jpg#TileMap/tm03b.jpg,4,9009#10001#3,,,,锦衣卫的人都很能打,19998#4004,,,,,
25,3-7勉为其难,948#25,0,60,120,583,8012#3,TileMap/tm01.jpg#TileMap/tm01a.jpg#TileMap/tm10.jpg,1,9012#10001#3,,348#349#350#351#352,0,遇到很无理要求，我一般都不会拒绝,19998#4012,,,,,
26,3-8大内高手,564#26,0,60,120,590,8010#3,TileMap/tm08.jpg#TileMap/tm08a.jpg#TileMap/tm10.jpg,8,9010#10001#3,,,,大内高手一个可以被十个打,19998#4011,,,,,
27,3-9顺天府,565#27,0,60,120,597,8014#8064#3,TileMap/tm03.jpg#TileMap/tm03a.jpg#TileMap/tm10.jpg,3,9014#9064#10001#3,,,,顺天者昌，逆天者亡,19998#4125#4021,,,,,
28,3-10有事相求,951#566#28,0,60,120,604,8008#11003#3,TileMap/tm02.jpg#TileMap/tm02a.jpg#TileMap/tm09.jpg,2,9008#10001#11003#3,,353#354#355#356,0,皇帝求你办事，你能拒绝么？,19998#4010#13029,10,,,,
29,4-1武当山下,567#29,0,60,120,611,8011#8067#4,TileMap/tm09.jpg#TileMap/tm09a.jpg#TileMap/tm06.jpg,9,9011#9067#10001#4,,357#358#359,0,干柴遇到烈火，想不燃都难,19998#4003#4031,,,,,
30,4-2古道,568#30,0,60,120,619,8014#4,TileMap/tm11.jpg#TileMap/tm11a.jpg#TileMap/tm06a.jpg,11,9014#10001#4,,,,悬崖边的古道说真心的还是有点陡，怪吓人的。,19998#4125,,,,,
31,4-3凉亭,569#31,0,60,120,627,8013#8066#4,TileMap/tm06.jpg#TileMap/tm06a.jpg#TileMap/tm06b.jpg,6,9013#9066#10001#4,,,,爬上是件累人的事，休息休息再上山,19998#4013#4030,,,,,
32,4-4狐假虎威,570#32,0,60,120,635,8013#4,TileMap/tm07.jpg#TileMap/tm07a.jpg#TileMap/tm08.jpg,7,9013#10001#4,,360#361#362,0,小小武当弟子也敢在这强行装X,19998#4013,,,,,
33,4-5铁索桥,571#33,0,60,120,644,8006#4,TileMap/tm04.jpg#TileMap/tm04a.jpg#TileMap/tm08a.jpg,4,9006#10001#4,,,,温馨提示：前往别往下看，否则后果自负,19998#4006,,,,,
34,4-6武当山顶,572#34,0,60,120,652,8005#8062#4,TileMap/tm01.jpg#TileMap/tm01a.jpg#TileMap/tm08b.jpg,1,9005#9062#10001#4,,,,“会当凌绝顶，一览众山小。”--这是泰山吗,19998#4008#4199,,,,,
35,4-7大师兄,573#35,0,60,120,661,8003#4,TileMap/tm08.jpg#TileMap/tm08a.jpg#TileMap/tm08b.jpg,8,9003#10001#4,,363#364#365#366,0,大师兄，师傅被妖怪抓走了,19998#4002,,,,,
36,4-8齐心协力,574#36,0,60,120,671,8006#4,TileMap/tm03.jpg#TileMap/tm03a.jpg#TileMap/tm08b.jpg,3,9006#10001#4,,,,我打不过你，但是我还有兄弟,19998#4006,,,,,
37,4-9惊天动地,575#37,0,60,120,680,8001#8065#4,TileMap/tm02.jpg#TileMap/tm02a.jpg#TileMap/tm08b.jpg,2,9001#9065#10001#4,,,,太极功夫做馒头呢，惊天动地,19998#4005#4201,,,,,
38,4-10仙风道骨,576#38,0,60,120,690,8008#4,TileMap/tm09.jpg#TileMap/tm09a.jpg#TileMap/tm08b.jpg,9,9008#10001#4,,,,飘飘乎如遗世独立，羽化而登仙。,19998#4010,,,,,
39,4-11太极,962#577#39,0,60,120,700,8003#11004#4,TileMap/tm11.jpg#TileMap/tm11a.jpg#TileMap/tm08b.jpg,11,9003#10001#11004#4,,367#368#369#370#551#552,0,集齐七颗七龙珠，神能满足你的任何要求（捡肥皂除外）,19998#4002#13021,10,,,,
40,5-1茫茫草原,963#578#40,0,60,120,710,8012#5,TileMap/tm06.jpg#TileMap/tm06a.jpg#TileMap/tm04.jpg,6,9012#10001#5,,371#372#373,0,“苍茫的天涯是我的爱，绵绵的青山脚下花正开！”,19998#4012,,,,,
41,5-2草长莺飞,964#579#41,0,60,120,720,8002#8067#5,TileMap/tm07.jpg#TileMap/tm07a.jpg#TileMap/tm04a.jpg,7,9002#9067#10001#5,,,,草长莺飞二月天，拂堤杨柳醉春烟。,19998#4001#4031,,,,,
42,5-3野草闲花,965#580#42,0,60,120,731,8001#5,TileMap/tm04.jpg#TileMap/tm04a.jpg#TileMap/tm04b.jpg,4,9001#10001#5,,,,路边的野花不要采哟,19998#4005,,,,,
43,5-4草原大将,966#581#43,0,60,120,742,8007#8015#5,TileMap/tm01.jpg#TileMap/tm01a.jpg#TileMap/tm04.jpg,1,9007#9015#10001#5,,374#375#376,0,又是一个威武汉子,19998#4009#4124,,,,,
44,5-5一叶知秋,967#582#44,0,60,120,753,8010#5,TileMap/tm08.jpg#TileMap/tm08a.jpg#TileMap/tm04a.jpg,8,9010#10001#5,,,,微风毫不留情，把叶子吹落,19998#4011,,,,,
45,5-6芳草萋萋,968#583#45,0,60,120,765,8005#5,TileMap/tm03.jpg#TileMap/tm03a.jpg#TileMap/tm04b.jpg,3,9005#10001#5,,,,"晴川历历汉阳树, 芳草萋萋鹦鹉洲。",19998#4008,,,,,
46,5-7寸草不留,969#584#46,0,60,120,777,8004#5,TileMap/tm02.jpg#TileMap/tm02a.jpg#TileMap/tm02.jpg,2,9004#10001#5,,,,大地一变，直教寸草不留,19998#4007,,,,,
47,5-8树大根深,970#585#47,0,60,120,789,8001#5,TileMap/tm09.jpg#TileMap/tm09a.jpg#TileMap/tm02a.jpg,9,9001#10001#5,,377#378#379#380,0,不要看不起老将,19998#4005,,,,,
48,5-9草原铁骑,971#586#48,0,60,120,801,8012#8064#5,TileMap/tm11.jpg#TileMap/tm11a.jpg#TileMap/tm02b.jpg,11,9012#9064#10001#5,,,,蒙古为什么会有草原，据说是被铁骑兵给踏平的,19998#4012#4021,,,,,
49,5-10草木皆兵,972#587#49,0,60,120,814,8012#5,TileMap/tm06.jpg#TileMap/tm06a.jpg#TileMap/tm02b.jpg,6,9012#10001#5,,,,大草原上全是草，当然也有牛粪,19998#4012,,,,,
50,5-11弯弓射雕,973#588#50,0,60,120,826,8012#11005#5,TileMap/tm07.jpg#TileMap/tm07a.jpg#TileMap/tm02b.jpg,7,9012#10001#11005#5,,381#382#383#553,0,一代天骄成吉思汗，只识弯弓射大雕,19998#4012#13028,10,,,,
51,6-1恶徒,974#589#51,0,60,120,839,8009#6,TileMap/tm04.jpg#TileMap/tm04a.jpg#TileMap/tm06.jpg,4,9009#10001#6,,384#385#386#387,0,就问你怕不怕，怕不怕,19998#4004,,,,,
52,6-2终南山下,975#590#52,0,60,120,853,8010#8066#6,TileMap/tm01.jpg#TileMap/tm01a.jpg#TileMap/tm06a.jpg,1,9010#9066#10001#6,,,,放开那个女孩，让我来,19998#4011#4030,,,,,
53,6-3野鸡,976#591#53,0,60,120,866,8008#6,TileMap/tm08.jpg#TileMap/tm08a.jpg#TileMap/tm06b.jpg,8,9008#10001#6,,,,鸡肉味，嘎嘣脆,19998#4010,,,,,
54,6-4母老虎,977#592#54,0,60,120,880,8010#6,TileMap/tm03.jpg#TileMap/tm03a.jpg#TileMap/tm01.jpg,3,9010#10001#6,,388#389#390#391,0,老虎不发威，就是hello kitty,19998#4011,,,,,
55,6-5上山,978#593#55,0,60,120,894,8008#8016#6,TileMap/tm02.jpg#TileMap/tm02a.jpg#TileMap/tm01a.jpg,2,9008#9016#10001#6,,,,为什么道观都喜欢建在山上？,19998#4010#4127,,,,,
56,6-6寻觅,979#594#56,0,60,120,909,8003#6,TileMap/tm09.jpg#TileMap/tm09a.jpg#TileMap/tm01b.jpg,9,9003#10001#6,,,,寻寻觅觅，冷冷清清，凄凄惨惨戚戚,19998#4002,,,,,
57,6-7老顽童,980#595#57,0,60,120,923,8013#6,TileMap/tm11.jpg#TileMap/tm11a.jpg#TileMap/tm08.jpg,11,9013#10001#6,,392#393#394#395#396,0,师兄，救我,19998#4013,,,,,
58,6-8小树林,981#596#58,0,60,120,938,8001#8065#6,TileMap/tm06.jpg#TileMap/tm06a.jpg#TileMap/tm08a.jpg,6,9001#9065#10001#6,,,,小树林是个好地方,19998#4005#4201,,,,,
59,6-9全真教,982#597#59,0,60,120,953,8004#6,TileMap/tm07.jpg#TileMap/tm07a.jpg#TileMap/tm08b.jpg,7,9004#10001#6,,,,一群道士，就没有一个道姑,19998#4007,,,,,
60,6-10北斗七星,983#598#60,0,60,120,969,8009#6,TileMap/tm04.jpg#TileMap/tm04a.jpg#TileMap/tm08b.jpg,4,9009#10001#6,,,,一二三四五，人数不够也,19998#4004,,,,,
61,6-11萌萌哒,984#599#61,0,60,120,984,8011#6,TileMap/tm01.jpg#TileMap/tm01a.jpg#TileMap/tm08b.jpg,1,9011#10001#6,,397#398#399#400#401,0,没吃药的王重阳，感觉自己萌萌哒,19998#4003,,,,,
62,7-1梁山水军,985#600#62,0,60,120,1000,8012#8067#7,TileMap/tm08.jpg#TileMap/tm08a.jpg#TileMap/tm06.jpg,8,9012#9067#10001#7,,402#403#404#405#406,0,没有水，哪里来的水军,19998#4012#4031,,,,,
63,7-2杨柳树,986#601#63,0,60,120,1008,8007#7,TileMap/tm03.jpg#TileMap/tm03a.jpg#TileMap/tm06a.jpg,3,9007#10001#7,,,,据说有人可以徒手拔柳树，你行么？,19998#4009,,,,,
64,7-3野猪林,987#602#64,0,60,120,1013,8002#7,TileMap/tm02.jpg#TileMap/tm02a.jpg#TileMap/tm06b.jpg,2,9002#10001#7,,,,小心野猪出没,19998#4001,,,,,
65,7-4梁山步兵,988#603#65,0,60,120,1017,8013#7,TileMap/tm09.jpg#TileMap/tm09a.jpg#TileMap/tm05.jpg,9,9013#10001#7,,407#408,0,高清无码avi,19998#4013,,,,,
66,7-5祝家庄,989#604#66,0,60,120,1022,8011#8062#7,TileMap/tm11.jpg#TileMap/tm11a.jpg#TileMap/tm05a.jpg,11,9011#9062#10001#7,,,,祝家庄的人不一定就姓祝哟,19998#4003#4199,,,,,
67,7-6烦恼,990#605#67,0,60,120,1026,8004#7,TileMap/tm06.jpg#TileMap/tm06a.jpg#TileMap/tm05b.jpg,6,9004#10001#7,,,,在这混乱的年代，不是所有人都愿意当山贼,19998#4007,,,,,
68,7-7梁山骑兵,991#606#68,0,60,120,1031,8008#7,TileMap/tm07.jpg#TileMap/tm07a.jpg#TileMap/tm05b.jpg,7,9008#10001#7,,409#410#411#412,0,骑兵一般都不受欢迎,19998#4010,,,,,
69,7-8山神庙,992#607#69,0,60,120,1035,8007#7,TileMap/tm04.jpg#TileMap/tm04a.jpg#TileMap/tm09.jpg,4,9007#10001#7,,,,大雪纷飞的雪山中一座山神庙若隐若现,19998#4009,,,,,
70,7-9无奈,993#608#70,0,60,120,1040,8010#8015#7,TileMap/tm01.jpg#TileMap/tm01a.jpg#TileMap/tm09a.jpg,1,9010#9015#10001#7,,,,你是我无奈的选择，你只想跟一个好人,19998#4011#4124,,,,,
71,7-10重生,994#609#71,0,60,120,1045,8012#7,TileMap/tm08.jpg#TileMap/tm08a.jpg#TileMap/tm10.jpg,8,9012#10001#7,,,,此处不留爷，自有留爷处,19998#4012,,,,,
72,7-11千军万马,995#610#72,0,60,120,1050,8007#7,TileMap/tm03.jpg#TileMap/tm03a.jpg#TileMap/tm10.jpg,3,9007#10001#7,,,,一千军有一万匹马，人均下来每人10匹马,19998#4009,,,,,
73,7-12豹子头,996#611#73,0,60,120,1055,8012#11006#7,TileMap/tm02.jpg#TileMap/tm02a.jpg#TileMap/tm10.jpg,2,9012#10001#11006#7,,413#414#415#416,0,豹子头并不只有豹子才有，人也有,19998#4012#13025,10,,,,
74,8-1八仙过海,997#612#74,0,60,120,1060,8012#8,TileMap/tm09.jpg#TileMap/tm09a.jpg#TileMap/tm11.jpg,9,9012#10001#8,,417#418#419,0,八仙过海，打的就是你,19998#4012,,,,,
75,8-2大海,998#613#75,0,60,120,1065,8004#8064#8,TileMap/tm11.jpg#TileMap/tm11a.jpg#TileMap/tm11a.jpg,11,9004#9064#10001#8,,,,大海啊，全是水,19998#4007#4021,,,,,
76,8-3仙人洞,999#614#76,0,60,120,1070,8005#8,TileMap/tm06.jpg#TileMap/tm06a.jpg#TileMap/tm11b.jpg,6,9005#10001#8,,,,能不能成仙，就得看你的造化,19998#4008,,,,,
77,8-4扫地高人,1000#615#77,0,60,120,1075,8005#8066#8,TileMap/tm07.jpg#TileMap/tm07a.jpg#TileMap/tm05.jpg,7,9005#9066#10001#8,,420#421#422#423,0,这年头，扫地都必须要高学历外加轻功专业八级,19998#4008#4030,,,,,
78,8-5洞天,1001#616#78,0,60,120,1080,8009#8,TileMap/tm04.jpg#TileMap/tm04a.jpg#TileMap/tm05a.jpg,4,9009#10001#8,,,,山洞过后，别有洞天，犹如桃花源,19998#4004,,,,,
79,8-6暮云,1002#617#79,0,60,120,1086,8014#8065#8,TileMap/tm01.jpg#TileMap/tm01a.jpg#TileMap/tm05b.jpg,1,9014#9065#10001#8,,,,暮云四卷，天野茫茫垂碧,19998#4125#4201,,,,,
80,8-7浮空,1003#618#80,0,60,120,1091,8006#8,TileMap/tm08.jpg#TileMap/tm08a.jpg#TileMap/tm08.jpg,8,9006#10001#8,,,,碧沙浮空，端的清圆如壁,19998#4006,,,,,
81,8-8首席弟子,1004#619#81,0,60,120,1097,8010#8067#8,TileMap/tm03.jpg#TileMap/tm03a.jpg#TileMap/tm08a.jpg,3,9010#9067#10001#8,,424#425#426#427,0,据说，首席弟子当初咬了阿吕一口，阿吕才知道他的真心,19998#4011#4031,,,,,
82,8-9逍遥,1005#620#82,0,60,120,1102,8013#8,TileMap/tm02.jpg#TileMap/tm02a.jpg#TileMap/tm08b.jpg,2,9013#10001#8,,,,走啊走啊走，好汉跟我一起走,19998#4013,,,,,
83,8-10神威,1006#621#83,0,60,120,1108,8008#8020#8,TileMap/tm09.jpg#TileMap/tm09a.jpg#TileMap/tm08b.jpg,9,9008#9020#10001#8,,,,满堂花悲三千客，一剑寒霜十四州,19998#4010#4130,,,,,
84,8-11天巡,1007#622#84,0,60,120,1113,8011#8,TileMap/tm11.jpg#TileMap/tm11a.jpg#TileMap/tm08b.jpg,11,9011#10001#8,,,,本是无情客，惹来胭脂红,19998#4003,,,,,
85,8-12关门放狗,1008#623#85,0,60,120,1119,8002#8020#11007#8,TileMap/tm06.jpg#TileMap/tm06a.jpg#TileMap/tm08b.jpg,6,9002#9020#10001#11007#8,,428#429#430#431#432,0,汪，啊汪，啊汪啊汪啊汪，汪，啊汪，啊汪啊汪啊汪,19998#4001#4130#13022,10,,,,
86,9-1拳头,1009#624#86,0,60,120,1125,8010#8017#9,TileMap/tm07.jpg#TileMap/tm07a.jpg#TileMap/tm02.jpg,7,9010#9017#10001#9,,433#434#435,0,有时候交流不了，拳头就能解决一切,19998#4011#4126,,,,,
87,9-2暴力,1010#625#87,0,60,120,1131,8072#8018#9,TileMap/tm04.jpg#TileMap/tm04a.jpg#TileMap/tm02a.jpg,4,9072#9018#10001#9,,,,妈妈说，暴力可以解决一切,19998#4222#4128,,,,,
88,9-3岳家军,1011#626#88,0,60,120,1137,8068#8019#9,TileMap/tm01.jpg#TileMap/tm01a.jpg#TileMap/tm02b.jpg,1,9068#9019#10001#9,,,,撼山易，撼岳家军难,19998#4218#4129,,,,,
89,9-4一飞冲天,1012#627#89,0,60,120,1143,8062#8017#9,TileMap/tm08.jpg#TileMap/tm08a.jpg#TileMap/tm03.jpg,8,9062#9017#10001#9,,,,“虽无飞，飞必冲天；虽无鸣，鸣必惊人。”,19998#4199#4126,,,,,
90,9-5南柯,1013#628#90,0,60,120,1149,8063#8016#9,TileMap/tm03.jpg#TileMap/tm03a.jpg#TileMap/tm03a.jpg,3,9063#9016#10001#9,,,,大梦一场一场空。,19998#4200#4127,,,,,
91,9-6朱仙镇,1014#629#91,0,60,120,1155,8012#8020#9,TileMap/tm02.jpg#TileMap/tm02a.jpg#TileMap/tm03b.jpg,2,9012#9020#10001#9,,436#437#438,0,此朱仙非彼诛仙,19998#4012#4130,,,,,
92,9-7奔腾,1015#630#92,0,60,120,1161,8008#8018#9,TileMap/tm09.jpg#TileMap/tm09a.jpg#TileMap/tm06.jpg,9,9008#9018#10001#9,,,,“空中如万马奔腾，树杪似千军拥沓。”,19998#4010#4128,,,,,
93,9-8千变万化,1016#631#93,0,60,120,1168,8069#8018#9,TileMap/tm11.jpg#TileMap/tm11a.jpg#TileMap/tm06a.jpg,11,9069#9018#10001#9,,,,化成灰我都认得到你,19998#4219#4128,,,,,
94,9-9正气,1017#632#94,0,60,120,1174,8071#8016#9,TileMap/tm06.jpg#TileMap/tm06a.jpg#TileMap/tm06b.jpg,6,9071#9016#10001#9,,,,“存巍然正气，壮故乡山河。”,19998#4221#4127,,,,,
95,9-10埋骨场,1018#633#95,0,60,120,1180,8014#8018#9,TileMap/tm07.jpg#TileMap/tm07a.jpg#TileMap/tm03.jpg,7,9014#9018#10001#9,,,,死的人多了，这里自然而然就成了埋骨场,19998#4125#4128,,,,,
96,9-11青山,1019#634#96,0,60,120,1187,8070#8019#9,TileMap/tm04.jpg#TileMap/tm04a.jpg#TileMap/tm03a.jpg,4,9070#9019#10001#9,,,,青山不改，绿水长流,19998#4220#4129,,,,,
97,9-12满江红,1020#635#97,0,60,120,1193,8013#8016#11008#9,TileMap/tm01.jpg#TileMap/tm01a.jpg#TileMap/tm03b.jpg,1,9013#9016#10001#11008#9,,439#440#441#554,0,“怒发冲冠，凭栏处、潇潇雨歇。抬望眼、仰天长啸，壮怀激烈。三十功名尘与土，八千里路云和月。莫等闲、白了少年头，空悲切。”--岳飞,19998#4013#4127#13004,10,,,,
98,10-1土豪,1021#636#98,0,60,120,1200,8076#8015#10,TileMap/tm08.jpg#TileMap/tm08a.jpg#TileMap/tm01.jpg,8,9076#9015#10001#10,,442#443#444,0,西门家的小孩人傻钱多,19998#4226#4124,,,,,
99,10-2恶霸,1022#637#99,0,60,120,1209,8073#8019#10,TileMap/tm03.jpg#TileMap/tm03a.jpg#TileMap/tm01a.jpg,3,9073#9019#10001#10,,,,收保护费吃霸王餐什么的，最在行了,19998#4223#4129,,,,,
100,10-3地痞,1023#638#100,0,60,120,1214,8013#8020#10,TileMap/tm02.jpg#TileMap/tm02a.jpg#TileMap/tm01b.jpg,2,9013#9020#10001#10,,,,你弱他就强，你强他就弱,19998#4013#4130,,,,,
101,10-4报仇,1024#639#101,0,60,120,1219,8008#8016#10,TileMap/tm09.jpg#TileMap/tm09a.jpg#TileMap/tm07.jpg,9,9008#9016#10001#10,,445#446,0,打他儿子，抢他老婆,19998#4010#4127,,,,,
102,10-5流氓,1025#640#102,0,60,120,1223,8002#8020#10,TileMap/tm11.jpg#TileMap/tm11a.jpg#TileMap/tm07a.jpg,11,9002#9020#10001#10,,,,流氓会武术，谁都挡不住,19998#4001#4130,,,,,
103,10-6地头蛇,1026#641#103,0,60,120,1228,8003#8019#10,TileMap/tm06.jpg#TileMap/tm06a.jpg#TileMap/tm07b.jpg,6,9003#9019#10001#10,,,,这里我说了算,19998#4002#4129,,,,,
104,10-7暴发户,1027#642#104,0,60,120,1233,8014#8015#10,TileMap/tm07.jpg#TileMap/tm07a.jpg#TileMap/tm07b.jpg,7,9014#9015#10001#10,,,,有的人，一夜之间成了暴发户，而大部分人，却成了穷光蛋,19998#4125#4124,,,,,
105,10-8红苕花,1028#643#105,0,60,120,1238,8010#8018#10,TileMap/tm04.jpg#TileMap/tm04a.jpg#TileMap/tm11.jpg,4,9010#9018#10001#10,,447#448#449#450,0,红苕花也是花,19998#4011#4128,,,,,
106,10-9奸商,1029#644#106,0,60,120,1243,8012#8016#10,TileMap/tm01.jpg#TileMap/tm01a.jpg#TileMap/tm11a.jpg,1,9012#9016#10001#10,,,,正所谓无奸不商,19998#4012#4127,,,,,
107,10-10财主,1030#645#107,0,60,120,1248,8011#8015#10,TileMap/tm08.jpg#TileMap/tm08a.jpg#TileMap/tm11b.jpg,8,9011#9015#10001#10,,,,落魄的财主也是财主,19998#4003#4124,,,,,
108,10-11文化人,1031#646#108,0,60,120,1253,8078#8017#10,TileMap/tm03.jpg#TileMap/tm03a.jpg#TileMap/tm07a.jpg,3,9078#9017#10001#10,,,,别动手，我们都是文化人,19998#4228#4126,,,,,
109,10-12花花公子,1032#647#109,0,60,120,1258,8013#8015#10,TileMap/tm02.jpg#TileMap/tm02a.jpg#TileMap/tm07b.jpg,2,9013#9015#10001#10,,451#452#453,0,不得不说，西门庆还有点小帅,19998#4013#4124,,,,,
110,11-1你怎么看,1033#648#110,0,60,120,1263,8068#8015#11,TileMap/tm09.jpg#TileMap/tm09a.jpg#TileMap/tm03.jpg,9,9068#9015#10001#11,,454#455#456#457,0,没有什么事情能瞒过元芳,19998#4218#4124,,,,,
111,11-2白云,1034#649#111,0,60,120,1268,8012#8019#11,TileMap/tm11.jpg#TileMap/tm11a.jpg#TileMap/tm03a.jpg,11,9012#9019#10001#11,,,,蓝蓝的天空，白白的云朵,19998#4012#4129,,,,,
112,11-3夕阳,1035#650#112,0,60,120,1273,8062#8016#11,TileMap/tm06.jpg#TileMap/tm06a.jpg#TileMap/tm03b.jpg,6,9062#9016#10001#11,,,,夕阳西下，断肠人在天涯,19998#4199#4127,,,,,
113,11-4月黑,1036#651#113,0,60,120,1279,8072#8015#11,TileMap/tm07.jpg#TileMap/tm07a.jpg#TileMap/tm02.jpg,7,9072#9015#10001#11,,458#459,0,月黑杀人夜,19998#4222#4124,,,,,
114,11-5星高,1037#652#114,0,60,120,1284,8008#8018#11,TileMap/tm04.jpg#TileMap/tm04a.jpg#TileMap/tm02a.jpg,4,9008#9018#10001#11,,,,北斗七星高，哥舒夜带刀,19998#4010#4128,,,,,
115,11-6牧马,1038#653#115,0,60,120,1289,8069#8020#11,TileMap/tm01.jpg#TileMap/tm01a.jpg#TileMap/tm02b.jpg,1,9069#9020#10001#11,,,,至今窥牧马，不敢过临洮,19998#4219#4130,,,,,
116,11-7水深,1039#654#116,0,60,120,1295,8009#8019#11,TileMap/tm08.jpg#TileMap/tm08a.jpg#TileMap/tm04.jpg,8,9009#9019#10001#11,,,,旱鸭子请绕道,19998#4004#4129,,,,,
117,11-8风高,1040#655#117,0,60,120,1300,8063#8016#11,TileMap/tm03.jpg#TileMap/tm03a.jpg#TileMap/tm04a.jpg,3,9063#9016#10001#11,,460#461,0,风高放火天,19998#4200#4127,,,,,
118,11-9风雨,1041#656#118,0,60,120,1306,8006#8019#11,TileMap/tm02.jpg#TileMap/tm02a.jpg#TileMap/tm04b.jpg,2,9006#9019#10001#11,,,,一年四季，风雨无阻,19998#4006#4129,,,,,
119,11-10浮云,1042#657#119,0,60,120,1311,8062#8015#11,TileMap/tm09.jpg#TileMap/tm09a.jpg#TileMap/tm09.jpg,9,9062#9015#10001#11,,,,你能看透人生？,19998#4199#4124,,,,,
120,11-11疑惑,1043#658#120,0,60,120,1317,8008#8015#11,TileMap/tm11.jpg#TileMap/tm11a.jpg#TileMap/tm09.jpg,11,9008#9015#10001#11,,,,不要在意我是谁，不要以为我很遥远,19998#4010#4124,,,,,
121,11-12蹊跷,1044#659#121,0,60,120,1322,8070#8018#11009#11,TileMap/tm06.jpg#TileMap/tm06a.jpg#TileMap/tm09a.jpg,6,9070#9018#10001#11009#11,,462#463#464,0,这人头都没有了，肯定已经是了,19998#4220#4128#13013,10,,,,
122,12-1皇宫内院,1045#660#122,0,60,120,1328,8012#8020#12,TileMap/tm07.jpg#TileMap/tm07a.jpg#TileMap/tm07.jpg,7,9012#9020#10001#12,,465#466,0,皇宫肯定是戒备森严的。,19998#4012#4130,,,,,
123,12-2等待,1046#661#123,0,60,120,1334,8076#8020#12,TileMap/tm04.jpg#TileMap/tm04a.jpg#TileMap/tm07a.jpg,4,9076#9020#10001#12,,,,唯有等待中寻找一丝机会。,19998#4226#4130,,,,,
124,12-3夜幕降临,1047#662#124,0,60,120,1340,8014#8017#12,TileMap/tm01.jpg#TileMap/tm01a.jpg#TileMap/tm07b.jpg,1,9014#9017#10001#12,,,,日落西山，夜幕降临。,19998#4125#4126,,,,,
125,12-4秘密潜入,1048#663#125,0,60,120,1345,8009#8018#12,TileMap/tm08.jpg#TileMap/tm08a.jpg#TileMap/tm01.jpg,8,9009#9018#10001#12,,,,蹭着夜黑，可以悄悄的潜入皇宫。,19998#4004#4128,,,,,
126,12-5灯火通明,1049#664#126,0,60,120,1351,8011#8018#12,TileMap/tm03.jpg#TileMap/tm03a.jpg#TileMap/tm01a.jpg,3,9011#9018#10001#12,,,,即使是黑夜，也无法阻挡皇宫的光芒。,19998#4003#4128,,,,,
127,12-6翠微宫,1050#665#127,0,60,120,1357,8071#8017#12,TileMap/tm02.jpg#TileMap/tm02a.jpg#TileMap/tm01b.jpg,2,9071#9017#10001#12,,,,秋日凝翠岭，凉吹肃离宫。荷疏一盖缺，树冷半帷空。,19998#4221#4126,,,,,
128,12-7上官婉儿,1051#666#128,0,60,120,1363,8004#8018#12,TileMap/tm09.jpg#TileMap/tm09a.jpg#TileMap/tm03.jpg,9,9004#9018#10001#12,,467#468,0,婉儿姑娘已经改名，但她一直活在我们心中,19998#4007#4128,,,,,
129,12-8带刀侍卫,1052#667#129,0,60,120,1369,8013#8018#12,TileMap/tm11.jpg#TileMap/tm11a.jpg#TileMap/tm03a.jpg,11,9013#9018#10001#12,,,,别以为有刀就了不起，谁没有？,19998#4013#4128,,,,,
130,12-9亲兵,1053#668#130,0,60,120,1375,8012#8016#12,TileMap/tm06.jpg#TileMap/tm06a.jpg#TileMap/tm03b.jpg,6,9012#9016#10001#12,,,,女王陛下的亲兵护卫队。,19998#4012#4127,,,,,
131,12-10大殿,1054#669#131,0,60,120,1381,8011#8018#12,TileMap/tm07.jpg#TileMap/tm07a.jpg#TileMap/tm10.jpg,7,9011#9018#10001#12,,,,大殿之上坐着以为女帝，不过要靠近他有点难度,19998#4003#4128,,,,,
132,12-11突破,1055#670#132,0,60,120,1388,8073#8017#12,TileMap/tm04.jpg#TileMap/tm04a.jpg#TileMap/tm09.jpg,4,9073#9017#10001#12,,,,女王陛下就在前方,19998#4223#4126,,,,,
133,12-12女王大人,1056#671#133,0,60,120,1394,8007#8016#12,TileMap/tm01.jpg#TileMap/tm01a.jpg#TileMap/tm09a.jpg,1,9007#9016#10001#12,,469#470#471#472,0,请叫我女王大人,19998#4009#4127,,,,,
134,13-1路漫漫,1057#672#134,0,60,120,1400,8009#8020#13,TileMap/tm08.jpg#TileMap/tm08a.jpg#TileMap/tm11.jpg,8,9009#9020#10001#13,,473#474,0,路漫漫其修远兮,19998#4004#4130,,,,,
135,13-2淡月,1058#673#135,0,60,120,1410,8006#8016#13,TileMap/tm03.jpg#TileMap/tm03a.jpg#TileMap/tm11a.jpg,3,9006#9016#10001#13,,,,皎洁的月光，指引着前进的道路,19998#4006#4127,,,,,
136,13-3红云,1059#674#136,0,60,120,1414,8001#8017#13,TileMap/tm02.jpg#TileMap/tm02a.jpg#TileMap/tm11b.jpg,2,9001#9017#10001#13,,,,侍臣鹄立通明殿，一朵红云捧玉皇。,19998#4005#4126,,,,,
137,13-4踏雪,1060#675#137,0,60,120,1419,8005#8015#13,TileMap/tm09.jpg#TileMap/tm09a.jpg#TileMap/tm01.jpg,9,9005#9015#10001#13,,,,人生到处知何似，应似飞鸿踏雪泥。,19998#4008#4124,,,,,
138,13-5落花,1061#676#138,0,60,120,1424,8009#8019#13,TileMap/tm11.jpg#TileMap/tm11a.jpg#TileMap/tm01a.jpg,11,9009#9019#10001#13,,,,"落花人独立, 微雨燕双飞",19998#4004#4129,,,,,
139,13-6朝云,1062#677#139,0,60,120,1429,8078#8019#13,TileMap/tm06.jpg#TileMap/tm06a.jpg#TileMap/tm01b.jpg,6,9078#9019#10001#13,,,,朝云暮雨无定所,19998#4228#4129,,,,,
140,13-7青云,1063#678#140,0,60,120,1434,8007#8017#13,TileMap/tm07.jpg#TileMap/tm07a.jpg#TileMap/tm07.jpg,7,9007#9017#10001#13,,475#476,0,安禄山不是山,19998#4009#4126,,,,,
141,13-8花香,1064#679#141,0,60,120,1439,8006#8017#13,TileMap/tm04.jpg#TileMap/tm04a.jpg#TileMap/tm07a.jpg,4,9006#9017#10001#13,,,,春去春会来，花谢花会开,19998#4006#4126,,,,,
142,13-9花影,1065#680#142,0,60,120,1444,8014#8015#13,TileMap/tm01.jpg#TileMap/tm01a.jpg#TileMap/tm07b.jpg,1,9014#9015#10001#13,,,,重重叠叠上瑶台，几度呼童归不开,19998#4125#4124,,,,,
143,13-10快马,1066#681#143,0,60,120,1449,8008#8020#13,TileMap/tm08.jpg#TileMap/tm08a.jpg#TileMap/tm09.jpg,8,9008#9020#10001#13,,,,马儿跑的快，是因为鞭子抽的凶,19998#4010#4130,,,,,
144,13-11荔枝,1067#682#144,0,60,120,1454,8011#8020#13,TileMap/tm03.jpg#TileMap/tm03a.jpg#TileMap/tm09a.jpg,3,9011#9020#10001#13,,,,日啖荔枝三百颗,19998#4003#4130,,,,,
145,13-12天生丽质,1068#683#145,0,60,120,1460,8002#8016#11010#13,TileMap/tm02.jpg#TileMap/tm02a.jpg#TileMap/tm10.jpg,2,9002#9016#10001#11010#13,,477#478#479,0,天生丽质难自弃，一朝选在君王侧。,19998#4001#4127#13014,10,,,,
146,14-1小王,1069#684#146,0,60,120,1465,8007#8016#14,TileMap/tm09.jpg#TileMap/tm09a.jpg#TileMap/tm05.jpg,9,9007#9016#10001#14,,480#481,0,空山新雨后，天气晚来秋。--王维,19998#4009#4127,,,,,
147,14-2中王,1070#685#147,0,60,120,1470,8005#8020#14,TileMap/tm11.jpg#TileMap/tm11a.jpg#TileMap/tm05a.jpg,11,9005#9020#10001#14,,,,鹅 鹅 鹅， 曲 项 向 天 歌。--骆宾王,19998#4008#4130,,,,,
148,14-3大王,1071#686#148,0,60,120,1475,8081#8019#14,TileMap/tm06.jpg#TileMap/tm06a.jpg#TileMap/tm05b.jpg,6,9081#9019#10001#14,,,,海内存知己，天涯若比邻。--王勃,19998#4231#4129,,,,,
149,14-4小韩,1072#687#149,0,60,120,1481,8002#8016#14,TileMap/tm07.jpg#TileMap/tm07a.jpg#TileMap/tm07.jpg,7,9002#9016#10001#14,,,,师者，所以传道受业解惑也。--韩愈,19998#4001#4127,,,,,
150,14-5小柳,1073#688#150,0,60,120,1486,8008#8019#14,TileMap/tm04.jpg#TileMap/tm04a.jpg#TileMap/tm07a.jpg,4,9008#9019#10001#14,,,,千山鸟飞绝，万径人踪灭。--柳宗元,19998#4010#4129,,,,,
151,14-6小孟,1074#689#151,0,60,120,1491,8079#8021#14,TileMap/tm01.jpg#TileMap/tm01a.jpg#TileMap/tm07b.jpg,1,9079#9021#10001#14,,482#483,0,春眠不觉晓，处处闻啼鸟。--小孟,19998#4229#4172,,,,,
152,14-7小李,1075#690#152,0,60,120,1497,8010#8026#14,TileMap/tm08.jpg#TileMap/tm08a.jpg#TileMap/tm11.jpg,8,9010#9026#10001#14,,,,黑云压城城欲摧，甲光向日金鳞开。--李贺,19998#4011#4188,,,,,
153,14-8小杜,1076#691#153,0,60,120,1502,8013#8036#14,TileMap/tm03.jpg#TileMap/tm03a.jpg#TileMap/tm11a.jpg,3,9013#9036#10001#14,,,,六王毕，四海一。蜀山兀，阿房出。--杜牧,19998#4013#4194,,,,,
154,14-9小白,1077#692#154,0,60,120,1508,8009#8021#14,TileMap/tm02.jpg#TileMap/tm02a.jpg#TileMap/tm11b.jpg,2,9009#9021#10001#14,,,,回眸一笑百媚生，六宫粉黛无颜色。--白居易,19998#4004#4172,,,,,
155,14-10大杜,1078#693#155,0,60,120,1513,8012#8031#14,TileMap/tm09.jpg#TileMap/tm09a.jpg#TileMap/tm01.jpg,9,9012#9031#10001#14,,,,国破山河在，城春草木深。--杜甫,19998#4012#4133,,,,,
156,14-11大李,1079#694#156,0,60,120,1519,8005#8025#14,TileMap/tm11.jpg#TileMap/tm11a.jpg#TileMap/tm01a.jpg,11,9005#9025#10001#14,,,,身无彩凤双飞翼，心有灵犀一点通。--李商隐,19998#4008#4176,,,,,
157,14-12老李,1080#695#157,0,60,120,1524,8073#8019#11011#14,TileMap/tm06.jpg#TileMap/tm06a.jpg#TileMap/tm01b.jpg,6,9073#9019#10001#11011#14,,484#485,0,“君不见，黄河之水天上来，奔流到海不复回！”--李白,19998#4223#4129#13023,10,,,,
158,15-1意志,1081#696#158,0,60,120,1530,8006#8029#15,TileMap/tm07.jpg#TileMap/tm07a.jpg#TileMap/tm03.jpg,7,9006#9029#10001#15,,486#487,0,坚强的意志是因为威胁不够大,19998#4006#4131,,,,,
159,15-2追随,1082#697#159,0,60,120,1535,8008#8032#15,TileMap/tm04.jpg#TileMap/tm04a.jpg#TileMap/tm03.jpg,4,9008#9032#10001#15,,,,来追我呀，来呀,19998#4010#4191,,,,,
160,15-3埋伏,1083#698#160,0,60,120,1541,8068#8035#15,TileMap/tm01.jpg#TileMap/tm01a.jpg#TileMap/tm03.jpg,1,9068#9035#10001#15,,,,追，叫你追，三个追一个，被埋伏了哇,19998#4218#4193,,,,,
161,15-4陷阵,1084#699#161,0,60,120,1547,8014#8023#15,TileMap/tm08.jpg#TileMap/tm08a.jpg#TileMap/tm03a.jpg,8,9014#9023#10001#15,,,,越是危机的时候越是要淡定,19998#4125#4174,,,,,
162,15-5突进,1085#700#162,0,60,120,1553,8009#8036#15,TileMap/tm03.jpg#TileMap/tm03a.jpg#TileMap/tm03a.jpg,3,9009#9036#10001#15,,,,一鼓作气，再而衰，三而竭,19998#4004#4194,,,,,
163,15-6虎母,1086#701#163,0,60,120,1558,8004#8022#15,TileMap/tm02.jpg#TileMap/tm02a.jpg#TileMap/tm03a.jpg,2,9004#9022#10001#15,,488#489,0,都说虎父无犬子，虎子也有虎母,19998#4007#4173,,,,,
164,15-7奋战,1087#702#164,0,60,120,1564,8009#8018#15,TileMap/tm09.jpg#TileMap/tm09a.jpg#TileMap/tm03b.jpg,9,9009#9018#10001#15,,,,坚持，坚持就是胜利,19998#4004#4128,,,,,
165,15-8突围,1088#703#165,0,60,120,1570,8002#8021#15,TileMap/tm11.jpg#TileMap/tm11a.jpg#TileMap/tm03b.jpg,11,9002#9021#10001#15,,,,经过一番厮杀，终于冲出了包围,19998#4001#4172,,,,,
166,15-9破竹,1089#704#166,0,60,120,1576,8006#8031#15,TileMap/tm06.jpg#TileMap/tm06a.jpg#TileMap/tm10.jpg,6,9006#9031#10001#15,,,,什么是气势，气势就是远远的看着竹子，不知道为什么，竹子就破了,19998#4006#4133,,,,,
167,15-10玄武门,1090#705#167,0,60,120,1582,8005#8019#15,TileMap/tm07.jpg#TileMap/tm07a.jpg#TileMap/tm10.jpg,7,9005#9019#10001#15,,,,玄武门又硬又大，怎么才能攻进去,19998#4008#4129,,,,,
168,15-11三板斧,1091#706#168,0,60,120,1588,8080#8031#15,TileMap/tm04.jpg#TileMap/tm04a.jpg#TileMap/tm10.jpg,4,9080#9031#10001#15,,,,程咬金专属,19998#4230#4133,,,,,
169,15-12横扫千军,1092#707#169,0,60,120,1594,8069#8029#11012#15,TileMap/tm01.jpg#TileMap/tm01a.jpg#TileMap/tm10.jpg,1,9069#9029#10001#11012#15,,490#491,0,敢不敢让我先砍三斧头,19998#4219#4131#13007,10,,,,
170,16-1忠心,1093#708#170,0,60,120,1600,8011#8021#16,TileMap/tm08.jpg#TileMap/tm08a.jpg#TileMap/tm11.jpg,8,9011#9021#10001#16,,492#493,0,生是皇家的人，死是皇家的鬼,19998#4003#4172,,,,,
171,16-2思考,1094#709#171,0,60,120,1610,8014#8031#16,TileMap/tm03.jpg#TileMap/tm03a.jpg#TileMap/tm11a.jpg,3,9014#9031#10001#16,,,,他们这种忠心护主的行为，让人费解,19998#4125#4133,,,,,
172,16-3天空,1095#710#172,0,60,120,1615,8009#8021#16,TileMap/tm02.jpg#TileMap/tm02a.jpg#TileMap/tm11b.jpg,2,9009#9021#10001#16,,,,我没有看天，我只是在思考人生,19998#4004#4172,,,,,
173,16-4惊雷,1096#711#173,0,60,120,1620,8010#8036#16,TileMap/tm09.jpg#TileMap/tm09a.jpg#TileMap/tm07.jpg,9,9010#9036#10001#16,,,,天空一声惊雷，模糊中是一道人影,19998#4011#4194,,,,,
174,16-5背影,1097#712#174,0,60,120,1625,8070#8030#16,TileMap/tm11.jpg#TileMap/tm11a.jpg#TileMap/tm07a.jpg,11,9070#9030#10001#16,,,,朝着眼前模糊的背影前进，看清他的真面目,19998#4220#4132,,,,,
175,16-6伟岸,1098#713#175,0,60,120,1630,8004#8030#16,TileMap/tm06.jpg#TileMap/tm06a.jpg#TileMap/tm07b.jpg,6,9004#9030#10001#16,,,,一道雄伟的身子挡在你的前面，让你无法直视,19998#4007#4132,,,,,
176,16-7闪瞎,1099#714#176,0,60,120,1635,8014#8033#16,TileMap/tm07.jpg#TileMap/tm07a.jpg#TileMap/tm09.jpg,7,9014#9033#10001#16,,,,小心你的眼睛,19998#4125#4189,,,,,
177,16-8射杀,1100#715#177,0,60,120,1640,8006#8026#16,TileMap/tm04.jpg#TileMap/tm04a.jpg#TileMap/tm09a.jpg,4,9006#9026#10001#16,,,,小心他的箭，注意你的膝盖,19998#4006#4188,,,,,
178,16-9激战,1101#716#178,0,60,120,1645,8005#8029#16,TileMap/tm01.jpg#TileMap/tm01a.jpg#TileMap/tm09a.jpg,1,9005#9029#10001#16,,,,这是一场苦战，谁胜谁负无人知晓,19998#4008#4131,,,,,
179,16-10辕门,1102#717#179,0,60,120,1650,8071#8023#16,TileMap/tm08.jpg#TileMap/tm08a.jpg#TileMap/tm10.jpg,8,9071#9023#10001#16,,,,孤云将野鹤，岂向人间往,19998#4221#4174,,,,,
180,16-11繁华,1103#718#180,0,60,120,1655,8007#8019#16,TileMap/tm03.jpg#TileMap/tm03a.jpg#TileMap/tm10.jpg,3,9007#9019#10001#16,,,,皇宫的夜晚，也犹如白昼,19998#4009#4129,,,,,
181,16-12盖世英雄,1104#719#181,0,60,120,1661,8001#8035#11013#16,TileMap/tm02.jpg#TileMap/tm02a.jpg#TileMap/tm10.jpg,2,9001#9035#10001#11013#16,,494#495#496,0,五百年太短,19998#4005#4193#13031,10,,,,
182,17-1痴心妄想,1105#720#182,0,60,120,1666,8012#8025#17,TileMap/tm09.jpg#TileMap/tm09a.jpg#TileMap/tm01.jpg,9,9012#9025#10001#17,,497#498,0,待我们踏平中原中原之日，就是你们的死期,19998#4012#4176,,,,,
183,17-2柔然,1106#721#183,0,60,120,1671,8002#8036#17,TileMap/tm11.jpg#TileMap/tm11a.jpg#TileMap/tm01a.jpg,11,9002#9036#10001#17,,,,柔然的游牧名族，杀光他们,19998#4001#4194,,,,,
184,17-3千夫长,1107#722#184,0,60,120,1676,8072#8018#17,TileMap/tm06.jpg#TileMap/tm06a.jpg#TileMap/tm01b.jpg,6,9072#9018#10001#17,,,,虽然为千夫长，但是时间不等人,19998#4222#4128,,,,,
185,17-4从军,1108#723#185,0,60,120,1682,8011#8031#17,TileMap/tm07.jpg#TileMap/tm07a.jpg#TileMap/tm02.jpg,7,9011#9031#10001#17,,,,一切为了父亲和弟弟，替父从军,19998#4003#4133,,,,,
186,17-5艰难,1109#724#186,0,60,120,1687,8004#8026#17,TileMap/tm04.jpg#TileMap/tm04a.jpg#TileMap/tm02a.jpg,4,9004#9026#10001#17,,,,让一个女人在男人堆里面生活十几年，你能想象吗,19998#4007#4188,,,,,
187,17-6隐蔽,1110#725#187,0,60,120,1692,8006#8023#17,TileMap/tm01.jpg#TileMap/tm01a.jpg#TileMap/tm02b.jpg,1,9006#9023#10001#17,,,,没有人发现她居然是个女人,19998#4006#4174,,,,,
188,17-7英姿,1111#726#188,0,60,120,1698,8014#8016#17,TileMap/tm08.jpg#TileMap/tm08a.jpg#TileMap/tm03.jpg,8,9014#9016#10001#17,,,,谁说女人就不能上阵打仗？,19998#4125#4127,,,,,
189,17-8凯旋,1112#727#189,0,60,120,1703,8076#8033#17,TileMap/tm03.jpg#TileMap/tm03a.jpg#TileMap/tm03a.jpg,3,9076#9033#10001#17,,,,待我完成使命，凯旋归来,19998#4226#4189,,,,,
190,17-9双兔,1113#728#190,0,60,120,1709,8001#8027#17,TileMap/tm02.jpg#TileMap/tm02a.jpg#TileMap/tm03b.jpg,2,9001#9027#10001#17,,,,双兔傍地走，安能辨我是雄雌,19998#4005#4134,,,,,
191,17-10欺君,1114#729#191,0,60,120,1714,8081#8021#17,TileMap/tm09.jpg#TileMap/tm09a.jpg#TileMap/tm09.jpg,9,9081#9021#10001#17,,,,一般来说，欺君就是作死，但是,19998#4231#4172,,,,,
192,17-11乐府,1115#730#192,0,60,120,1720,8034#8033#17,TileMap/tm11.jpg#TileMap/tm11a.jpg#TileMap/tm09a.jpg,11,9034#9033#10001#17,,,,唧唧复唧唧，木兰当户织,19998#4135#4189,,,,,
193,17-12花花,1116#731#193,0,60,120,1725,8013#8034#11014#17,TileMap/tm06.jpg#TileMap/tm06a.jpg#TileMap/tm10.jpg,6,9013#9034#10001#11014#17,,499#500#501,0,你可以叫我木兰，也可以叫我花花,19998#4013#4135#13008,10,,,,
194,18-1大江东去,1117#732#194,0,60,120,1731,8078#8034#18,TileMap/tm07.jpg#TileMap/tm07a.jpg#TileMap/tm03.jpg,7,9078#9034#10001#18,,,,滚滚长江东逝水,19998#4228#4135,,,,,
195,18-2浪淘尽,1118#733#195,0,60,120,1736,8011#8020#18,TileMap/tm04.jpg#TileMap/tm04a.jpg#TileMap/tm03a.jpg,4,9011#9020#10001#18,,,,远处的悬崖之上，有两个苍劲有力的大字：赤壁。,19998#4003#4130,,,,,
196,18-3千古风流,1119#734#196,0,60,120,1742,8012#8031#18,TileMap/tm01.jpg#TileMap/tm01a.jpg#TileMap/tm03b.jpg,1,9012#9031#10001#18,,,,古往今来，有多少风流人物？,19998#4012#4133,,,,,
197,18-4故垒西边,1120#735#197,0,60,120,1748,8013#8027#18,TileMap/tm08.jpg#TileMap/tm08a.jpg#TileMap/tm06.jpg,8,9013#9027#10001#18,,,,曾经，曾经这里是一座军营,19998#4013#4134,,,,,
198,18-5赤壁,1121#736#198,0,60,120,1753,8014#8030#18,TileMap/tm03.jpg#TileMap/tm03a.jpg#TileMap/tm06a.jpg,3,9014#9030#10001#18,,,,人道是三国周郎赤壁,19998#4125#4132,,,,,
199,18-6乱石穿空,1122#737#199,0,60,120,1759,8008#8035#18,TileMap/tm02.jpg#TileMap/tm02a.jpg#TileMap/tm06b.jpg,2,9008#9035#10001#18,,,,走位要风骚，反应要迅捷,19998#4010#4193,,,,,
200,18-7惊涛,1123#738#200,0,60,120,1765,8080#8026#18,TileMap/tm09.jpg#TileMap/tm09a.jpg#TileMap/tm07.jpg,9,9080#9026#10001#18,,,,常在河边走，哪有不湿鞋,19998#4230#4188,,,,,
201,18-8千堆雪,1124#739#201,0,60,120,1771,8008#8031#18,TileMap/tm11.jpg#TileMap/tm11a.jpg#TileMap/tm07a.jpg,11,9008#9031#10001#18,,,,眼前除了白，还是白,19998#4010#4133,,,,,
202,18-9江山如画,1125#740#202,0,60,120,1776,8013#8015#18,TileMap/tm06.jpg#TileMap/tm06a.jpg#TileMap/tm07b.jpg,6,9013#9015#10001#18,,,,这画面太美，我不敢看,19998#4013#4124,,,,,
203,18-10英豪,1126#741#203,0,60,120,1782,8014#8016#18,TileMap/tm07.jpg#TileMap/tm07a.jpg#TileMap/tm05.jpg,7,9014#9016#10001#18,,,,问天下英雄，舍我其谁,19998#4125#4127,,,,,
204,18-11人生如梦,1127#742#204,0,60,120,1788,8009#8015#18,TileMap/tm04.jpg#TileMap/tm04a.jpg#TileMap/tm05b.jpg,4,9009#9015#10001#18,,,,皇图霸业谈笑中，不胜人生一场醉,19998#4004#4124,,,,,
205,18-12小乔,1128#743#205,0,60,120,1794,8008#8033#11015#18,TileMap/tm01.jpg#TileMap/tm01a.jpg#TileMap/tm05a.jpg,1,9008#9033#10001#11015#18,,502#503#504,0,枯藤老树昏鸦，小桥流水人家,19998#4010#4189#13019,10,,,,
206,19-1语笑嫣然,1129#744#206,0,60,120,1800,8006#8034#19,TileMap/tm08.jpg#TileMap/tm08a.jpg#TileMap/tm11.jpg,8,9006#9034#10001#19,,,,“嫣然一笑，惑阳城，迷下蔡。”,19998#4006#4135,,,,,
207,19-2冰肌玉骨,1130#745#207,0,60,120,1810,8079#8035#19,TileMap/tm03.jpg#TileMap/tm03a.jpg#TileMap/tm11a.jpg,3,9079#9035#10001#19,,,,“冰肌玉骨，自清凉无汗。”,19998#4229#4193,,,,,
208,19-3肤如凝脂,1131#746#208,0,60,120,1815,8005#8032#19,TileMap/tm02.jpg#TileMap/tm02a.jpg#TileMap/tm11b.jpg,2,9005#9032#10001#19,,,,“手如柔荑，肤如凝脂，领如蝤蛴，齿如瓠犀；螓首蛾眉。巧笑倩兮，美目盼兮。”,19998#4008#4191,,,,,
209,19-4冰雪聪明,1132#747#209,0,60,120,1820,8002#8031#19,TileMap/tm09.jpg#TileMap/tm09a.jpg#TileMap/tm01.jpg,9,9002#9031#10001#19,,,,“冰雪净聪明，雷霆走精锐。”,19998#4001#4133,,,,,
210,19-5天生丽质,1133#748#210,0,60,120,1825,8004#8024#19,TileMap/tm11.jpg#TileMap/tm11a.jpg#TileMap/tm01a.jpg,11,9004#9024#10001#19,,,,“天生丽质难自弃，一朝选在君王侧。”,19998#4007#4175,,,,,
211,19-6小鸟依人,1134#749#211,0,60,120,1830,8007#8033#19,TileMap/tm06.jpg#TileMap/tm06a.jpg#TileMap/tm01b.jpg,6,9007#9033#10001#19,,,,飞鸟依人，自加怜爱,19998#4009#4189,,,,,
212,19-7仪态万方,1135#750#212,0,60,120,1835,8003#8031#19,TileMap/tm07.jpg#TileMap/tm07a.jpg#TileMap/tm07.jpg,7,9003#9031#10001#19,,,,“素女为我师，仪态盈万方。”,19998#4002#4133,,,,,
213,19-8美轮美奂,1136#751#213,0,60,120,1840,8014#8028#19,TileMap/tm04.jpg#TileMap/tm04a.jpg#TileMap/tm07a.jpg,4,9014#9028#10001#19,,,,“美哉轮焉，美哉奂焉。”,19998#4125#4177,,,,,
214,19-9出水芙蓉,1137#752#214,0,60,120,1846,8001#8020#19,TileMap/tm01.jpg#TileMap/tm01a.jpg#TileMap/tm07b.jpg,1,9001#9020#10001#19,,,,谢诗如芙蓉出水，颜如错彩镂金。”,19998#4005#4130,,,,,
215,19-10美目盼兮,1138#753#215,0,60,120,1851,8006#8025#19,TileMap/tm08.jpg#TileMap/tm08a.jpg#TileMap/tm09.jpg,8,9006#9025#10001#19,,,,看着我的眼睛，你着迷了吗,19998#4006#4176,,,,,
216,19-11人见人爱,1139#754#216,0,60,120,1856,8009#8021#19,TileMap/tm03.jpg#TileMap/tm03a.jpg#TileMap/tm09a.jpg,3,9009#9021#10001#19,,,,我是人见人爱，花间花开，车见车爆胎,19998#4004#4172,,,,,
217,19-12楚楚动人,1140#755#217,0,60,120,1861,8006#8016#19,TileMap/tm02.jpg#TileMap/tm02a.jpg#TileMap/tm10.jpg,2,9006#9016#10001#19,,505#506,0,夫君，救我,19998#4006#4127,,,,,
218,20-1兵临城下,1141#756#218,0,60,120,1867,8001#8023#20,TileMap/tm09.jpg#TileMap/tm09a.jpg#TileMap/tm03.jpg,9,9001#9023#10001#20,,,,前方就是吕布的大本营,19998#4005#4174,,,,,
219,20-2无名小卒,1142#757#219,0,60,120,1872,8004#8033#20,TileMap/tm11.jpg#TileMap/tm11a.jpg#TileMap/tm03a.jpg,11,9004#9033#10001#20,,,,小兵虽小，但是有时候却会杀死大将,19998#4007#4189,,,,,
220,20-3养精蓄锐,1143#758#220,0,60,120,1877,8011#8018#20,TileMap/tm06.jpg#TileMap/tm06a.jpg#TileMap/tm03b.jpg,6,9011#9018#10001#20,,,,养足精气神，在大战三百回合。,19998#4003#4128,,,,,
221,20-4手无寸铁,1144#759#221,0,60,120,1882,8002#8024#20,TileMap/tm07.jpg#TileMap/tm07a.jpg#TileMap/tm03.jpg,7,9002#9024#10001#20,,,,谁说打架一定要拿铁，我们都拿板砖。,19998#4001#4175,,,,,
222,20-5井底之蛙,1145#760#222,0,60,120,1888,8009#8026#20,TileMap/tm04.jpg#TileMap/tm04a.jpg#TileMap/tm03a.jpg,4,9009#9026#10001#20,,,,“井蛙不可以语于海者，拘于虚也。”,19998#4004#4188,,,,,
223,20-6江郎才尽,1146#761#223,0,60,120,1893,8014#8028#20,TileMap/tm01.jpg#TileMap/tm01a.jpg#TileMap/tm03b.jpg,1,9014#9028#10001#20,,,,“淹乃探怀中得五色笔一以授之。尔后为诗绝无美句，时人谓之才尽。”,19998#4125#4177,,,,,
224,20-7赤膊上阵,1147#762#224,0,60,120,1899,8002#8031#20,TileMap/tm08.jpg#TileMap/tm08a.jpg#TileMap/tm06.jpg,8,9002#9031#10001#20,,,,外套脱掉脱掉，光膀子干架。,19998#4001#4133,,,,,
225,20-8十万火急,1148#763#225,0,60,120,1904,8006#8028#20,TileMap/tm03.jpg#TileMap/tm03a.jpg#TileMap/tm06a.jpg,3,9006#9028#10001#20,,,,什么事情能有火急,19998#4006#4177,,,,,
226,20-9迫不及待,1149#764#226,0,60,120,1909,8014#8017#20,TileMap/tm02.jpg#TileMap/tm02a.jpg#TileMap/tm06b.jpg,2,9014#9017#10001#20,,,,别着急，慢慢来，心急吃不了热豆腐,19998#4125#4126,,,,,
227,20-10势不可挡,1150#765#227,0,60,120,1915,8063#8031#20,TileMap/tm09.jpg#TileMap/tm09a.jpg#TileMap/tm09.jpg,9,9063#9031#10001#20,,,,“群逆纵逸，其势不可当，可以算屈，难以力竞。”,19998#4200#4133,,,,,
228,20-11冲锋,1151#766#228,0,60,120,1920,8013#8029#20,TileMap/tm11.jpg#TileMap/tm11a.jpg#TileMap/tm09a.jpg,11,9013#9029#10001#20,,,,胜利的号角已经响起,19998#4013#4131,,,,,
229,20-12第一猛将,1152#767#229,0,60,120,1926,8081#8032#20,TileMap/tm06.jpg#TileMap/tm06a.jpg#TileMap/tm10.jpg,6,9081#9032#10001#20,,507#508,0,想要打败，刘关张来三组都不行,19998#4231#4191,,,,,
230,21-1西蜀,1153#768#230,0,60,120,1932,8008#8031#21,TileMap/tm07.jpg#TileMap/tm07a.jpg#TileMap/tm04.jpg,7,9008#9031#10001#21,,,,蜀道难，难于上青天。,19998#4010#4133,,,,,
231,21-2入川,1154#769#231,0,60,120,1937,8010#8031#21,TileMap/tm04.jpg#TileMap/tm04a.jpg#TileMap/tm04a.jpg,4,9010#9031#10001#21,,,,蜀道再难，也阻挡不了前进的步伐。,19998#4011#4133,,,,,
232,21-3天府,1155#770#232,0,60,120,1943,8006#8021#21,TileMap/tm01.jpg#TileMap/tm01a.jpg#TileMap/tm04b.jpg,1,9006#9021#10001#21,,,,真是一片富饶的土地啊，听说这里美女灰常的多！,19998#4006#4172,,,,,
233,21-4一马平川,1156#771#233,0,60,120,1948,8014#8024#21,TileMap/tm08.jpg#TileMap/tm08a.jpg#TileMap/tm02.jpg,8,9014#9024#10001#21,,,,一望无际的平原暗藏杀机。,19998#4125#4175,,,,,
234,21-5大杀四方,1157#772#234,0,60,120,1954,8007#8015#21,TileMap/tm03.jpg#TileMap/tm03a.jpg#TileMap/tm02a.jpg,3,9007#9015#10001#21,,,,还有谁，特么的还有谁？,19998#4009#4124,,,,,
235,21-6熊熊斗志,1158#773#235,0,60,120,1960,8009#8033#21,TileMap/tm02.jpg#TileMap/tm02a.jpg#TileMap/tm02b.jpg,2,9009#9033#10001#21,,,,倒下的是身躯，不灭的是意志！,19998#4004#4189,,,,,
236,21-7虎穴,1159#774#236,0,60,120,1965,8001#8018#21,TileMap/tm09.jpg#TileMap/tm09a.jpg#TileMap/tm01.jpg,9,9001#9018#10001#21,,,,正所谓不入虎穴，焉得虎子！,19998#4005#4128,,,,,
237,21-8熊窝,1160#775#237,0,60,120,1971,8002#8030#21,TileMap/tm11.jpg#TileMap/tm11a.jpg#TileMap/tm01a.jpg,11,9002#9030#10001#21,,,,里面有两头熊：熊大和熊二。,19998#4001#4132,,,,,
238,21-9桃花林,1161#776#238,0,60,120,1977,8011#8024#21,TileMap/tm06.jpg#TileMap/tm06a.jpg#TileMap/tm01b.jpg,6,9011#9024#10001#21,,,,人面不知何处去，桃花依旧笑春风。,19998#4003#4175,,,,,
239,21-10破门而入,1162#777#239,0,60,120,1983,8004#8022#21,TileMap/tm07.jpg#TileMap/tm07a.jpg#TileMap/tm09.jpg,7,9004#9022#10001#21,,,,还好门是木门，不是钢的。,19998#4007#4173,,,,,
240,21-11风度翩翩,1163#778#240,0,60,120,1988,8010#8021#21,TileMap/tm04.jpg#TileMap/tm04a.jpg#TileMap/t06.jpg,4,9010#9021#10001#21,,,,三国第一大帅哥，非赵云莫属,19998#4011#4172,,,,,
241,21-12子龙,1164#779#241,0,60,120,1994,8005#8036#21,TileMap/tm01.jpg#TileMap/tm01a.jpg#TileMap/tm06a.jpg,1,9005#9036#10001#21,,509#510,0,一点寒芒先到，随后枪出如龙,19998#4008#4194,,,,,
242,22-1荆州,1165#780#242,0,60,120,2000,8011#8027#22,TileMap/tm08.jpg#TileMap/tm08a.jpg#TileMap/tm06b.jpg,8,9011#9027#10001#22,,,,荆州境内到处都是蜀国精兵！,19998#4003#4134,,,,,
243,22-2西瓜地,1166#781#243,0,60,120,2010,8009#8031#22,TileMap/tm03.jpg#TileMap/tm03a.jpg#TileMap/tm01.jpg,3,9009#9031#10001#22,,,,打架打累了，吃点西瓜吧！怎么有只猹！,19998#4004#4133,,,,,
244,22-3茶铺,1167#782#244,0,60,120,2015,8079#8015#22,TileMap/tm02.jpg#TileMap/tm02a.jpg#TileMap/tm01a.jpg,2,9079#9015#10001#22,,,,蜀汉好凉茶，蜀汉好声音！,19998#4229#4124,,,,,
245,22-4优美歌声,1168#783#245,0,60,120,2020,8007#8015#22,TileMap/tm09.jpg#TileMap/tm09a.jpg#TileMap/tm01b.jpg,9,9007#9015#10001#22,,,,远处传来一曲动听的歌声，让人沉醉。,19998#4009#4124,,,,,
246,22-5麦田,1169#784#246,0,60,120,2025,8012#8033#22,TileMap/tm11.jpg#TileMap/tm11a.jpg#TileMap/tm02.jpg,11,9012#9033#10001#22,,,,麦子成熟的季节，黄灿灿的一片，煞是好看！,19998#4012#4189,,,,,
247,22-6埋伏,1170#785#247,0,60,120,2030,8005#8031#22,TileMap/tm06.jpg#TileMap/tm06a.jpg#TileMap/tm02a.jpg,6,9005#9031#10001#22,,,,突然，四周出现了无数的士兵，我猜，你一定是中埋伏了,19998#4008#4133,,,,,
248,22-7脱险,1171#786#248,0,60,120,2036,8013#8030#22,TileMap/tm07.jpg#TileMap/tm07a.jpg#TileMap/tm02b.jpg,7,9013#9030#10001#22,,,,在哪箭雨到达头顶的时候，一个传送阵出现！,19998#4013#4132,,,,,
249,22-8包围,1172#787#249,0,60,120,2041,8011#8021#22,TileMap/tm04.jpg#TileMap/tm04a.jpg#TileMap/tm03.jpg,4,9011#9021#10001#22,,,,一群刀兵包围了过来，看来只有放手一搏了。,19998#4003#4172,,,,,
250,22-9三千铁骑,1173#788#250,0,60,120,2046,8005#8029#22,TileMap/tm01.jpg#TileMap/tm01a.jpg#TileMap/tm03a.jpg,1,9005#9029#10001#22,,,,铁骑三千奈我何？,19998#4008#4131,,,,,
251,22-10五关,1174#789#251,0,60,120,2051,8010#8017#22,TileMap/tm08.jpg#TileMap/tm08a.jpg#TileMap/tm03b.jpg,8,9010#9017#10001#22,,,,一二三四五上山打老虎,19998#4011#4126,,,,,
252,22-11六将,1175#790#252,0,60,120,2056,8003#8017#22,TileMap/tm03.jpg#TileMap/tm03a.jpg#TileMap/tm09.jpg,3,9003#9017#10001#22,,,,杀人，不过就是一刀的事,19998#4002#4126,,,,,
253,22-12大红脸,1176#791#253,0,60,120,2062,8008#8015#22,TileMap/tm02.jpg#TileMap/tm02a.jpg#TileMap/tm09a.jpg,2,9008#9015#10001#22,,511#512#513,0,据说关公在看少儿不宜的小书时被众人发现了，从此脸就一直红着,19998#4010#4124,,,,,
254,23-1八阵图,1177#792#254,0,60,120,2067,8074#8036#23,TileMap/tm09.jpg#TileMap/tm09a.jpg#TileMap/tm08.jpg,9,9074#9036#10001#23,,,,天地风云龙虎鸟蛇,19998#4224#4194,,,,,
255,23-2天覆阵,1178#793#255,0,60,120,2072,8002#8022#23,TileMap/tm11.jpg#TileMap/tm11a.jpg#TileMap/tm08a.jpg,11,9002#9022#10001#23,,,,天阵十六，外方内圆，四为风扬，其形象天，为阵之主，为兵之先。善用三军，其形不偏。,19998#4001#4173,,,,,
256,23-3地载阵,1179#794#256,0,60,120,2078,8007#8028#23,TileMap/tm06.jpg#TileMap/tm06a.jpg#TileMap/tm08b.jpg,6,9007#9028#10001#23,,,,地阵十二，其形正方，云主四角，冲敌难当，其体莫测，动用无穷，独立不可，配之於阳。,19998#4009#4177,,,,,
257,23-4风扬阵,1180#795#257,0,60,120,2083,8010#8019#23,TileMap/tm07.jpg#TileMap/tm07a.jpg#TileMap/tm08.jpg,7,9010#9019#10001#23,,,,风无正形，附之於天，变而为蛇，其意渐玄，风能鼓物，万物绕焉，蛇能为绕，三军惧焉。,19998#4011#4129,,,,,
258,23-5云垂阵,1181#796#258,0,60,120,2088,8014#8018#23,TileMap/tm04.jpg#TileMap/tm04a.jpg#TileMap/tm08a.jpg,4,9014#9018#10001#23,,,,云附於地，始则无形，变为翔鸟，其状乃成，鸟能突出，云能晦异，千变万化，金革之声。,19998#4125#4128,,,,,
259,23-6龙飞阵,1182#797#259,0,60,120,2094,8080#8034#23,TileMap/tm01.jpg#TileMap/tm01a.jpg#TileMap/tm08b.jpg,1,9080#9034#10001#23,,,,天地后冲，龙变其中，有爪有足，有背有胸。潜则不测，动则无穷，阵形赫然，名象为龙。,19998#4230#4135,,,,,
260,23-7虎翼阵,1183#798#260,0,60,120,2099,8013#8026#23,TileMap/tm08.jpg#TileMap/tm08a.jpg#TileMap/tm08a.jpg,8,9013#9026#10001#23,,,,天地前冲，变为虎翼，伏虎将搏，盛其威力。淮阴用之，变为无极，垓下之会，鲁公莫测。,19998#4013#4188,,,,,
261,23-8鸟翔阵,1184#799#261,0,60,120,2105,8003#8028#23,TileMap/tm03.jpg#TileMap/tm03a.jpg#TileMap/tm08b.jpg,3,9003#9028#10001#23,,,,鸷鸟将搏，必先翱翔，势临霄汉，飞禽伏藏。审之而下，必有中伤，一夫突击，三军莫当。,19998#4002#4177,,,,,
262,23-9蛇蟠阵,1185#800#262,0,60,120,2110,8005#8034#23,TileMap/tm02.jpg#TileMap/tm02a.jpg#TileMap/tm08.jpg,2,9005#9034#10001#23,,,,风为蛇蟠，附天成形，势能围绕，性能屈伸。四奇之中，与虎为邻，后变常山，首尾相困。,19998#4008#4135,,,,,
263,23-10空城计,1186#801#263,0,60,120,2115,8014#8035#23,TileMap/tm09.jpg#TileMap/tm09a.jpg#TileMap/tm08a.jpg,9,9014#9035#10001#23,,,,信则有，不信则无,19998#4125#4193,,,,,
264,23-11呼风唤雨,1187#802#264,0,60,120,2121,8010#8036#23,TileMap/tm11.jpg#TileMap/tm11a.jpg#TileMap/tm03.jpg,11,9010#9036#10001#23,,,,亮说要有风，于是便起风了，亮又说还要有雨，于是便下雨了,19998#4011#4194,,,,,
265,23-12羽扇纶巾,1188#803#265,0,60,120,2126,8007#8029#23,TileMap/tm06.jpg#TileMap/tm06a.jpg#TileMap/tm03a.jpg,6,9007#9029#10001#23,,514#515#516,0,“羽扇纶巾，谈笑间，樯橹灰飞烟灭。”,19998#4009#4131,,,,,
266,24-1朝辞,1189#804#266,0,60,120,2132,8002#8055#24,TileMap/tm07.jpg#TileMap/tm07a.jpg#TileMap/tm05.jpg,7,9002#9055#10001#24,,,,大清早的，瞌睡都没求睡醒，就要出发,19998#4001#4144,,,,,
267,24-2白帝,1190#805#267,0,60,120,2138,8006#8039#24,TileMap/tm04.jpg#TileMap/tm04a.jpg#TileMap/tm05a.jpg,4,9006#9039#10001#24,,,,从前有座山，叫白帝山，山上有座城，叫什么我就不说了,19998#4006#4196,,,,,
268,24-3彩云间,1191#806#268,0,60,120,2143,8011#8037#24,TileMap/tm01.jpg#TileMap/tm01a.jpg#TileMap/tm05b.jpg,1,9011#9037#10001#24,,,,白帝城在白帝山上，地势高耸，从山下江中仰望，仿佛耸入云间。,19998#4003#4195,,,,,
269,24-4千里,1192#807#269,0,60,120,2149,8013#8058#24,TileMap/tm08.jpg#TileMap/tm08a.jpg#TileMap/tm11.jpg,8,9013#9058#10001#24,,,,不远千里，来蜀国就是为了吃碗麻辣烫,19998#4013#4185,,,,,
270,24-5江陵,1193#808#270,0,60,120,2154,8056#8055#24,TileMap/tm03.jpg#TileMap/tm03a.jpg#TileMap/tm11a.jpg,3,9056#9055#10001#24,,,,巴东三峡巫峡长，猿鸣三声泪沾裳。,19998#4137#4144,,,,,
271,24-6一日还,1194#809#271,0,60,120,2160,8012#8037#24,TileMap/tm02.jpg#TileMap/tm02a.jpg#TileMap/tm11b.jpg,2,9012#9037#10001#24,,,,纵然有千里，也只需一日即可到达,19998#4012#4195,,,,,
272,24-7两岸,1195#810#272,0,60,120,2166,8009#8049#24,TileMap/tm09.jpg#TileMap/tm09a.jpg#TileMap/tm11.jpg,9,9009#9049#10001#24,,,,不会游泳不要紧，淹死投胎学就是,19998#4004#4179,,,,,
273,24-8猿声,1196#811#273,0,60,120,2171,8012#8047#24,TileMap/tm11.jpg#TileMap/tm11a.jpg#TileMap/tm11a.jpg,11,9012#9047#10001#24,,,,嗷呜，嗷呜，这是猿声还是狼嚎？,19998#4012#4190,,,,,
274,24-9啼不住,1197#812#274,0,60,120,2177,8008#8060#24,TileMap/tm06.jpg#TileMap/tm06a.jpg#TileMap/tm11b.jpg,6,9008#9060#10001#24,,,,你知道耳边一直有蚊子叫的感觉吗,19998#4010#4186,,,,,
275,24-10轻舟,1198#813#275,0,60,120,2183,8011#8039#24,TileMap/tm07.jpg#TileMap/tm07a.jpg#TileMap/tm11.jpg,7,9011#9039#10001#24,,,,小小竹排画中游，鸟儿唱，鱼儿歌,19998#4003#4196,,,,,
276,24-11万重山,1199#814#276,0,60,120,2188,8013#8050#24,TileMap/tm04.jpg#TileMap/tm04a.jpg#TileMap/tm11a.jpg,4,9013#9050#10001#24,,,,山外有山外有山外有山，有多少山，我也不知道,19998#4013#4139,,,,,
277,24-12万年备胎,1200#815#277,0,60,120,2194,8002#8056#24,TileMap/tm01.jpg#TileMap/tm01a.jpg#TileMap/tm11b.jpg,1,9002#9056#10001#24,,517#518,0,备投胎之转世，生生世世，都是备胎,19998#4001#4137,,,,,
278,25-1曹魏境内,1201#816#278,0,60,120,2200,8005#8037#25,TileMap/tm08.jpg#TileMap/tm08a.jpg#TileMap/tm03.jpg,8,9005#9037#10001#25,,,,千万别上阵蜀国的英雄，否则会被抢,19998#4008#4195,,,,,
279,25-2画地为牢,1202#817#279,0,60,120,2210,8001#8045#25,TileMap/tm03.jpg#TileMap/tm03a.jpg#TileMap/tm03a.jpg,3,9001#9045#10001#25,,,,“故士有画地为牢，势不可入，削木为吏，议不可对，定计于鲜也。”--司马迁,19998#4005#4183,,,,,
280,25-3危机重重,1203#818#280,0,60,120,2215,8007#8044#25,TileMap/tm02.jpg#TileMap/tm02a.jpg#TileMap/tm03b.jpg,2,9007#9044#10001#25,,,,请随时小心你的背后，否则你都不知道怎么死的,19998#4009#4182,,,,,
281,25-4石破天惊,1204#819#281,0,60,120,2220,8005#8046#25,TileMap/tm09.jpg#TileMap/tm09a.jpg#TileMap/tm08.jpg,9,9005#9046#10001#25,,,,“女娲炼石补天处，石破天惊逗秋雨。”,19998#4008#4184,,,,,
282,25-5长空,1205#820#282,0,60,120,2226,8009#8047#25,TileMap/tm11.jpg#TileMap/tm11a.jpg#TileMap/tm08a.jpg,11,9009#9047#10001#25,,,,在万里高空飞翔的老鹰，能看见地上的兔子,19998#4004#4190,,,,,
283,25-6浅底,1206#821#283,0,60,120,2231,8008#8038#25,TileMap/tm06.jpg#TileMap/tm06a.jpg#TileMap/tm08b.jpg,6,9008#9038#10001#25,,,,水很浅，但是也能淹死人,19998#4010#4178,,,,,
284,25-7霜天,1207#822#284,0,60,120,2236,8002#8041#25,TileMap/tm07.jpg#TileMap/tm07a.jpg#TileMap/tm08.jpg,7,9002#9041#10001#25,,,,霜打的茄子--焉了,19998#4001#4192,,,,,
285,25-8乌云,1208#823#285,0,60,120,2241,8007#8040#25,TileMap/tm04.jpg#TileMap/tm04a.jpg#TileMap/tm08a.jpg,4,9007#9040#10001#25,,,,乌云压城，遮天蔽日,19998#4009#4197,,,,,
286,25-9遮天,1209#824#286,0,60,120,2246,8014#8059#25,TileMap/tm01.jpg#TileMap/tm01a.jpg#TileMap/tm08b.jpg,1,9014#9059#10001#25,,,,天黑了，各回各家，各找各妈,19998#4125#4198,,,,,
287,25-10天雷,1210#825#287,0,60,120,2252,8003#8057#25,TileMap/tm08.jpg#TileMap/tm08a.jpg#TileMap/tm08.jpg,8,9003#9057#10001#25,,,,打雷了，快收衣服,19998#4002#4138,,,,,
288,25-11奇谋,1211#826#288,0,60,120,2257,8014#8045#25,TileMap/tm03.jpg#TileMap/tm03a.jpg#TileMap/tm08a.jpg,3,9014#9045#10001#25,,,,只有你想不到，没有你做不到,19998#4125#4183,,,,,
289,25-12大司马,1212#827#289,0,60,120,2262,8006#8040#25,TileMap/tm02.jpg#TileMap/tm02a.jpg#TileMap/tm08b.jpg,2,9006#9040#10001#25,,519#520#521,0,叫司马的一般都很拽,19998#4006#4197,,,,,
290,26-1徐州,1213#828#290,0,60,120,2267,8082#8037#26,TileMap/tm09.jpg#TileMap/tm09a.jpg#TileMap/tm03.jpg,9,9082#9037#10001#26,,,,徐州是曹操的大本营，肯定有重兵把守,19998#4232#4195,,,,,
291,26-2崭露头角,1214#829#291,0,60,120,2273,8009#8058#26,TileMap/tm11.jpg#TileMap/tm11a.jpg#TileMap/tm03a.jpg,11,9009#9058#10001#26,,,,“虽少年，已自成人，能取进士第，崭然见头角焉。”,19998#4004#4185,,,,,
292,26-3逐鹿中原,1215#830#292,0,60,120,2278,8012#8054#26,TileMap/tm06.jpg#TileMap/tm06a.jpg#TileMap/tm03b.jpg,6,9012#9054#10001#26,,,,“秦失其鹿，天下共逐之。”,19998#4012#4143,,,,,
293,26-4官渡之战,1216#831#293,0,60,120,2283,8003#8043#26,TileMap/tm07.jpg#TileMap/tm07a.jpg#TileMap/tm06.jpg,7,9003#9043#10001#26,,,,“这是一个发生在官渡的战役。”“你这不是废话么？”,19998#4002#4181,,,,,
294,26-5又见赤壁,1217#832#294,0,60,120,2289,8002#8041#26,TileMap/tm04.jpg#TileMap/tm04a.jpg#TileMap/tm06a.jpg,4,9002#9041#10001#26,,,,赤壁还是那个赤壁,19998#4001#4192,,,,,
295,26-6会战,1218#833#295,0,60,120,2294,8014#8046#26,TileMap/tm01.jpg#TileMap/tm01a.jpg#TileMap/tm06b.jpg,1,9014#9046#10001#26,,,,三军交战，正是你下手的好时机,19998#4125#4184,,,,,
296,26-7全军出击,1219#834#296,0,60,120,2300,8006#8055#26,TileMap/tm08.jpg#TileMap/tm08a.jpg#TileMap/tm06.jpg,8,9006#9055#10001#26,,,,给你一个赢我的机会，我全军出击,19998#4006#4144,,,,,
297,26-8图谋不轨,1220#835#297,0,60,120,2305,8012#8043#26,TileMap/tm03.jpg#TileMap/tm03a.jpg#TileMap/tm06a.jpg,3,9012#9043#10001#26,,,,看他那笑脸，就知道没有好事发生,19998#4012#4181,,,,,
298,26-9心怀叵测,1221#836#298,0,60,120,2310,8001#8051#26,TileMap/tm02.jpg#TileMap/tm02a.jpg#TileMap/tm06b.jpg,2,9001#9051#10001#26,,,,“曹操心怀叵测，叔父若往，恐遭其害。”,19998#4005#4140,,,,,
299,26-10胸怀大志,1222#837#299,0,60,120,2316,8008#8059#26,TileMap/tm09.jpg#TileMap/tm09a.jpg#TileMap/tm07.jpg,9,9008#9059#10001#26,,,,契丹人胸前有只狗，我胸前有大痣,19998#4010#4198,,,,,
300,26-11尔虞我诈,1223#838#300,0,60,120,2321,8006#8047#26,TileMap/tm11.jpg#TileMap/tm11a.jpg#TileMap/tm07a.jpg,11,9006#9047#10001#26,,,,“我无尔诈，尔无我虞。”,19998#4006#4190,,,,,
301,26-12一世枭雄,1224#839#301,0,60,120,2327,8003#8055#26,TileMap/tm06.jpg#TileMap/tm06a.jpg#TileMap/tm07b.jpg,6,9003#9055#10001#26,,522#523,0,宁可我负天下人，也不让天下人负我,19998#4002#4144,,,,,
302,27-1回到过去,1225#840#302,0,60,120,2332,8012#8038#27,TileMap/tm07.jpg#TileMap/tm07a.jpg#TileMap/tm02.jpg,7,9012#9038#10001#27,,,,时空逆转，回到过去,19998#4012#4178,,,,,
303,27-2记忆,1226#841#303,0,60,120,2338,8011#8053#27,TileMap/tm04.jpg#TileMap/tm04a.jpg#TileMap/tm02a.jpg,4,9011#9053#10001#27,,,,回到张良曾经的走过的地方，找寻他的记忆，方能再次见到张良,19998#4003#4142,,,,,
304,27-3镜花水月,1227#842#304,0,60,120,2343,8014#8040#27,TileMap/tm01.jpg#TileMap/tm01a.jpg#TileMap/tm02b.jpg,1,9014#9040#10001#27,,,,“峥嵘栋梁，一旦而摧。水月镜像，无心去来。”,19998#4125#4197,,,,,
305,27-4圯上受书,1228#843#305,0,60,120,2349,8074#8061#27,TileMap/tm08.jpg#TileMap/tm08a.jpg#TileMap/tm03.jpg,8,9074#9061#10001#27,,,,黄石公指导张良的地方，不过已经物是人非。,19998#4224#4187,,,,,
306,27-5斗智鸿门,1229#844#306,0,60,120,2355,8003#8055#27,TileMap/tm03.jpg#TileMap/tm03a.jpg#TileMap/tm03a.jpg,3,9003#9055#10001#27,,,,鸿门宴斗智斗勇。,19998#4002#4144,,,,,
307,27-6暗度陈仓,1230#845#307,0,60,120,2360,8083#8051#27,TileMap/tm02.jpg#TileMap/tm02a.jpg#TileMap/tm03b.jpg,2,9083#9051#10001#27,,,,明修栈道暗度陈仓。,19998#4233#4140,,,,,
308,27-7下邑奇谋,1231#846#308,0,60,120,2366,8014#8054#27,TileMap/tm09.jpg#TileMap/tm09a.jpg#TileMap/tm08.jpg,9,9014#9054#10001#27,,,,楚汉战争的转折点。,19998#4125#4143,,,,,
309,27-8虚抚韩彭,1232#847#309,0,60,120,2372,8009#8040#27,TileMap/tm11.jpg#TileMap/tm11a.jpg#TileMap/tm08a.jpg,11,9009#9040#10001#27,,,,营救刘邦。,19998#4004#4197,,,,,
310,27-9斗转星移,1233#848#310,0,60,120,2377,8003#8047#27,TileMap/tm06.jpg#TileMap/tm06a.jpg#TileMap/tm08b.jpg,6,9003#9047#10001#27,,,,“直睡的陵迁谷变，石烂松枯，斗转星移。”,19998#4002#4190,,,,,
311,27-10明哲保身,1234#849#311,0,60,120,2383,8014#8044#27,TileMap/tm07.jpg#TileMap/tm07a.jpg#TileMap/tm08.jpg,7,9014#9044#10001#27,,,,“既明且哲，以保其身。”,19998#4125#4182,,,,,
312,27-11运筹帷幄,1235#850#312,0,60,120,2389,8007#8043#27,TileMap/tm04.jpg#TileMap/tm04a.jpg#TileMap/tm08a.jpg,4,9007#9043#10001#27,,,,“夫运筹帷幄之中，决胜千里之外。”,19998#4009#4181,,,,,
313,27-12冰封千里,1236#851#313,0,60,120,2394,8013#8043#27,TileMap/tm01.jpg#TileMap/tm01a.jpg#TileMap/tm08b.jpg,1,9013#9043#10001#27,,524#525,0,一个都别想逃走,19998#4013#4181,,,,,
314,28-1西楚,1237#852#314,0,60,120,2400,8009#8057#28,TileMap/tm08.jpg#TileMap/tm08a.jpg#TileMap/tm02.jpg,8,9009#9057#10001#28,,,,西楚的士兵都很好战。,19998#4004#4138,,,,,
315,28-2沐猴而冠,1238#853#315,0,60,120,2405,8014#8039#28,TileMap/tm03.jpg#TileMap/tm03a.jpg#TileMap/tm02a.jpg,3,9014#9039#10001#28,,,,“人说楚国人像是猕猴戴了人的帽子，果真是这样。”,19998#4125#4196,,,,,
316,28-3巨鹿,1239#854#316,0,60,120,2408,8003#8058#28,TileMap/tm02.jpg#TileMap/tm02a.jpg#TileMap/tm02b.jpg,2,9003#9058#10001#28,,,,这里居然有秦兵。,19998#4002#4185,,,,,
317,28-4作壁上观,1240#855#317,0,60,120,2410,8005#8045#28,TileMap/tm09.jpg#TileMap/tm09a.jpg#TileMap/tm03.jpg,9,9005#9045#10001#28,,,,“及楚击秦，诸将皆从壁上观。”,19998#4008#4183,,,,,
318,28-5暗度陈仓,1241#856#318,0,60,120,2413,8002#8041#28,TileMap/tm11.jpg#TileMap/tm11a.jpg#TileMap/tm03a.jpg,11,9002#9041#10001#28,,,,明修栈道暗度陈仓。,19998#4001#4192,,,,,
319,28-6锦衣夜行,1242#857#319,0,60,120,2415,8004#8053#28,TileMap/tm06.jpg#TileMap/tm06a.jpg#TileMap/tm03b.jpg,6,9004#9053#10001#28,,,,“富贵不回故乡，就像是穿着锦绣衣裳在黑夜中行走，有谁能知道呢？”,19998#4007#4142,,,,,
320,28-7四面楚歌,1243#858#320,0,60,120,2418,8001#8042#28,TileMap/tm07.jpg#TileMap/tm07a.jpg#TileMap/tm07.jpg,7,9001#9042#10001#28,,,,周围传来阵阵歌声，这是好声音么？,19998#4005#4180,,,,,
321,28-8鸿门宴,1244#859#321,0,60,120,2420,8082#8042#28,TileMap/tm04.jpg#TileMap/tm04a.jpg#TileMap/tm07a.jpg,4,9082#9042#10001#28,,,,有吃的就敢上，不要问我为什么。,19998#4232#4180,,,,,
322,28-9破釜沉舟,1245#860#322,0,60,120,2423,8009#8060#28,TileMap/tm01.jpg#TileMap/tm01a.jpg#TileMap/tm07b.jpg,1,9009#9060#10001#28,,,,没有后路，唯有殊死一战。,19998#4004#4186,,,,,
323,28-10霸王别姬,1246#861#323,0,60,120,2425,8014#8060#28,TileMap/tm08.jpg#TileMap/tm08a.jpg#TileMap/tm03.jpg,8,9014#9060#10001#28,,,,我们不杀女人，你走吧。,19998#4125#4186,,,,,
324,28-11背水一战,1247#862#324,0,60,120,2428,8011#8052#28,TileMap/tm03.jpg#TileMap/tm03a.jpg#TileMap/tm03a.jpg,3,9011#9052#10001#28,,,,背后都是水，已经没有退路了。,19998#4003#4141,,,,,
325,28-12主宰,1248#863#325,0,60,120,2430,8009#8058#28,TileMap/tm02.jpg#TileMap/tm02a.jpg#TileMap/tm03b.jpg,2,9009#9058#10001#28,,526#527,0,有些人，天生就是主宰，而大部分人，只能被主宰,19998#4004#4185,,,,,
326,29-1秦川,1249#864#326,0,60,120,2433,8004#8038#29,TileMap/tm09.jpg#TileMap/tm09a.jpg#TileMap/tm02.jpg,9,9004#9038#10001#29,,,,八百里秦川汉地，五十弦翻塞外声,19998#4007#4178,,,,,
327,29-2国士无双,1250#865#327,0,60,120,2436,8005#8054#29,TileMap/tm11.jpg#TileMap/tm11a.jpg#TileMap/tm02a.jpg,11,9005#9054#10001#29,,,,“诸将易得耳，至如信者，国士无双。”,19998#4008#4143,,,,,
328,29-3不舞之鹤,1251#866#328,0,60,120,2438,8002#8056#29,TileMap/tm06.jpg#TileMap/tm06a.jpg#TileMap/tm02b.jpg,6,9002#9056#10001#29,,,,“昔羊叔子有窑主善舞，尝向客称之。客试使驱来，俣不肯舞。”,19998#4001#4137,,,,,
329,29-4厚积薄发,1252#867#329,0,60,120,2441,8006#8049#29,TileMap/tm07.jpg#TileMap/tm07a.jpg#TileMap/tm07.jpg,7,9006#9049#10001#29,,,,只有准备的充分，才能办好事情,19998#4006#4179,,,,,
330,29-5叹为观止,1253#868#330,0,60,120,2444,8005#8053#29,TileMap/tm04.jpg#TileMap/tm04a.jpg#TileMap/tm07a.jpg,4,9005#9053#10001#29,,,,你简直不敢相信你的眼睛,19998#4008#4142,,,,,
331,29-6名将迟暮,1254#869#331,0,60,120,2446,8005#8047#29,TileMap/tm01.jpg#TileMap/tm01a.jpg#TileMap/tm07b.jpg,1,9005#9047#10001#29,,,,岁月是把杀猪刀,19998#4008#4190,,,,,
332,29-7无所适从,1255#870#332,0,60,120,2449,8083#8039#29,TileMap/tm08.jpg#TileMap/tm08a.jpg#TileMap/tm11.jpg,8,9083#9039#10001#29,,,,不知道怎么办的时候，我也不知道怎么办,19998#4233#4196,,,,,
333,29-8咫尺天涯,1256#871#333,0,60,120,2451,8007#8051#29,TileMap/tm03.jpg#TileMap/tm03a.jpg#TileMap/tm11a.jpg,3,9007#9051#10001#29,,,,“天威不违颜咫尺。”,19998#4009#4140,,,,,
334,29-9居安思危,1257#872#334,0,60,120,2454,8004#8046#29,TileMap/tm02.jpg#TileMap/tm02a.jpg#TileMap/tm11b.jpg,2,9004#9046#10001#29,,,,“居安思危，思则有备，有备无患。”,19998#4007#4184,,,,,
335,29-10唇亡齿寒,1258#873#335,0,60,120,2457,8001#8054#29,TileMap/tm09.jpg#TileMap/tm09a.jpg#TileMap/tm09.jpg,9,9001#9054#10001#29,,,,“夫鲁，齐晋之唇，唇亡齿寒，君所知也。”,19998#4005#4143,,,,,
336,29-11只手遮天,1259#874#336,0,60,120,2459,8015#8039#29,TileMap/tm11.jpg#TileMap/tm11a.jpg#TileMap/tm09a.jpg,11,9015#9039#10001#29,,,,你用手把你的眼睛遮住，就看不见天了,19998#4124#4196,,,,,
337,29-12偷天换日,1260#875#337,0,60,120,2462,8005#8049#29,TileMap/tm06.jpg#TileMap/tm06a.jpg#TileMap/tm09a.jpg,6,9005#9049#10001#29,,528#529,0,如果你想偷天换日，我建议你最好在夜晚的时候做,19998#4008#4179,,,,,
338,30-1燕丹,1261#876#338,0,60,120,2465,8011#8061#30,TileMap/tm07.jpg#TileMap/tm07a.jpg#TileMap/tm07.jpg,7,9011#9061#10001#30,,,,燕丹就是燕子丹,19998#4003#4187,,,,,
339,30-2图穷,1262#877#339,0,60,120,2467,8005#8050#30,TileMap/tm04.jpg#TileMap/tm04a.jpg#TileMap/tm07a.jpg,4,9005#9050#10001#30,,,,“秦王谓轲曰：‘起，取武阳所持图。’轲既取图奉之。发图，图穷而匕首见。”,19998#4008#4139,,,,,
340,30-3睚眦,1263#878#340,0,60,120,2470,8013#8040#30,TileMap/tm01.jpg#TileMap/tm01a.jpg#TileMap/tm07b.jpg,1,9013#9040#10001#30,,,,“一饭之德必偿，睚眦之怨必报。”,19998#4013#4197,,,,,
341,30-4风萧萧,1264#879#341,0,60,120,2473,8002#8045#30,TileMap/tm08.jpg#TileMap/tm08a.jpg#TileMap/tm01.jpg,8,9002#9045#10001#30,,,,你说什么?风太大我听不清楚,19998#4001#4183,,,,,
342,30-5易水寒,1265#880#342,0,60,120,2476,8007#8048#30,TileMap/tm03.jpg#TileMap/tm03a.jpg#TileMap/tm01a.jpg,3,9007#9048#10001#30,,,,此地别燕丹，壮士发冲冠。昔时人已没，今日水犹寒。,19998#4009#4136,,,,,
343,30-6白虹,1266#881#343,0,60,120,2478,8013#8045#30,TileMap/tm02.jpg#TileMap/tm02a.jpg#TileMap/tm01b.jpg,2,9013#9045#10001#30,,,,你见过白色的彩虹么？,19998#4013#4183,,,,,
344,30-7贯日,1267#882#344,0,60,120,2481,8009#8044#30,TileMap/tm09.jpg#TileMap/tm09a.jpg#TileMap/tm09.jpg,9,9009#9044#10001#30,,,,“聂政之刺韩傀也，白虹贯日。”,19998#4004#4182,,,,,
345,30-8兔死,1268#883#345,0,60,120,2484,8004#8048#30,TileMap/tm11.jpg#TileMap/tm11a.jpg#TileMap/tm09a.jpg,11,9004#9048#10001#30,,,,飞鸟尽，良弓藏,19998#4007#4136,,,,,
346,30-9狗哼,1269#884#346,0,60,120,2487,8003#8056#30,TileMap/tm06.jpg#TileMap/tm06a.jpg#TileMap/tm09.jpg,6,9003#9056#10001#30,,,,狡兔死，走狗烹,19998#4002#4137,,,,,
347,30-10暗杀,1270#885#347,0,60,120,2489,8008#8057#30,TileMap/tm07.jpg#TileMap/tm07a.jpg#TileMap/tm09a.jpg,7,9008#9057#10001#30,,,,不动则已，一动必杀,19998#4010#4138,,,,,
348,30-11百步穿杨,1271#886#348,0,60,120,2492,8006#8059#30,TileMap/tm04.jpg#TileMap/tm04a.jpg#TileMap/tm09.jpg,4,9006#9059#10001#30,,,,千里之外，取人首级,19998#4006#4198,,,,,
349,30-12有死无生,1272#887#349,0,60,120,2495,8001#8038#30,TileMap/tm01.jpg#TileMap/tm01a.jpg#TileMap/tm10.jpg,1,9001#9038#10001#30,,530#531,0,好的刺客，即使血量为1，也当是自己的生命是max,19998#4005#4178,,,,,
350,31-1阿旁宫,1273#888#350,0,60,120,2498,8012#8042#31,TileMap/tm08.jpg#TileMap/tm08a.jpg#TileMap/tm07.jpg,8,9012#9042#10001#31,,,,六王毕，四海一。蜀山兀，阿房出。,19998#4012#4180,,,,,
351,31-2隔离,1274#889#351,0,60,120,2500,8013#8052#31,TileMap/tm03.jpg#TileMap/tm03a.jpg#TileMap/tm07a.jpg,3,9013#9052#10001#31,,,,覆压三百余里，隔离天日。,19998#4013#4141,,,,,
352,31-3骊山,1275#890#352,0,60,120,2503,8006#8057#31,TileMap/tm02.jpg#TileMap/tm02a.jpg#TileMap/tm07b.jpg,2,9006#9057#10001#31,,,,骊山北构而西折，直走咸阳。,19998#4006#4138,,,,,
353,31-4二川,1276#891#353,0,60,120,2506,8002#8041#31,TileMap/tm09.jpg#TileMap/tm09a.jpg#TileMap/tm01.jpg,9,9002#9041#10001#31,,,,二川溶溶，流入宫墙。五步一楼，十步一墙。,19998#4001#4192,,,,,
354,31-5廊腰,1277#892#354,0,60,120,2509,8009#8058#31,TileMap/tm11.jpg#TileMap/tm11a.jpg#TileMap/tm01a.jpg,11,9009#9058#10001#31,,,,廊腰缦回，檐牙高啄。各抱地势，钩心斗角。,19998#4004#4185,,,,,
355,31-6水涡,1278#893#355,0,60,120,2512,8013#8054#31,TileMap/tm06.jpg#TileMap/tm06a.jpg#TileMap/tm01b.jpg,6,9013#9054#10001#31,,,,盘盘焉，镅桑蜂房水涡，矗不知乎几千万落。,19998#4013#4143,,,,,
356,31-7卧坡,1279#894#356,0,60,120,2514,8011#8055#31,TileMap/tm07.jpg#TileMap/tm07a.jpg#TileMap/tm02.jpg,7,9011#9055#10001#31,,,,长桥卧波，未云何龙。复道行空，不霁何虹。,19998#4003#4144,,,,,
357,31-8冥迷,1280#895#357,0,60,120,2517,8074#8046#31,TileMap/tm04.jpg#TileMap/tm04a.jpg#TileMap/tm02a.jpg,4,9074#9046#10001#31,,,,高低冥迷，不知东西。,19998#4224#4184,,,,,
358,31-9春光,1281#896#358,0,60,120,2520,8014#8047#31,TileMap/tm01.jpg#TileMap/tm01a.jpg#TileMap/tm02b.jpg,1,9014#9047#10001#31,,,,歌台暖响，春光融融。,19998#4125#4190,,,,,
359,31-10风雨,1282#897#359,0,60,120,2523,8003#8052#31,TileMap/tm08.jpg#TileMap/tm08a.jpg#TileMap/tm09.jpg,8,9003#9052#10001#31,,,,舞殿冷袖，风雨凄凄。一日之内，一宫之间，而气候不齐。,19998#4002#4141,,,,,
360,31-11兵马俑,1283#898#360,0,60,120,2526,8015#8048#31,TileMap/tm03.jpg#TileMap/tm03a.jpg#TileMap/tm09a.jpg,3,9015#9048#10001#31,,,,这些兵马俑死后还能屹立不倒。,19998#4124#4136,,,,,
361,31-12藐视,1284#899#361,0,60,120,2529,8009#8039#31,TileMap/tm02.jpg#TileMap/tm02a.jpg#TileMap/tm10.jpg,2,9009#9039#10001#31,,532#533#534,0,尔等蝼蚁，见到朕还不下跪,19998#4004#4196,,,,,
362,32-1金枝玉叶,1285#900#362,0,60,120,2532,8083#8059#32,TileMap/tm09.jpg#TileMap/tm09a.jpg#TileMap/tm11.jpg,9,9083#9059#10001#32,,,,“胡蝶、胡蝶，飞上金枝玉叶。”,19998#4233#4198,,,,,
363,32-2花容月貌,1286#901#363,0,60,120,2535,8013#8053#32,TileMap/tm11.jpg#TileMap/tm11a.jpg#TileMap/tm11a.jpg,11,9013#9053#10001#32,,,,“那公主花容月貌，有二十分人才。”--吴承恩,19998#4013#4142,,,,,
364,32-3小家碧玉,1287#902#364,0,60,120,2537,8008#8041#32,TileMap/tm06.jpg#TileMap/tm06a.jpg#TileMap/tm11b.jpg,6,9008#9041#10001#32,,,,小户人家的美貌少女哟。,19998#4010#4192,,,,,
365,32-4出水芙蓉,1288#903#365,0,60,120,2540,8005#8040#32,TileMap/tm07.jpg#TileMap/tm07a.jpg#TileMap/tm11.jpg,7,9005#9040#10001#32,,,,“谢诗如芙蓉出水，颜如错彩镂金。”,19998#4008#4197,,,,,
366,32-5秀色可餐,1289#904#366,0,60,120,2543,8009#8057#32,TileMap/tm04.jpg#TileMap/tm04a.jpg#TileMap/tm11a.jpg,4,9009#9057#10001#32,,,,“鲜肤一何润，秀色若可餐。”,19998#4004#4138,,,,,
367,32-6梨花带雨,1290#905#367,0,60,120,2546,8082#8046#32,TileMap/tm01.jpg#TileMap/tm01a.jpg#TileMap/tm11b.jpg,1,9082#9046#10001#32,,,,“玉容寂寞泪阑干，梨花一枝春带雨。”,19998#4232#4184,,,,,
368,32-7姹紫嫣红,1291#906#368,0,60,120,2549,8004#8060#32,TileMap/tm08.jpg#TileMap/tm08a.jpg#TileMap/tm01.jpg,8,9004#9060#10001#32,,,,“原来姹紫嫣红开遍，似这般都付与断井颓垣。”,19998#4007#4186,,,,,
369,32-8冰清玉洁,1292#907#369,0,60,120,2552,8008#8043#32,TileMap/tm03.jpg#TileMap/tm03a.jpg#TileMap/tm01a.jpg,3,9008#9043#10001#32,,,,“伏唯伯陵材能绝人，高尚其志，以善厥身，冰清玉洁，不以细行。”,19998#4010#4181,,,,,
370,32-9千娇百媚,1293#908#370,0,60,120,2555,8012#8061#32,TileMap/tm02.jpg#TileMap/tm02a.jpg#TileMap/tm01b.jpg,2,9012#9061#10001#32,,,,“绿黛红颜两相发，千娇百态情无歇。”,19998#4012#4187,,,,,
371,32-10窈窕淑女,1294#909#371,0,60,120,2558,8014#8047#32,TileMap/tm09.jpg#TileMap/tm09a.jpg#TileMap/tm07.jpg,9,9014#9047#10001#32,,,,“窈窕淑女，君子好逑。”,19998#4125#4190,,,,,
372,32-11婀娜多姿,1295#910#372,0,60,120,2561,8009#8040#32,TileMap/tm11.jpg#TileMap/tm11a.jpg#TileMap/tm07a.jpg,11,9009#9040#10001#32,,,,“四角龙幡，婀娜多姿随风传。”,19998#4004#4197,,,,,
373,32-12闭月羞花,1296#911#373,0,60,120,2564,8012#8050#32,TileMap/tm06.jpg#TileMap/tm06a.jpg#TileMap/tm07b.jpg,6,9012#9050#10001#32,,535#536,0,美女，不管做什么都是对的,19998#4012#4139,,,,,
374,33-1三十六计,1297#912#374,0,60,120,2567,8011#8043#33,TileMap/tm07.jpg#TileMap/tm07a.jpg#TileMap/tm08.jpg,7,9011#9043#10001#33,,,,融汇贯通三十六计，带兵打仗，无往而不利,19998#4003#4181,,,,,
375,33-2釜底抽薪,1298#913#375,0,60,120,2570,8014#8044#33,TileMap/tm04.jpg#TileMap/tm04a.jpg#TileMap/tm08a.jpg,4,9014#9044#10001#33,,,,“抽薪止沸，剪草除根。”,19998#4125#4182,,,,,
376,33-3借刀杀人,1299#914#376,0,60,120,2573,8013#8052#33,TileMap/tm01.jpg#TileMap/tm01a.jpg#TileMap/tm08b.jpg,1,9013#9052#10001#33,,,,敌已明，友未定，引友杀敌，不自出力，以《损》推演。,19998#4013#4141,,,,,
377,33-4浑水摸鱼,1300#915#377,0,60,120,2576,8010#8042#33,TileMap/tm08.jpg#TileMap/tm08a.jpg#TileMap/tm08.jpg,8,9010#9042#10001#33,,,,乘其阴乱，利其弱而无主。随，以向晦入宴息。,19998#4011#4180,,,,,
378,33-5声东击西,1301#916#378,0,60,120,2579,8006#8049#33,TileMap/tm03.jpg#TileMap/tm03a.jpg#TileMap/tm08a.jpg,3,9006#9049#10001#33,,,,“声言击东，其实击西。”,19998#4006#4179,,,,,
379,33-6隔岸观火,1302#917#379,0,60,120,2582,8004#8042#33,TileMap/tm02.jpg#TileMap/tm02a.jpg#TileMap/tm08b.jpg,2,9004#9042#10001#33,,,,阳乖序乱，阴以待逆。暴戾恣睢，其势自毙。顺以动豫，豫顺以动。,19998#4007#4180,,,,,
380,33-7无中生有,1303#918#380,0,60,120,2585,8008#8058#33,TileMap/tm09.jpg#TileMap/tm09a.jpg#TileMap/tm08.jpg,9,9008#9058#10001#33,,,,我说有就有，我说没有还是有,19998#4010#4185,,,,,
381,33-8偷梁换柱,1304#919#381,0,60,120,2588,8013#8046#33,TileMap/tm11.jpg#TileMap/tm11a.jpg#TileMap/tm08a.jpg,11,9013#9046#10001#33,,,,频更其阵，抽其劲旅，待其自败， 而后乘之，曳其轮也。,19998#4013#4184,,,,,
382,33-9金蝉脱壳,1305#920#382,0,60,120,2591,8004#8050#33,TileMap/tm06.jpg#TileMap/tm06a.jpg#TileMap/tm08b.jpg,6,9004#9050#10001#33,,,,存其形，完其势；友不疑，敌不动。巽而止蛊。,19998#4007#4139,,,,,
383,33-10趁火打劫,1306#921#383,0,60,120,2594,8002#8057#33,TileMap/tm07.jpg#TileMap/tm07a.jpg#TileMap/tm09.jpg,7,9002#9057#10001#33,,,,趁他病，要他命。,19998#4001#4138,,,,,
384,33-11走为上策,1307#922#384,0,60,120,2597,8005#8042#33,TileMap/tm04.jpg#TileMap/tm04a.jpg#TileMap/tm09a.jpg,4,9005#9042#10001#33,,,,三十六计，走位上策！,19998#4008#4180,,,,,
385,33-12孙子兵法,1308#923#385,0,60,120,2600,8013#8042#33,TileMap/tm01.jpg#TileMap/tm01a.jpg#TileMap/tm10.jpg,1,9013#9042#10001#33,,537#538,0,嘿，孙子，你打我呀,19998#4013#4180,,,,,
10001,通天塔地图,,,,,,,TileMap/tm09.jpg,1,,,,,,,,,,,
10002,竞技场地图,,,,,,,TileMap/tm10.jpg,1,,,,,,,,,,,
10003,领地掠夺地图,,,,,,,TileMap/tm03.jpg,1,,,,,,,,,,,
10004,领地资源战场景,,,,,,,TileMap/tm11.jpg,1,,,,,,,,,,,
10005,首场战斗地图,,,,,,,TileMap/tm11.jpg#TileMap/tm11a.jpg#TileMap/tm11b.jpg,4,,,,,,,,,,,
11001,难度1,2001#2061#2121,1,60,120,1000,80001,TileMap/tm01.jpg#TileMap/tm01a.jpg#TileMap/tm01b.jpg,1,80001,,,,只识金戈射日忙，怎诉衷肠。陪君醉笑三千场，不诉离殇。,200181#200191#200201#200211#200221,,,1#10000#2#10000#3#10000,200181#1#200191#1#200201#1#200211#1#200221#1,200001#3#200011#3#200021#3#200031#3#200041#3#200181#2#200191#2#200201#2#200211#2#200221#2
11002,难度2,2002#2062#2122,1,60,120,1200,80001,TileMap/tm01.jpg#TileMap/tm01a.jpg#TileMap/tm01b.jpg,1,80001,,,,只识金戈射日忙，怎诉衷肠。陪君醉笑三千场，不诉离殇。,200362#200372#200382#200392#200402,,,1#10000#2#10000#3#10001,200182#9#200192#9#200202#9#200212#9#200222#9#200362#1#200372#1#200382#1#200392#1#200402#1,200182#1#200192#1#200202#1#200212#1#200222#1
11003,难度3,2003#2063#2123,1,60,120,1400,80001,TileMap/tm01.jpg#TileMap/tm01a.jpg#TileMap/tm01b.jpg,1,80001,,,,只识金戈射日忙，怎诉衷肠。陪君醉笑三千场，不诉离殇。,200363#200373#200383#200393#200403,,,1#10000#2#10000#3#10002,200183#9#200193#9#200203#9#200213#9#200223#9#200363#1#200373#1#200383#1#200393#1#200403#1,200183#1#200193#1#200203#1#200213#1#200223#1
11004,难度4,2004#2064#2124,1,60,120,1600,80001,TileMap/tm01.jpg#TileMap/tm01a.jpg#TileMap/tm01b.jpg,1,80001,,,,只识金戈射日忙，怎诉衷肠。陪君醉笑三千场，不诉离殇。,200364#200374#200384#200394#200404,,,1#10000#2#10000#3#10003,200184#9#200194#9#200204#9#200214#9#200224#9#200364#1#200374#1#200384#1#200394#1#200404#1,200184#1#200194#1#200204#1#200214#1#200224#1
11005,难度5,2005#2065#2125,1,60,120,1800,80001,TileMap/tm01.jpg#TileMap/tm01a.jpg#TileMap/tm01b.jpg,1,80001,,,,只识金戈射日忙，怎诉衷肠。陪君醉笑三千场，不诉离殇。,200365#200375#200385#200395#200405,,,1#10000#2#10000#3#10004,200185#9#200195#9#200205#9#200215#9#200225#9#200365#1#200375#1#200385#1#200395#1#200405#1,200185#1#200195#1#200205#1#200215#1#200225#1
11006,难度6,2006#2066#2126,1,60,120,2000,80001,TileMap/tm01.jpg#TileMap/tm01a.jpg#TileMap/tm01b.jpg,1,80001,,,,只识金戈射日忙，怎诉衷肠。陪君醉笑三千场，不诉离殇。,200366#200376#200386#200396#200406,,,1#10000#2#10000#3#10005,200186#9#200196#9#200206#9#200216#9#200226#9#200366#1#200376#1#200386#1#200396#1#200406#1,200186#1#200196#1#200206#1#200216#1#200226#1
11007,难度7,2007#2067#2127,1,60,120,2200,80001,TileMap/tm01.jpg#TileMap/tm01a.jpg#TileMap/tm01b.jpg,1,80001,,,,只识金戈射日忙，怎诉衷肠。陪君醉笑三千场，不诉离殇。,200367#200377#200387#200397#200407,,,1#10000#2#10000#3#10006,200187#9#200197#9#200207#9#200217#9#200227#9#200367#1#200377#1#200387#1#200397#1#200407#1,200187#1#200197#1#200207#1#200217#1#200227#1
11008,难度8,2008#2068#2128,1,60,120,2400,80001,TileMap/tm01.jpg#TileMap/tm01a.jpg#TileMap/tm01b.jpg,1,80001,,,,只识金戈射日忙，怎诉衷肠。陪君醉笑三千场，不诉离殇。,200368#200378#200388#200398#200408,,,1#10000#2#10000#3#10007,200188#9#200198#9#200208#9#200218#9#200228#9#200368#1#200378#1#200388#1#200398#1#200408#1,200188#1#200198#1#200208#1#200218#1#200228#1
11009,难度9,2009#2069#2129,1,60,120,2600,80001,TileMap/tm01.jpg#TileMap/tm01a.jpg#TileMap/tm01b.jpg,1,80001,,,,只识金戈射日忙，怎诉衷肠。陪君醉笑三千场，不诉离殇。,200369#200379#200389#200399#200409,,,1#10000#2#10000#3#10008,200189#9#200199#9#200209#9#200219#9#200229#9#200369#1#200379#1#200389#1#200399#1#200409#1,200189#1#200199#1#200209#1#200219#1#200229#1
11010,难度10,2010#2070#2130,1,60,120,2800,80001,TileMap/tm01.jpg#TileMap/tm01a.jpg#TileMap/tm01b.jpg,1,80001,,,,只识金戈射日忙，怎诉衷肠。陪君醉笑三千场，不诉离殇。,200370#200380#200390#200400#200410,,,1#10000#2#10000#3#10009,200190#9#200200#9#200210#9#200220#9#200230#9#200370#1#200380#1#200390#1#200400#1#200410#1,200190#1#200200#1#200210#1#200220#1#200230#1
12001,难度1,2011#2071#2131,1,60,120,1000,80001,TileMap/tm01.jpg#TileMap/tm01a.jpg#TileMap/tm01b.jpg,1,80001,,,,待到秋来九月八，我花开后百花杀。冲天香阵透长安，满城尽带黄金甲。,200231#200241#200251#200261#200271,,,1#10000#2#10000#3#10010,200231#1#200241#1#200251#1#200261#1#200271#1,200051#3#200061#3#200071#3#200081#3#200091#3#200231#2#200241#2#200251#2#200261#2#200271#2
12002,难度2,2012#2072#2132,1,60,120,1200,80001,TileMap/tm01.jpg#TileMap/tm01a.jpg#TileMap/tm01b.jpg,1,80001,,,,待到秋来九月八，我花开后百花杀。冲天香阵透长安，满城尽带黄金甲。,200412#200422#200432#200442#200452,,,1#10000#2#10000#3#10011,200232#9#200242#9#200252#9#200262#9#200272#9#200412#1#200422#1#200432#1#200442#1#200452#1,200232#1#200242#1#200252#1#200262#1#200272#1
12003,难度3,2013#2073#2133,1,60,120,1400,80001,TileMap/tm01.jpg#TileMap/tm01a.jpg#TileMap/tm01b.jpg,1,80001,,,,待到秋来九月八，我花开后百花杀。冲天香阵透长安，满城尽带黄金甲。,200413#200423#200433#200443#200453,,,1#10000#2#10000#3#10012,200233#9#200243#9#200253#9#200263#9#200273#9#200413#1#200423#1#200433#1#200443#1#200453#1,200233#1#200243#1#200253#1#200263#1#200273#1
12004,难度4,2014#2074#2134,1,60,120,1600,80001,TileMap/tm01.jpg#TileMap/tm01a.jpg#TileMap/tm01b.jpg,1,80001,,,,待到秋来九月八，我花开后百花杀。冲天香阵透长安，满城尽带黄金甲。,200414#200424#200434#200444#200454,,,1#10000#2#10000#3#10013,200234#9#200244#9#200254#9#200264#9#200274#9#200414#1#200424#1#200434#1#200444#1#200454#1,200234#1#200244#1#200254#1#200264#1#200274#1
12005,难度5,2015#2075#2135,1,60,120,1800,80001,TileMap/tm01.jpg#TileMap/tm01a.jpg#TileMap/tm01b.jpg,1,80001,,,,待到秋来九月八，我花开后百花杀。冲天香阵透长安，满城尽带黄金甲。,200415#200425#200435#200445#200455,,,1#10000#2#10000#3#10014,200235#9#200245#9#200255#9#200265#9#200275#9#200415#1#200425#1#200435#1#200445#1#200455#1,200235#1#200245#1#200255#1#200265#1#200275#1
12006,难度6,2016#2076#2136,1,60,120,2000,80001,TileMap/tm01.jpg#TileMap/tm01a.jpg#TileMap/tm01b.jpg,1,80001,,,,待到秋来九月八，我花开后百花杀。冲天香阵透长安，满城尽带黄金甲。,200416#200426#200436#200446#200456,,,1#10000#2#10000#3#10015,200236#9#200246#9#200256#9#200266#9#200276#9#200416#1#200426#1#200436#1#200446#1#200456#1,200236#1#200246#1#200256#1#200266#1#200276#1
12007,难度7,2017#2077#2137,1,60,120,2200,80001,TileMap/tm01.jpg#TileMap/tm01a.jpg#TileMap/tm01b.jpg,1,80001,,,,待到秋来九月八，我花开后百花杀。冲天香阵透长安，满城尽带黄金甲。,200417#200427#200437#200447#200457,,,1#10000#2#10000#3#10016,200237#9#200247#9#200257#9#200267#9#200277#9#200417#1#200427#1#200437#1#200447#1#200457#1,200237#1#200247#1#200257#1#200267#1#200277#1
12008,难度8,2018#2078#2138,1,60,120,2400,80001,TileMap/tm01.jpg#TileMap/tm01a.jpg#TileMap/tm01b.jpg,1,80001,,,,待到秋来九月八，我花开后百花杀。冲天香阵透长安，满城尽带黄金甲。,200418#200428#200438#200448#200458,,,1#10000#2#10000#3#10017,200238#9#200248#9#200258#9#200268#9#200278#9#200418#1#200428#1#200438#1#200448#1#200458#1,200238#1#200248#1#200258#1#200268#1#200278#1
12009,难度9,2019#2079#2139,1,60,120,2600,80001,TileMap/tm01.jpg#TileMap/tm01a.jpg#TileMap/tm01b.jpg,1,80001,,,,待到秋来九月八，我花开后百花杀。冲天香阵透长安，满城尽带黄金甲。,200419#200429#200439#200449#200459,,,1#10000#2#10000#3#10018,200239#9#200249#9#200259#9#200269#9#200279#9#200419#1#200429#1#200439#1#200449#1#200459#1,200239#1#200249#1#200259#1#200269#1#200279#1
12010,难度10,2020#2080#2140,1,60,120,2800,80001,TileMap/tm01.jpg#TileMap/tm01a.jpg#TileMap/tm01b.jpg,1,80001,,,,待到秋来九月八，我花开后百花杀。冲天香阵透长安，满城尽带黄金甲。,200420#200430#200440#200450#200460,,,1#10000#2#10000#3#10019,200240#9#200250#9#200260#9#200270#9#200280#9#200420#1#200430#1#200440#1#200450#1#200460#1,200240#1#200250#1#200260#1#200270#1#200280#1
13001,难度1,2021#2081#2141,1,60,120,1000,80001,TileMap/tm01.jpg#TileMap/tm01a.jpg#TileMap/tm01b.jpg,1,80001,,,,半世孤寒因酒冷，堪是无情为多情。落华满径香残断，一抹夕阳照影红。,200281#200291#200301#200311#200321,,,1#10000#2#10000#3#10020,200281#1#200291#1#200301#1#200311#1#200321#1,200101#3#200111#3#200121#3#200131#3#200141#3#200281#2#200291#2#200301#2#200311#2#200321#2
13002,难度2,2022#2082#2142,1,60,120,1200,80001,TileMap/tm01.jpg#TileMap/tm01a.jpg#TileMap/tm01b.jpg,1,80001,,,,半世孤寒因酒冷，堪是无情为多情。落华满径香残断，一抹夕阳照影红。,200462#200472#200482#200492#200502,,,1#10000#2#10000#3#10021,200282#9#200292#9#200302#9#200312#9#200322#9#200462#1#200472#1#200482#1#200492#1#200502#1,200282#1#200292#1#200302#1#200312#1#200322#1
13003,难度3,2023#2083#2143,1,60,120,1400,80001,TileMap/tm01.jpg#TileMap/tm01a.jpg#TileMap/tm01b.jpg,1,80001,,,,半世孤寒因酒冷，堪是无情为多情。落华满径香残断，一抹夕阳照影红。,200463#200473#200483#200493#200503,,,1#10000#2#10000#3#10022,200283#9#200293#9#200303#9#200313#9#200323#9#200463#1#200473#1#200483#1#200493#1#200503#1,200283#1#200293#1#200303#1#200313#1#200323#1
13004,难度4,2024#2084#2144,1,60,120,1600,80001,TileMap/tm01.jpg#TileMap/tm01a.jpg#TileMap/tm01b.jpg,1,80001,,,,半世孤寒因酒冷，堪是无情为多情。落华满径香残断，一抹夕阳照影红。,200464#200474#200484#200494#200504,,,1#10000#2#10000#3#10023,200284#9#200294#9#200304#9#200314#9#200324#9#200464#1#200474#1#200484#1#200494#1#200504#1,200284#1#200294#1#200304#1#200314#1#200324#1
13005,难度5,2025#2085#2145,1,60,120,1800,80001,TileMap/tm01.jpg#TileMap/tm01a.jpg#TileMap/tm01b.jpg,1,80001,,,,半世孤寒因酒冷，堪是无情为多情。落华满径香残断，一抹夕阳照影红。,200465#200475#200485#200495#200505,,,1#10000#2#10000#3#10024,200285#9#200295#9#200305#9#200315#9#200325#9#200465#1#200475#1#200485#1#200495#1#200505#1,200285#1#200295#1#200305#1#200315#1#200325#1
13006,难度6,2026#2086#2146,1,60,120,2000,80001,TileMap/tm01.jpg#TileMap/tm01a.jpg#TileMap/tm01b.jpg,1,80001,,,,半世孤寒因酒冷，堪是无情为多情。落华满径香残断，一抹夕阳照影红。,200466#200476#200486#200496#200506,,,1#10000#2#10000#3#10025,200286#9#200296#9#200306#9#200316#9#200326#9#200466#1#200476#1#200486#1#200496#1#200506#1,200286#1#200296#1#200306#1#200316#1#200326#1
13007,难度7,2027#2087#2147,1,60,120,2200,80001,TileMap/tm01.jpg#TileMap/tm01a.jpg#TileMap/tm01b.jpg,1,80001,,,,半世孤寒因酒冷，堪是无情为多情。落华满径香残断，一抹夕阳照影红。,200467#200477#200487#200497#200507,,,1#10000#2#10000#3#10026,200287#9#200297#9#200307#9#200317#9#200327#9#200467#1#200477#1#200487#1#200497#1#200507#1,200287#1#200297#1#200307#1#200317#1#200327#1
13008,难度8,2028#2088#2148,1,60,120,2400,80001,TileMap/tm01.jpg#TileMap/tm01a.jpg#TileMap/tm01b.jpg,1,80001,,,,半世孤寒因酒冷，堪是无情为多情。落华满径香残断，一抹夕阳照影红。,200468#200478#200488#200498#200508,,,1#10000#2#10000#3#10027,200288#9#200298#9#200308#9#200318#9#200328#9#200468#1#200478#1#200488#1#200498#1#200508#1,200288#1#200298#1#200308#1#200318#1#200328#1
13009,难度9,2029#2089#2149,1,60,120,2600,80001,TileMap/tm01.jpg#TileMap/tm01a.jpg#TileMap/tm01b.jpg,1,80001,,,,半世孤寒因酒冷，堪是无情为多情。落华满径香残断，一抹夕阳照影红。,200469#200479#200489#200499#200509,,,1#10000#2#10000#3#10028,200289#9#200299#9#200309#9#200319#9#200329#9#200469#1#200479#1#200489#1#200499#1#200509#1,200289#1#200299#1#200309#1#200319#1#200329#1
13010,难度10,2030#2090#2150,1,60,120,2800,80001,TileMap/tm01.jpg#TileMap/tm01a.jpg#TileMap/tm01b.jpg,1,80001,,,,半世孤寒因酒冷，堪是无情为多情。落华满径香残断，一抹夕阳照影红。,200470#200480#200490#200500#200510,,,1#10000#2#10000#3#10029,200290#9#200300#9#200310#9#200320#9#200330#9#200470#1#200480#1#200490#1#200500#1#200510#1,200290#1#200300#1#200310#1#200320#1#200330#1
14001,难度1,2031#2091#2151,1,60,120,1000,80001,TileMap/tm01.jpg#TileMap/tm01a.jpg#TileMap/tm01b.jpg,1,80001,,,,千年叹，万古愁。谁把流年暗偷换，老了英雄，白了美人头。肝胆照，梦未老。笑语共话来时路，羽扇少年，风姿不曾少。,200331,,,1#10000#2#10000#3#10030,200331#1,200151#3#200331#2
14002,难度2,2032#2092#2152,1,60,120,1200,80001,TileMap/tm01.jpg#TileMap/tm01a.jpg#TileMap/tm01b.jpg,1,80001,,,,千年叹，万古愁。谁把流年暗偷换，老了英雄，白了美人头。肝胆照，梦未老。笑语共话来时路，羽扇少年，风姿不曾少。,200512,,,1#10000#2#10000#3#10031,200332#9#200512#1,200332#1
14003,难度3,2033#2093#2153,1,60,120,1400,80001,TileMap/tm01.jpg#TileMap/tm01a.jpg#TileMap/tm01b.jpg,1,80001,,,,千年叹，万古愁。谁把流年暗偷换，老了英雄，白了美人头。肝胆照，梦未老。笑语共话来时路，羽扇少年，风姿不曾少。,200513,,,1#10000#2#10000#3#10032,200333#9#200513#1,200333#1
14004,难度4,2034#2094#2154,1,60,120,1600,80001,TileMap/tm01.jpg#TileMap/tm01a.jpg#TileMap/tm01b.jpg,1,80001,,,,千年叹，万古愁。谁把流年暗偷换，老了英雄，白了美人头。肝胆照，梦未老。笑语共话来时路，羽扇少年，风姿不曾少。,200514,,,1#10000#2#10000#3#10033,200334#9#200514#1,200334#1
14005,难度5,2035#2095#2155,1,60,120,1800,80001,TileMap/tm01.jpg#TileMap/tm01a.jpg#TileMap/tm01b.jpg,1,80001,,,,千年叹，万古愁。谁把流年暗偷换，老了英雄，白了美人头。肝胆照，梦未老。笑语共话来时路，羽扇少年，风姿不曾少。,200515,,,1#10000#2#10000#3#10034,200335#9#200515#1,200335#1
14006,难度6,2036#2096#2156,1,60,120,2000,80001,TileMap/tm01.jpg#TileMap/tm01a.jpg#TileMap/tm01b.jpg,1,80001,,,,千年叹，万古愁。谁把流年暗偷换，老了英雄，白了美人头。肝胆照，梦未老。笑语共话来时路，羽扇少年，风姿不曾少。,200516,,,1#10000#2#10000#3#10035,200336#9#200516#1,200336#1
14007,难度7,2037#2097#2157,1,60,120,2200,80001,TileMap/tm01.jpg#TileMap/tm01a.jpg#TileMap/tm01b.jpg,1,80001,,,,千年叹，万古愁。谁把流年暗偷换，老了英雄，白了美人头。肝胆照，梦未老。笑语共话来时路，羽扇少年，风姿不曾少。,200517,,,1#10000#2#10000#3#10036,200337#9#200517#1,200337#1
14008,难度8,2038#2098#2158,1,60,120,2400,80001,TileMap/tm01.jpg#TileMap/tm01a.jpg#TileMap/tm01b.jpg,1,80001,,,,千年叹，万古愁。谁把流年暗偷换，老了英雄，白了美人头。肝胆照，梦未老。笑语共话来时路，羽扇少年，风姿不曾少。,200518,,,1#10000#2#10000#3#10037,200338#9#200518#1,200338#1
14009,难度9,2039#2099#2159,1,60,120,2600,80001,TileMap/tm01.jpg#TileMap/tm01a.jpg#TileMap/tm01b.jpg,1,80001,,,,千年叹，万古愁。谁把流年暗偷换，老了英雄，白了美人头。肝胆照，梦未老。笑语共话来时路，羽扇少年，风姿不曾少。,200519,,,1#10000#2#10000#3#10038,200339#9#200519#1,200339#1
14010,难度10,2040#2100#2160,1,60,120,2800,80001,TileMap/tm01.jpg#TileMap/tm01a.jpg#TileMap/tm01b.jpg,1,80001,,,,千年叹，万古愁。谁把流年暗偷换，老了英雄，白了美人头。肝胆照，梦未老。笑语共话来时路，羽扇少年，风姿不曾少。,200520,,,1#10000#2#10000#3#10039,200340#9#200520#1,200340#1
15001,难度1,2041#2101#2161,1,60,120,1000,80001,TileMap/tm01.jpg#TileMap/tm01a.jpg#TileMap/tm01b.jpg,1,80001,,,,月宫清冷桂团团，岁岁花开只自攀。共在人间说天上，不知天上忆人间。,200341,,,1#10000#2#10000#3#10040,200341#1,200161#3#200341#2
15002,难度2,2042#2102#2162,1,60,120,1200,80001,TileMap/tm01.jpg#TileMap/tm01a.jpg#TileMap/tm01b.jpg,1,80001,,,,月宫清冷桂团团，岁岁花开只自攀。共在人间说天上，不知天上忆人间。,200522,,,1#10000#2#10000#3#10041,200342#9#200522#1,200342#1
15003,难度3,2043#2103#2163,1,60,120,1400,80001,TileMap/tm01.jpg#TileMap/tm01a.jpg#TileMap/tm01b.jpg,1,80001,,,,月宫清冷桂团团，岁岁花开只自攀。共在人间说天上，不知天上忆人间。,200523,,,1#10000#2#10000#3#10042,200343#9#200523#1,200343#1
15004,难度4,2044#2104#2164,1,60,120,1600,80001,TileMap/tm01.jpg#TileMap/tm01a.jpg#TileMap/tm01b.jpg,1,80001,,,,月宫清冷桂团团，岁岁花开只自攀。共在人间说天上，不知天上忆人间。,200524,,,1#10000#2#10000#3#10043,200344#9#200524#1,200344#1
15005,难度5,2045#2105#2165,1,60,120,1800,80001,TileMap/tm01.jpg#TileMap/tm01a.jpg#TileMap/tm01b.jpg,1,80001,,,,月宫清冷桂团团，岁岁花开只自攀。共在人间说天上，不知天上忆人间。,200525,,,1#10000#2#10000#3#10044,200345#9#200525#1,200345#1
15006,难度6,2046#2106#2166,1,60,120,2000,80001,TileMap/tm01.jpg#TileMap/tm01a.jpg#TileMap/tm01b.jpg,1,80001,,,,月宫清冷桂团团，岁岁花开只自攀。共在人间说天上，不知天上忆人间。,200526,,,1#10000#2#10000#3#10045,200346#9#200526#1,200346#1
15007,难度7,2047#2107#2167,1,60,120,2200,80001,TileMap/tm01.jpg#TileMap/tm01a.jpg#TileMap/tm01b.jpg,1,80001,,,,月宫清冷桂团团，岁岁花开只自攀。共在人间说天上，不知天上忆人间。,200527,,,1#10000#2#10000#3#10046,200347#9#200527#1,200347#1
15008,难度8,2048#2108#2168,1,60,120,2400,80001,TileMap/tm01.jpg#TileMap/tm01a.jpg#TileMap/tm01b.jpg,1,80001,,,,月宫清冷桂团团，岁岁花开只自攀。共在人间说天上，不知天上忆人间。,200528,,,1#10000#2#10000#3#10047,200348#9#200528#1,200348#1
15009,难度9,2049#2109#2169,1,60,120,2600,80001,TileMap/tm01.jpg#TileMap/tm01a.jpg#TileMap/tm01b.jpg,1,80001,,,,月宫清冷桂团团，岁岁花开只自攀。共在人间说天上，不知天上忆人间。,200529,,,1#10000#2#10000#3#10048,200349#9#200529#1,200349#1
15010,难度10,2050#2110#2170,1,60,120,2800,80001,TileMap/tm01.jpg#TileMap/tm01a.jpg#TileMap/tm01b.jpg,1,80001,,,,月宫清冷桂团团，岁岁花开只自攀。共在人间说天上，不知天上忆人间。,200530,,,1#10000#2#10000#3#10049,200350#9#200530#1,200350#1
16001,难度1,2051#2111#2171,1,60,120,1000,80001,TileMap/tm01.jpg#TileMap/tm01a.jpg#TileMap/tm01b.jpg,1,80001,,,,伶仃九泉挂相思，寂寞百载谁曾知，三世回眸两相望，几成追忆几成痴。,200351,,,1#10000#2#10000#3#10050,200351#1,200171#3#200351#2
16002,难度2,2052#2112#2172,1,60,120,1200,80001,TileMap/tm01.jpg#TileMap/tm01a.jpg#TileMap/tm01b.jpg,1,80001,,,,伶仃九泉挂相思，寂寞百载谁曾知，三世回眸两相望，几成追忆几成痴。,200532,,,1#10000#2#10000#3#10051,200352#9#200532#1,200352#1
16003,难度3,2053#2113#2173,1,60,120,1400,80001,TileMap/tm01.jpg#TileMap/tm01a.jpg#TileMap/tm01b.jpg,1,80001,,,,伶仃九泉挂相思，寂寞百载谁曾知，三世回眸两相望，几成追忆几成痴。,200533,,,1#10000#2#10000#3#10052,200353#9#200533#1,200353#1
16004,难度4,2054#2114#2174,1,60,120,1600,80001,TileMap/tm01.jpg#TileMap/tm01a.jpg#TileMap/tm01b.jpg,1,80001,,,,伶仃九泉挂相思，寂寞百载谁曾知，三世回眸两相望，几成追忆几成痴。,200534,,,1#10000#2#10000#3#10053,200354#9#200534#1,200354#1
16005,难度5,2055#2115#2175,1,60,120,1800,80001,TileMap/tm01.jpg#TileMap/tm01a.jpg#TileMap/tm01b.jpg,1,80001,,,,伶仃九泉挂相思，寂寞百载谁曾知，三世回眸两相望，几成追忆几成痴。,200535,,,1#10000#2#10000#3#10054,200355#9#200535#1,200355#1
16006,难度6,2056#2116#2176,1,60,120,2000,80001,TileMap/tm01.jpg#TileMap/tm01a.jpg#TileMap/tm01b.jpg,1,80001,,,,伶仃九泉挂相思，寂寞百载谁曾知，三世回眸两相望，几成追忆几成痴。,200536,,,1#10000#2#10000#3#10055,200356#9#200536#1,200356#1
16007,难度7,2057#2117#2177,1,60,120,2200,80001,TileMap/tm01.jpg#TileMap/tm01a.jpg#TileMap/tm01b.jpg,1,80001,,,,伶仃九泉挂相思，寂寞百载谁曾知，三世回眸两相望，几成追忆几成痴。,200537,,,1#10000#2#10000#3#10056,200357#9#200537#1,200357#1
16008,难度8,2058#2118#2178,1,60,120,2400,80001,TileMap/tm01.jpg#TileMap/tm01a.jpg#TileMap/tm01b.jpg,1,80001,,,,伶仃九泉挂相思，寂寞百载谁曾知，三世回眸两相望，几成追忆几成痴。,200538,,,1#10000#2#10000#3#10057,200358#9#200538#1,200358#1
16009,难度9,2059#2119#2179,1,60,120,2600,80001,TileMap/tm01.jpg#TileMap/tm01a.jpg#TileMap/tm01b.jpg,1,80001,,,,伶仃九泉挂相思，寂寞百载谁曾知，三世回眸两相望，几成追忆几成痴。,200539,,,1#10000#2#10000#3#10058,200359#9#200539#1,200359#1
16010,难度10,2060#2120#2180,1,60,120,2800,80001,TileMap/tm01.jpg#TileMap/tm01a.jpg#TileMap/tm01b.jpg,1,80001,,,,伶仃九泉挂相思，寂寞百载谁曾知，三世回眸两相望，几成追忆几成痴。,200540,,,1#10000#2#10000#3#10059,200360#9#200540#1,200360#1
